n_trials,status,differential_norm,common_state_norm,differential_partial_r2,permutation_p,null_differential_norm_mean,subject,ablation,validity_label,dataset,rejection_rate,sctm_n_trials,sctm_status,sctm_differential_norm,sctm_common_state_norm,sctm_differential_partial_r2,sctm_permutation_p,sctm_null_differential_norm_mean,cross_low_to_high_within_auc,cross_low_to_high_cross_auc,cross_high_to_low_within_auc,cross_high_to_low_cross_auc,cross_status,cross_cross_state_gap,permutations,seed,latent_dimension,component
238.0,ok,0.2886043083609723,0.3283254240573665,0.0069627229950496,0.8217821782178217,0.2993000095699022,A1,primary_reject_excluded,,,,,,,,,,,,,,,,,,,,
238.0,ok,1.5255856530710454,2.002337874311805,0.0017317208578673,0.9702970297029704,1.536342744969968,A5,primary_reject_excluded,,,,,,,,,,,,,,,,,,,,
238.0,ok,1.3572293646103772,2.33601370650603,0.0018107612044914,0.9207920792079208,1.3725831703388265,A29,primary_reject_excluded,,,,,,,,,,,,,,,,,,,,
240.0,ok,1.3938615040128377,0.9414749324095282,0.0027312023455995,0.0099009900990099,1.3902344014675834,A33,primary_reject_excluded,,,,,,,,,,,,,,,,,,,,
239.0,ok,1.1720171138466604,1.926765977182185,0.0018536537341514,0.9603960396039604,1.1743403736799756,A37,primary_reject_excluded,,,,,,,,,,,,,,,,,,,,
236.0,ok,1.161080427966732,0.9796906248486816,0.0030600783082185,0.0099009900990099,0.7525951297788853,A41,primary_reject_excluded,,,,,,,,,,,,,,,,,,,,
240.0,ok,0.0504229417233335,0.1286951651597795,0.0010669859334728,0.7425742574257426,0.0527193134030366,A45,primary_reject_excluded,,,,,,,,,,,,,,,,,,,,
240.0,ok,0.5958913802238262,0.2532722019362668,0.0056249056496255,0.4356435643564356,0.5957632605106291,B69,primary_reject_excluded,,,,,,,,,,,,,,,,,,,,
238.0,ok,0.5192947473089423,1.0728501833881043,0.0012507249100148,0.7425742574257426,0.5372241595133296,B73,primary_reject_excluded,,,,,,,,,,,,,,,,,,,,
239.0,ok,0.8873675542236019,1.0631326900191684,0.0071723861480174,0.0099009900990099,0.5581151070914206,B77,primary_reject_excluded,,,,,,,,,,,,,,,,,,,,
240.0,ok,0.5603473988856662,0.6001577092912151,0.008451053924758,0.0198019801980198,0.5004128326704861,B81,primary_reject_excluded,,,,,,,,,,,,,,,,,,,,
240.0,ok,0.2136814805262463,0.0927980562799487,0.0125012373180164,0.7227722772277227,0.2181862860055216,C85,primary_reject_excluded,,,,,,,,,,,,,,,,,,,,
238.0,ok,0.4151774885155334,1.7405161121138817,0.0011276976498862,0.7227722772277227,0.4256004949681491,A2,primary_reject_excluded,,,,,,,,,,,,,,,,,,,,
238.0,ok,2.012070136165059,0.7939791213254235,0.0016050045347777,0.0099009900990099,1.989111993321298,A6,primary_reject_excluded,,,,,,,,,,,,,,,,,,,,
236.0,ok,1.5091925812221292,1.3325132552266223,0.0008999700837113,1.0,1.712340980770794,A14,primary_reject_excluded,,,,,,,,,,,,,,,,,,,,
240.0,ok,0.3158698419113821,2.439094353730953,0.0012743035199538,1.0,0.3320109840986108,A18,primary_reject_excluded,,,,,,,,,,,,,,,,,,,,
239.0,ok,0.3109435204643324,0.2796143165630981,0.0035823353620245,0.1584158415841584,0.2973279227931407,A22,primary_reject_excluded,,,,,,,,,,,,,,,,,,,,
237.0,ok,1.0599451278642644,0.5678655764528399,0.0022695344288174,0.0099009900990099,1.040382788747057,A26,primary_reject_excluded,,,,,,,,,,,,,,,,,,,,
240.0,ok,0.6939653628091961,0.8346519402723417,0.0044236016079286,0.9207920792079208,0.7026135803765696,A34,primary_reject_excluded,,,,,,,,,,,,,,,,,,,,
240.0,ok,1.5702183366584708,1.9471748744606971,0.001229552296395,0.0594059405940594,1.55453151517538,A38,primary_reject_excluded,,,,,,,,,,,,,,,,,,,,
240.0,ok,0.1014336270734178,0.1336036424045035,0.0049076294691932,0.5841584158415841,0.1047645767080075,A42,primary_reject_excluded,,,,,,,,,,,,,,,,,,,,
240.0,ok,0.1067082855596084,0.1174967600362109,0.0045520367142817,0.1782178217821782,0.1019615745931835,A50,primary_reject_excluded,,,,,,,,,,,,,,,,,,,,
240.0,ok,0.0682832668958834,0.4414491822005694,0.0052277388255936,0.5544554455445545,0.0737092731115417,A54,primary_reject_excluded,,,,,,,,,,,,,,,,,,,,
239.0,ok,0.7712492290918775,0.3205879785647335,0.0057329727671349,0.0099009900990099,0.7041976021227013,B62,primary_reject_excluded,,,,,,,,,,,,,,,,,,,,
239.0,ok,0.539721386054122,0.5173377609088088,0.0047559500380763,0.0099009900990099,0.3848068389602461,B66,primary_reject_excluded,,,,,,,,,,,,,,,,,,,,
240.0,ok,0.5258513023504474,0.8385148911863742,0.0051321959641643,0.0198019801980198,0.5004349726960787,B74,primary_reject_excluded,,,,,,,,,,,,,,,,,,,,
239.0,ok,1.3191215866876007,1.5199533478940044,0.0015718392413371,0.0396039603960396,1.2910406790863689,B78,primary_reject_excluded,,,,,,,,,,,,,,,,,,,,
240.0,ok,0.9061850322460284,0.3187557233313556,0.0022995599000251,1.0,0.9404102929456748,C82,primary_reject_excluded,,,,,,,,,,,,,,,,,,,,
240.0,ok,0.6257649526627274,1.2783204299625508,0.0033276060466916,1.0,0.692372209990092,A3,primary_reject_excluded,,,,,,,,,,,,,,,,,,,,
240.0,ok,1.171705943814688,0.371003999648195,0.0039421512698734,0.198019801980198,1.1700590028005062,A15,primary_reject_excluded,,,,,,,,,,,,,,,,,,,,
240.0,ok,0.8581640887542189,1.8371654193451252,0.0033930182837142,0.0099009900990099,0.8562401627330851,A19,primary_reject_excluded,,,,,,,,,,,,,,,,,,,,
240.0,ok,0.2371609289399502,0.7875991181722795,0.0012492464751384,0.0099009900990099,0.1782255880008111,A23,primary_reject_excluded,,,,,,,,,,,,,,,,,,,,
238.0,ok,1.4069827661374523,0.7363708052474603,0.004570704678917,0.9603960396039604,1.415049581836692,A27,primary_reject_excluded,,,,,,,,,,,,,,,,,,,,
238.0,ok,0.731611959855078,1.333096731512238,0.0019245622913137,0.0594059405940594,0.7190572377924311,A31,primary_reject_excluded,,,,,,,,,,,,,,,,,,,,
240.0,ok,1.283391836641622,2.0830844701245224,0.0024555397044191,0.0891089108910891,1.2811663095314083,A35,primary_reject_excluded,,,,,,,,,,,,,,,,,,,,
239.0,ok,0.1626861754328611,0.2572704548117011,0.0141881511272106,0.2178217821782178,0.1611973400443042,A43,primary_reject_excluded,,,,,,,,,,,,,,,,,,,,
240.0,ok,0.0574822587665174,0.2410502571466303,0.0039162352369839,0.5544554455445545,0.0641589687375535,A51,primary_reject_excluded,,,,,,,,,,,,,,,,,,,,
240.0,ok,0.1210518786429247,0.4543801049202549,0.054254627424204,0.1584158415841584,0.1119692998657186,A55,primary_reject_excluded,,,,,,,,,,,,,,,,,,,,
238.0,ok,0.5934187673611107,0.8245725382851457,0.0091256492812217,0.1386138613861386,0.5620135304850817,B63,primary_reject_excluded,,,,,,,,,,,,,,,,,,,,
239.0,ok,0.6294867083061495,0.423060392908729,0.0071178294513291,0.0099009900990099,0.3732732256584269,B67,primary_reject_excluded,,,,,,,,,,,,,,,,,,,,
237.0,ok,0.8750386415629554,1.6468110223792116,0.0036725094883744,0.9405940594059404,0.8986518549926799,B79,primary_reject_excluded,,,,,,,,,,,,,,,,,,,,
239.0,ok,0.0949792968471941,0.1436381746389103,0.0094500960288299,0.7128712871287128,0.0982448216841201,C83,primary_reject_excluded,,,,,,,,,,,,,,,,,,,,
238.0,ok,0.4996525493225778,0.3695206903836467,0.0073847514255614,0.0099009900990099,0.3746831538435083,C87,primary_reject_excluded,,,,,,,,,,,,,,,,,,,,
239.0,ok,0.4358208147740375,2.138590358658033,0.0033216870956873,0.3069306930693069,0.4317801921396823,A4,primary_reject_excluded,,,,,,,,,,,,,,,,,,,,
240.0,ok,0.5596142820103744,2.027490537195644,0.0020506452133518,0.0099009900990099,0.4728296315462097,A8,primary_reject_excluded,,,,,,,,,,,,,,,,,,,,
240.0,ok,1.070978681620708,0.628675052456826,0.0008275645384582,0.9306930693069309,1.1042065770442129,A12,primary_reject_excluded,,,,,,,,,,,,,,,,,,,,
240.0,ok,0.3839502543404415,2.1790812514571374,0.0009466255246697,0.9306930693069309,0.4142767845006709,A16,primary_reject_excluded,,,,,,,,,,,,,,,,,,,,
237.0,ok,0.4887035485081855,1.2888564451377509,0.0055255996477991,0.6237623762376238,0.490776059750003,A20,primary_reject_excluded,,,,,,,,,,,,,,,,,,,,
232.0,ok,0.4609257695913241,1.0686026662450008,0.0034854942182004,0.6039603960396039,0.4640316974102225,A40,primary_reject_excluded,,,,,,,,,,,,,,,,,,,,
240.0,ok,0.0757633308939331,0.2613535987737155,0.0068164301290946,0.7623762376237624,0.0884767482007956,A44,primary_reject_excluded,,,,,,,,,,,,,,,,,,,,
239.0,ok,0.2103476756372772,0.4517430332428642,0.017796241779585,0.4059405940594059,0.2090293754891962,A48,primary_reject_excluded,,,,,,,,,,,,,,,,,,,,
237.0,ok,0.1251927861467399,0.1958726179225089,0.0043788745484094,0.6138613861386139,0.1275880058403024,A52,primary_reject_excluded,,,,,,,,,,,,,,,,,,,,
240.0,ok,0.1492060945155654,0.4860317035808051,0.0392860430543072,0.0891089108910891,0.1246678287829046,A56,primary_reject_excluded,,,,,,,,,,,,,,,,,,,,
240.0,ok,0.0661499753944174,0.245854528417005,0.0063745573355485,0.4356435643564356,0.0676076014116635,A60,primary_reject_excluded,,,,,,,,,,,,,,,,,,,,
238.0,ok,0.3792593311281419,0.7834046451829937,0.0037426854359249,0.3762376237623762,0.3771023692280605,B64,primary_reject_excluded,,,,,,,,,,,,,,,,,,,,
239.0,ok,0.5123142671278129,1.4830189928262387,0.0027073113392956,0.0198019801980198,0.4705477567176366,B68,primary_reject_excluded,,,,,,,,,,,,,,,,,,,,
240.0,ok,0.1824084066949849,0.3393239446970946,0.0020491402062767,0.6633663366336634,0.1939408402953052,B80,primary_reject_excluded,,,,,,,,,,,,,,,,,,,,
240.0,ok,0.2883243018768334,0.3019009531372573,0.0060340181036511,0.7821782178217822,0.2998011599761336,A1,include_artifact_flagged_trials,,,,,,,,,,,,,,,,,,,,
240.0,ok,1.455732473004147,2.032465162409177,0.0017955699239906,0.9801980198019802,1.4659707863449882,A5,include_artifact_flagged_trials,,,,,,,,,,,,,,,,,,,,
240.0,ok,1.4139411623717697,2.395828785188228,0.0019334929343207,0.801980198019802,1.420928145830795,A29,include_artifact_flagged_trials,,,,,,,,,,,,,,,,,,,,
240.0,ok,1.3938615040128377,0.9414749324095282,0.0027312023455995,0.0099009900990099,1.3900027327628808,A33,include_artifact_flagged_trials,,,,,,,,,,,,,,,,,,,,
240.0,ok,1.1708108339852354,1.9261816907001,0.0017989477600993,0.9801980198019802,1.1733388782247138,A37,include_artifact_flagged_trials,,,,,,,,,,,,,,,,,,,,
240.0,ok,1.1473005709482824,0.995717122033586,0.0032515948465763,0.0099009900990099,0.7513208367143666,A41,include_artifact_flagged_trials,,,,,,,,,,,,,,,,,,,,
240.0,ok,0.0504229417233335,0.1286951651597795,0.0010669859334728,0.7524752475247525,0.0527428142348086,A45,include_artifact_flagged_trials,,,,,,,,,,,,,,,,,,,,
240.0,ok,0.5958913802238262,0.2532722019362668,0.0056249056496255,0.495049504950495,0.5962723290976699,B69,include_artifact_flagged_trials,,,,,,,,,,,,,,,,,,,,
240.0,ok,0.5131215859120687,1.0837875035670963,0.0023870455939045,0.7722772277227723,0.5349371227534327,B73,include_artifact_flagged_trials,,,,,,,,,,,,,,,,,,,,
240.0,ok,0.8813569092734064,1.0657053175949378,0.0071021503272614,0.0099009900990099,0.5553434815578108,B77,include_artifact_flagged_trials,,,,,,,,,,,,,,,,,,,,
240.0,ok,0.5603473988856662,0.6001577092912151,0.008451053924758,0.0495049504950495,0.5015177130108529,B81,include_artifact_flagged_trials,,,,,,,,,,,,,,,,,,,,
240.0,ok,0.2136814805262463,0.0927980562799487,0.0125012373180164,0.6732673267326733,0.218958729063351,C85,include_artifact_flagged_trials,,,,,,,,,,,,,,,,,,,,
240.0,ok,0.4123579193458344,1.734894680137243,0.0011699781408129,0.8910891089108911,0.4320062632839681,A2,include_artifact_flagged_trials,,,,,,,,,,,,,,,,,,,,
240.0,ok,1.980028125309844,0.7919989997949721,0.0016996641121261,0.0099009900990099,1.9561195157534128,A6,include_artifact_flagged_trials,,,,,,,,,,,,,,,,,,,,
240.0,ok,1.4248568088178666,1.392120693456452,0.0009595620827723,1.0,1.640127266710739,A14,include_artifact_flagged_trials,,,,,,,,,,,,,,,,,,,,
240.0,ok,0.3158698419113821,2.439094353730953,0.0012743035199538,1.0,0.3319011973898529,A18,include_artifact_flagged_trials,,,,,,,,,,,,,,,,,,,,
240.0,ok,0.2987087853283021,0.2795864956212687,0.0034432425433978,0.1386138613861386,0.2847165590893288,A22,include_artifact_flagged_trials,,,,,,,,,,,,,,,,,,,,
240.0,ok,1.0328795746685508,0.5547516938732117,0.0022078935127175,0.0099009900990099,1.0136651458881478,A26,include_artifact_flagged_trials,,,,,,,,,,,,,,,,,,,,
240.0,ok,0.6939653628091961,0.8346519402723417,0.0044236016079286,0.8712871287128713,0.7024017860917869,A34,include_artifact_flagged_trials,,,,,,,,,,,,,,,,,,,,
240.0,ok,1.5702183366584708,1.9471748744606971,0.001229552296395,0.0198019801980198,1.553009343435537,A38,include_artifact_flagged_trials,,,,,,,,,,,,,,,,,,,,
240.0,ok,0.1014336270734178,0.1336036424045035,0.0049076294691932,0.5742574257425742,0.1047339174778227,A42,include_artifact_flagged_trials,,,,,,,,,,,,,,,,,,,,
240.0,ok,0.1067082855596084,0.1174967600362109,0.0045520367142817,0.2178217821782178,0.1025891070287736,A50,include_artifact_flagged_trials,,,,,,,,,,,,,,,,,,,,
240.0,ok,0.0682832668958834,0.4414491822005694,0.0052277388255936,0.5148514851485149,0.075985542445375,A54,include_artifact_flagged_trials,,,,,,,,,,,,,,,,,,,,
240.0,ok,0.7687112619776827,0.3223895590020266,0.0057801358903036,0.0099009900990099,0.7033412808515759,B62,include_artifact_flagged_trials,,,,,,,,,,,,,,,,,,,,
240.0,ok,0.5144047414953963,0.5291494537844142,0.0055974473188108,0.0099009900990099,0.3844191441550365,B66,include_artifact_flagged_trials,,,,,,,,,,,,,,,,,,,,
240.0,ok,0.5258513023504474,0.8385148911863742,0.0051321959641643,0.0198019801980198,0.4997278019754024,B74,include_artifact_flagged_trials,,,,,,,,,,,,,,,,,,,,
240.0,ok,1.3119338640078335,1.539896063043115,0.0015165609201294,0.0297029702970297,1.283069984362961,B78,include_artifact_flagged_trials,,,,,,,,,,,,,,,,,,,,
240.0,ok,0.9061850322460284,0.3187557233313556,0.0022995599000251,1.0,0.9380064889480484,C82,include_artifact_flagged_trials,,,,,,,,,,,,,,,,,,,,
240.0,ok,0.6257649526627274,1.2783204299625508,0.0033276060466916,1.0,0.6939047607145031,A3,include_artifact_flagged_trials,,,,,,,,,,,,,,,,,,,,
240.0,ok,1.171705943814688,0.371003999648195,0.0039421512698734,0.3069306930693069,1.1706925059643338,A15,include_artifact_flagged_trials,,,,,,,,,,,,,,,,,,,,
240.0,ok,0.8581640887542189,1.8371654193451252,0.0033930182837142,0.0099009900990099,0.8562722819107417,A19,include_artifact_flagged_trials,,,,,,,,,,,,,,,,,,,,
240.0,ok,0.2371609289399502,0.7875991181722795,0.0012492464751384,0.0099009900990099,0.1758676709478657,A23,include_artifact_flagged_trials,,,,,,,,,,,,,,,,,,,,
240.0,ok,1.4094496792854518,0.7298557661790953,0.0046286981122193,0.9801980198019802,1.4182259862404976,A27,include_artifact_flagged_trials,,,,,,,,,,,,,,,,,,,,
240.0,ok,0.7545879049362804,1.3231544528779176,0.0017964273383136,0.0495049504950495,0.7410260439267011,A31,include_artifact_flagged_trials,,,,,,,,,,,,,,,,,,,,
240.0,ok,1.283391836641622,2.0830844701245224,0.0024555397044191,0.0891089108910891,1.2810559664973475,A35,include_artifact_flagged_trials,,,,,,,,,,,,,,,,,,,,
240.0,ok,0.1670085944328964,0.2618726366801227,0.0138987372334582,0.2574257425742574,0.1666182689170804,A43,include_artifact_flagged_trials,,,,,,,,,,,,,,,,,,,,
240.0,ok,0.0574822587665174,0.2410502571466303,0.0039162352369839,0.594059405940594,0.0652465433508897,A51,include_artifact_flagged_trials,,,,,,,,,,,,,,,,,,,,
240.0,ok,0.1210518786429247,0.4543801049202549,0.054254627424204,0.1287128712871287,0.1109308596739729,A55,include_artifact_flagged_trials,,,,,,,,,,,,,,,,,,,,
240.0,ok,0.605034151697706,0.8661869811707943,0.0087265908352108,0.0297029702970297,0.5324875838166934,B63,include_artifact_flagged_trials,,,,,,,,,,,,,,,,,,,,
240.0,ok,0.6541633395075618,0.4249262380367515,0.0070611495515952,0.0099009900990099,0.3706094790266697,B67,include_artifact_flagged_trials,,,,,,,,,,,,,,,,,,,,
240.0,ok,0.8646655047457406,1.6606762726910202,0.0048166526746245,0.9504950495049505,0.8890301233743837,B79,include_artifact_flagged_trials,,,,,,,,,,,,,,,,,,,,
240.0,ok,0.0910352417182632,0.1439886311013762,0.0090223040568669,0.7128712871287128,0.0951814128527431,C83,include_artifact_flagged_trials,,,,,,,,,,,,,,,,,,,,
240.0,ok,0.5191194942369526,0.3404976208687127,0.0070408846171898,0.0099009900990099,0.4027235862397875,C87,include_artifact_flagged_trials,,,,,,,,,,,,,,,,,,,,
240.0,ok,0.4326269539933431,2.186414474566591,0.0030913864840352,0.4554455445544554,0.4337810325344661,A4,include_artifact_flagged_trials,,,,,,,,,,,,,,,,,,,,
240.0,ok,0.5596142820103744,2.027490537195644,0.0020506452133518,0.0099009900990099,0.474177038615019,A8,include_artifact_flagged_trials,,,,,,,,,,,,,,,,,,,,
240.0,ok,1.070978681620708,0.628675052456826,0.0008275645384582,0.9306930693069309,1.1037635083347217,A12,include_artifact_flagged_trials,,,,,,,,,,,,,,,,,,,,
240.0,ok,0.3839502543404415,2.1790812514571374,0.0009466255246697,0.9207920792079208,0.4127549282358801,A16,include_artifact_flagged_trials,,,,,,,,,,,,,,,,,,,,
240.0,ok,0.7457512634281228,0.939518740263966,0.0047024817874347,0.3267326732673267,0.7454368085572205,A20,include_artifact_flagged_trials,,,,,,,,,,,,,,,,,,,,
232.0,ok,0.4609257695913241,1.0686026662450008,0.0034854942182004,0.6732673267326733,0.4659374393493108,A40,include_artifact_flagged_trials,,,,,,,,,,,,,,,,,,,,
240.0,ok,0.0757633308939331,0.2613535987737155,0.0068164301290946,0.7326732673267327,0.0873142259559441,A44,include_artifact_flagged_trials,,,,,,,,,,,,,,,,,,,,
240.0,ok,0.2161729586605573,0.4527938889961017,0.0171097962104875,0.3663366336633663,0.2041049621148409,A48,include_artifact_flagged_trials,,,,,,,,,,,,,,,,,,,,
240.0,ok,0.1135548593269696,0.1964465001986343,0.0043724718376059,0.7227722772277227,0.1168535968606372,A52,include_artifact_flagged_trials,,,,,,,,,,,,,,,,,,,,
240.0,ok,0.1492060945155654,0.4860317035808051,0.0392860430543072,0.0693069306930693,0.122744403412143,A56,include_artifact_flagged_trials,,,,,,,,,,,,,,,,,,,,
240.0,ok,0.0661499753944174,0.245854528417005,0.0063745573355485,0.4257425742574257,0.0677766381242892,A60,include_artifact_flagged_trials,,,,,,,,,,,,,,,,,,,,
240.0,ok,0.3685410216615734,0.7904207738555197,0.0029087602003308,0.7227722772277227,0.3745940497873869,B64,include_artifact_flagged_trials,,,,,,,,,,,,,,,,,,,,
240.0,ok,0.5148930532936189,1.487940800099902,0.0026117128419737,0.0198019801980198,0.4674282399230082,B68,include_artifact_flagged_trials,,,,,,,,,,,,,,,,,,,,
240.0,ok,0.1824084066949849,0.3393239446970946,0.0020491402062767,0.6633663366336634,0.1953658550835112,B80,include_artifact_flagged_trials,,,,,,,,,,,,,,,,,,,,
78.0,ok,0.3742064961808563,0.4122288115983101,0.0324906178030315,0.0099009900990099,0.2602529692803418,A1,open_loop_R1_R2,,,,,,,,,,,,,,,,,,,,
79.0,ok,0.1854421025300814,0.4103479606847012,0.0212659729918848,0.5643564356435643,0.1900286128183335,A5,open_loop_R1_R2,,,,,,,,,,,,,,,,,,,,
78.0,ok,0.4148721728295862,0.2416015564116807,0.0103375425528304,0.0297029702970297,0.3811607859061707,A29,open_loop_R1_R2,,,,,,,,,,,,,,,,,,,,
80.0,ok,0.2588208623682835,0.1381075979473416,0.0096881444613239,0.4752475247524752,0.2597405789113218,A33,open_loop_R1_R2,,,,,,,,,,,,,,,,,,,,
80.0,ok,0.1633549121131491,0.1238263722390687,0.0116657972521224,0.3069306930693069,0.154346641726838,A37,open_loop_R1_R2,,,,,,,,,,,,,,,,,,,,
79.0,ok,0.1778887865683023,0.2975170134657393,0.0098276045410954,0.5544554455445545,0.1817385728369105,A41,open_loop_R1_R2,,,,,,,,,,,,,,,,,,,,
80.0,ok,0.0774204562386218,0.2379329032599106,0.0184990274761771,0.0693069306930693,0.0600289255807647,A45,open_loop_R1_R2,,,,,,,,,,,,,,,,,,,,
80.0,ok,0.2959732211139302,0.2647054329601305,0.0132124305748853,0.4851485148514851,0.2975586583762655,B69,open_loop_R1_R2,,,,,,,,,,,,,,,,,,,,
80.0,ok,0.4026441585329779,0.1679630334280443,0.0116144368849133,0.6336633663366337,0.4064093206482116,B73,open_loop_R1_R2,,,,,,,,,,,,,,,,,,,,
79.0,ok,0.1463681657799707,0.1583482245141542,0.0112152012249222,0.2475247524752475,0.1414021726863402,B77,open_loop_R1_R2,,,,,,,,,,,,,,,,,,,,
80.0,ok,0.2057639951164803,0.0932814211926287,0.012486390824305,0.1683168316831683,0.1943464896957193,B81,open_loop_R1_R2,,,,,,,,,,,,,,,,,,,,
80.0,ok,0.2328750671079628,0.3475354668987864,0.0123432280616668,0.8613861386138614,0.2437530093191519,C85,open_loop_R1_R2,,,,,,,,,,,,,,,,,,,,
78.0,ok,0.2369070588789605,0.3330883339237381,0.0059113322918525,0.9504950495049505,0.2495781117966588,A2,open_loop_R1_R2,,,,,,,,,,,,,,,,,,,,
80.0,ok,0.2016279576832629,0.193386519590711,0.0101901959130722,0.9405940594059404,0.2226099374172534,A6,open_loop_R1_R2,,,,,,,,,,,,,,,,,,,,
77.0,ok,0.1463278953277351,0.3330056233408304,0.0115849318929275,0.0198019801980198,0.1049209673812854,A14,open_loop_R1_R2,,,,,,,,,,,,,,,,,,,,
80.0,ok,0.2184297871617171,0.2413243624358281,0.0093690044688383,0.9108910891089108,0.2332920929846155,A18,open_loop_R1_R2,,,,,,,,,,,,,,,,,,,,
80.0,ok,0.1674198265083966,0.47843779974611,0.0115639743370058,0.7722772277227723,0.173933083649113,A22,open_loop_R1_R2,,,,,,,,,,,,,,,,,,,,
77.0,ok,0.2816691119543185,0.1696566799613578,0.0127719027165491,0.0594059405940594,0.260733727494028,A26,open_loop_R1_R2,,,,,,,,,,,,,,,,,,,,
80.0,ok,0.2243462664535825,0.3433847930544014,0.0102312318397138,0.8613861386138614,0.2356605023212729,A34,open_loop_R1_R2,,,,,,,,,,,,,,,,,,,,
80.0,ok,0.155737075131323,0.1424716485281357,0.006852369970735,0.693069306930693,0.1611845037431263,A38,open_loop_R1_R2,,,,,,,,,,,,,,,,,,,,
80.0,ok,0.1723954359198284,0.1704118726887359,0.0131402178411776,1.0,0.1896241836863423,A42,open_loop_R1_R2,,,,,,,,,,,,,,,,,,,,
80.0,ok,0.1752281952253437,0.263487600793501,0.0129217152987828,0.1485148514851485,0.1599594802226095,A50,open_loop_R1_R2,,,,,,,,,,,,,,,,,,,,
80.0,ok,0.1052303461387726,0.2069501816866813,0.0138710262730662,0.7029702970297029,0.1205104173831769,A54,open_loop_R1_R2,,,,,,,,,,,,,,,,,,,,
80.0,ok,0.5306778735315062,0.4554627376164064,0.0134338586321075,0.2376237623762376,0.5275297066101754,B62,open_loop_R1_R2,,,,,,,,,,,,,,,,,,,,
80.0,ok,0.2083344866047653,0.2779365181803057,0.0103160321037524,0.6534653465346535,0.2118897735527601,B66,open_loop_R1_R2,,,,,,,,,,,,,,,,,,,,
80.0,ok,0.2787836351768476,0.4371067201157896,0.0153021924503616,0.0099009900990099,0.2121563520604428,B74,open_loop_R1_R2,,,,,,,,,,,,,,,,,,,,
80.0,ok,0.2311236360847581,0.3660489000863097,0.0060350080519612,0.297029702970297,0.2267087165718599,B78,open_loop_R1_R2,,,,,,,,,,,,,,,,,,,,
80.0,ok,0.2705929064004387,0.3973176347277863,0.0105359891756551,0.0099009900990099,0.155290513322358,C82,open_loop_R1_R2,,,,,,,,,,,,,,,,,,,,
80.0,ok,0.1494004817076096,0.1409702938361676,0.0088138396416682,0.7623762376237624,0.1590651649362494,A3,open_loop_R1_R2,,,,,,,,,,,,,,,,,,,,
80.0,ok,0.2031572449384988,0.3155970649560278,0.0126124917268458,0.6435643564356436,0.2104468480768037,A15,open_loop_R1_R2,,,,,,,,,,,,,,,,,,,,
80.0,ok,0.2105583889806694,0.2235741668465933,0.0149713540533572,0.9603960396039604,0.2194132977783512,A19,open_loop_R1_R2,,,,,,,,,,,,,,,,,,,,
80.0,ok,0.0250172282993996,0.2768549408438391,0.0076336725121728,1.0,0.060331843895956,A23,open_loop_R1_R2,,,,,,,,,,,,,,,,,,,,
80.0,ok,0.1987064515796736,0.2873974639362736,0.0182462988591699,0.0099009900990099,0.1355946999902002,A27,open_loop_R1_R2,,,,,,,,,,,,,,,,,,,,
80.0,ok,0.1691401870133419,0.267115803108485,0.0106444501833518,0.8613861386138614,0.1817987969092349,A31,open_loop_R1_R2,,,,,,,,,,,,,,,,,,,,
80.0,ok,0.5188170757569978,0.4275981932058779,0.0084131518937987,0.0396039603960396,0.4982786824851092,A35,open_loop_R1_R2,,,,,,,,,,,,,,,,,,,,
79.0,ok,0.383022713616069,0.2365083849820506,0.0149019303525104,0.0297029702970297,0.3515427595715069,A43,open_loop_R1_R2,,,,,,,,,,,,,,,,,,,,
80.0,ok,0.1779315942685899,0.3134138534381778,0.0119303775620961,0.1485148514851485,0.1480713474211054,A51,open_loop_R1_R2,,,,,,,,,,,,,,,,,,,,
80.0,ok,0.2763208354507425,0.4743017209651222,0.0155986728366465,0.1287128712871287,0.2620822198014714,A55,open_loop_R1_R2,,,,,,,,,,,,,,,,,,,,
79.0,ok,0.3381192600970134,0.4904816876522489,0.0181701361271768,0.198019801980198,0.3316581598518324,B63,open_loop_R1_R2,,,,,,,,,,,,,,,,,,,,
79.0,ok,0.1707396094269641,0.3473023352645457,0.0116236600541222,0.7029702970297029,0.1806035790850765,B67,open_loop_R1_R2,,,,,,,,,,,,,,,,,,,,
77.0,ok,0.5780705436659206,0.3590268442394564,0.0175208612920847,0.5346534653465347,0.5796587087181022,B79,open_loop_R1_R2,,,,,,,,,,,,,,,,,,,,
79.0,ok,0.1797185218824662,0.3457020763463099,0.0124486821981375,1.0,0.199435632749346,C83,open_loop_R1_R2,,,,,,,,,,,,,,,,,,,,
78.0,ok,0.3933644007626145,0.4506401198988561,0.0113933526432453,0.3663366336633663,0.3924903595076759,C87,open_loop_R1_R2,,,,,,,,,,,,,,,,,,,,
80.0,ok,0.2816284014249781,0.7149935086725556,0.0040643826538216,0.4059405940594059,0.2781827722662821,A4,open_loop_R1_R2,,,,,,,,,,,,,,,,,,,,
80.0,ok,0.1981772430526699,0.3225649037884707,0.0112822881914388,0.0792079207920792,0.1689402819426841,A8,open_loop_R1_R2,,,,,,,,,,,,,,,,,,,,
80.0,ok,0.2244693649168644,0.4096476145186374,0.0091383523079489,0.0495049504950495,0.1854247652851116,A12,open_loop_R1_R2,,,,,,,,,,,,,,,,,,,,
80.0,ok,0.1456876308303857,0.1764960314526088,0.0089647880349225,0.0792079207920792,0.1058568631045131,A16,open_loop_R1_R2,,,,,,,,,,,,,,,,,,,,
79.0,ok,0.3975943307537687,0.2115261389311238,0.008053908228896,1.0,0.4176492910536056,A20,open_loop_R1_R2,,,,,,,,,,,,,,,,,,,,
80.0,ok,0.1200253424669861,0.3330071561198558,0.0123897997138818,0.8811881188118812,0.1359453167848174,A40,open_loop_R1_R2,,,,,,,,,,,,,,,,,,,,
80.0,ok,0.1154382317196477,0.2733135476981342,0.0120461082059981,0.594059405940594,0.1238353547229556,A44,open_loop_R1_R2,,,,,,,,,,,,,,,,,,,,
79.0,ok,0.3947971535817089,0.3737114779262748,0.0129195040022072,0.0198019801980198,0.3609342251515406,A48,open_loop_R1_R2,,,,,,,,,,,,,,,,,,,,
77.0,ok,0.2191499858960671,0.2862430324003113,0.0125749741579272,0.8613861386138614,0.2311429308569021,A52,open_loop_R1_R2,,,,,,,,,,,,,,,,,,,,
80.0,ok,0.1082132234282292,0.3212922436818936,0.0116090098874005,0.5742574257425742,0.1223215400256137,A56,open_loop_R1_R2,,,,,,,,,,,,,,,,,,,,
80.0,ok,0.1264977004014479,0.1459405448660201,0.0148524157912629,0.1287128712871287,0.1004359466788753,A60,open_loop_R1_R2,,,,,,,,,,,,,,,,,,,,
80.0,ok,0.1169261358316773,0.3944082144936669,0.0124963255525235,0.7524752475247525,0.140693625818882,B64,open_loop_R1_R2,,,,,,,,,,,,,,,,,,,,
80.0,ok,0.2543816197354586,0.5437166207477151,0.013426308687735,0.2079207920792079,0.2366544460727824,B68,open_loop_R1_R2,,,,,,,,,,,,,,,,,,,,
80.0,ok,0.1154399922342065,0.3423651367506403,0.0090315513271518,0.3762376237623762,0.1048629507449544,B80,open_loop_R1_R2,,,,,,,,,,,,,,,,,,,,
238.0,ok,0.2943698677369734,0.371085053812983,0.002506247010531,0.5544554455445545,0.2985988606081272,A1,circular_sensorimotor_idle_proxy,,,,,,,,,,,,,,,,,,,,
238.0,ok,1.5035214676581985,1.938440075187046,0.0015398651717856,0.5544554455445545,1.505494804009213,A5,circular_sensorimotor_idle_proxy,,,,,,,,,,,,,,,,,,,,
238.0,ok,1.3341526385191618,2.329673122201777,0.0024685098465092,0.4158415841584158,1.3333778284816156,A29,circular_sensorimotor_idle_proxy,,,,,,,,,,,,,,,,,,,,
240.0,ok,1.3723735887246546,0.8731199658118424,0.0027248353541891,0.7425742574257426,1.3728586883544842,A33,circular_sensorimotor_idle_proxy,,,,,,,,,,,,,,,,,,,,
239.0,ok,1.1809140189284393,1.8822253167912035,0.0016231655162584,0.0693069306930693,1.1794541169566777,A37,circular_sensorimotor_idle_proxy,,,,,,,,,,,,,,,,,,,,
236.0,ok,0.6292209238151397,0.984856406110164,0.002106619798853,0.3366336633663366,0.6282745994786767,A41,circular_sensorimotor_idle_proxy,,,,,,,,,,,,,,,,,,,,
240.0,ok,0.0508482227432548,0.1094760633570969,0.0009579157494866,0.9603960396039604,0.0519709748200959,A45,circular_sensorimotor_idle_proxy,,,,,,,,,,,,,,,,,,,,
240.0,ok,0.6092469644991263,0.18104816279431,0.0040857554068501,0.2178217821782178,0.6020321325751592,B69,circular_sensorimotor_idle_proxy,,,,,,,,,,,,,,,,,,,,
238.0,ok,0.4969931944045453,0.9999538605881432,0.009075158598261,0.0198019801980198,0.4329978551168022,B73,circular_sensorimotor_idle_proxy,,,,,,,,,,,,,,,,,,,,
239.0,ok,0.5256174622309945,0.6940184391295466,0.0020166639129752,0.5247524752475248,0.5299247951287702,B77,circular_sensorimotor_idle_proxy,,,,,,,,,,,,,,,,,,,,
240.0,ok,0.5514830341265037,0.4029739539708183,0.007233158034987,0.504950495049505,0.5599207898598665,B81,circular_sensorimotor_idle_proxy,,,,,,,,,,,,,,,,,,,,
240.0,ok,0.2225336945278794,0.0916766863547747,0.0130663666753196,0.099009900990099,0.2189503024031439,C85,circular_sensorimotor_idle_proxy,,,,,,,,,,,,,,,,,,,,
238.0,ok,0.4833647326561361,1.781258882445503,0.0015602605944227,0.3861386138613861,0.4770689190720418,A2,circular_sensorimotor_idle_proxy,,,,,,,,,,,,,,,,,,,,
238.0,ok,1.9619417848167264,0.7969355755447756,0.0014179124998007,0.6336633663366337,1.9639160729579768,A6,circular_sensorimotor_idle_proxy,,,,,,,,,,,,,,,,,,,,
236.0,ok,1.3964063979131125,1.206744245149849,0.0009724309484909,0.1782178217821782,1.3916714795279927,A14,circular_sensorimotor_idle_proxy,,,,,,,,,,,,,,,,,,,,
240.0,ok,0.3138689743965679,2.473270947994925,0.0012834723395909,0.198019801980198,0.3135353514086432,A18,circular_sensorimotor_idle_proxy,,,,,,,,,,,,,,,,,,,,
239.0,ok,0.2905831696659769,0.281719952146935,0.0037507616050065,0.5445544554455446,0.296642116217326,A22,circular_sensorimotor_idle_proxy,,,,,,,,,,,,,,,,,,,,
237.0,ok,1.0462355422027485,0.5664921514155932,0.0021567833958613,0.0099009900990099,1.0400080458156389,A26,circular_sensorimotor_idle_proxy,,,,,,,,,,,,,,,,,,,,
240.0,ok,0.7413373855807913,0.8292033366640233,0.0043107597411617,0.0396039603960396,0.7185736285869847,A34,circular_sensorimotor_idle_proxy,,,,,,,,,,,,,,,,,,,,
240.0,ok,1.4954953481889028,1.9639851832094228,0.0010897370665711,0.0693069306930693,1.4861619768639176,A38,circular_sensorimotor_idle_proxy,,,,,,,,,,,,,,,,,,,,
240.0,ok,0.1037745634006156,0.1273459426110696,0.0044338862748813,0.2772277227722772,0.1023572842763,A42,circular_sensorimotor_idle_proxy,,,,,,,,,,,,,,,,,,,,
240.0,ok,0.0997319552958715,0.1189972549700676,0.004556862259642,0.0099009900990099,0.0973392661161508,A50,circular_sensorimotor_idle_proxy,,,,,,,,,,,,,,,,,,,,
240.0,ok,0.0732289398630007,0.423940778149784,0.0054340912665279,0.495049504950495,0.0733991731741194,A54,circular_sensorimotor_idle_proxy,,,,,,,,,,,,,,,,,,,,
239.0,ok,0.7194552063092207,0.3520788959042423,0.004303652211704,0.4653465346534653,0.7203394189478413,B62,circular_sensorimotor_idle_proxy,,,,,,,,,,,,,,,,,,,,
239.0,ok,0.4174147590806461,0.5401748829092464,0.003061816798711,0.1386138613861386,0.4017736918478006,B66,circular_sensorimotor_idle_proxy,,,,,,,,,,,,,,,,,,,,
240.0,ok,0.4768865191958768,0.360350458205788,0.0048534954808345,0.2871287128712871,0.4748698646152695,B74,circular_sensorimotor_idle_proxy,,,,,,,,,,,,,,,,,,,,
239.0,ok,1.2895021218319238,1.5367741075744972,0.0006090474386954,0.7821782178217822,1.3041656190369288,B78,circular_sensorimotor_idle_proxy,,,,,,,,,,,,,,,,,,,,
240.0,ok,0.9229353432422528,0.322806060985693,0.0017237936045779,0.099009900990099,0.9146634564822328,C82,circular_sensorimotor_idle_proxy,,,,,,,,,,,,,,,,,,,,
240.0,ok,0.5678926380994087,1.240782061748403,0.0033143859192429,0.2079207920792079,0.5544370302268015,A3,circular_sensorimotor_idle_proxy,,,,,,,,,,,,,,,,,,,,
240.0,ok,1.2398421863024924,0.3428909728694682,0.0038881294048541,0.9108910891089108,1.2530341348547498,A15,circular_sensorimotor_idle_proxy,,,,,,,,,,,,,,,,,,,,
240.0,ok,0.8580018019143973,1.8455967681964525,0.0035657880702479,0.2079207920792079,0.8576516648349457,A19,circular_sensorimotor_idle_proxy,,,,,,,,,,,,,,,,,,,,
240.0,ok,0.1707966615578637,0.7827284732855997,0.0012999740066934,0.8514851485148515,0.17911466685501,A23,circular_sensorimotor_idle_proxy,,,,,,,,,,,,,,,,,,,,
238.0,ok,1.3994724043052773,0.6972158229535675,0.0041170572642528,0.2277227722772277,1.397516423654262,A27,circular_sensorimotor_idle_proxy,,,,,,,,,,,,,,,,,,,,
238.0,ok,0.7290941903475752,1.3402354669741066,0.0019998458236724,0.0099009900990099,0.7054611289799333,A31,circular_sensorimotor_idle_proxy,,,,,,,,,,,,,,,,,,,,
240.0,ok,1.2798070744937298,2.056371257282116,0.0025962149250766,0.9306930693069309,1.282877595458075,A35,circular_sensorimotor_idle_proxy,,,,,,,,,,,,,,,,,,,,
239.0,ok,0.1593083098533346,0.2316827384368837,0.0132222567682985,0.4653465346534653,0.1593763958499841,A43,circular_sensorimotor_idle_proxy,,,,,,,,,,,,,,,,,,,,
240.0,ok,0.0530854161200052,0.1518559877364849,0.004129883089905,0.5544554455445545,0.0543562000125642,A51,circular_sensorimotor_idle_proxy,,,,,,,,,,,,,,,,,,,,
240.0,ok,0.1121415745847144,0.453609957777129,0.0582961036273153,0.1386138613861386,0.1088237904078863,A55,circular_sensorimotor_idle_proxy,,,,,,,,,,,,,,,,,,,,
238.0,ok,0.5140359857146157,0.65157021526709,0.0028633587437753,0.4158415841584158,0.5211934593340652,B63,circular_sensorimotor_idle_proxy,,,,,,,,,,,,,,,,,,,,
239.0,ok,0.3744673698672304,0.3057654042509709,0.0021004391123023,0.6336633663366337,0.3814086313542807,B67,circular_sensorimotor_idle_proxy,,,,,,,,,,,,,,,,,,,,
237.0,ok,0.8883323738359743,1.6459029350319838,0.0012843041433537,0.3663366336633663,0.8856355132362056,B79,circular_sensorimotor_idle_proxy,,,,,,,,,,,,,,,,,,,,
239.0,ok,0.0940531591081155,0.1280928878439877,0.0091219672024682,0.9504950495049505,0.0947237182295174,C83,circular_sensorimotor_idle_proxy,,,,,,,,,,,,,,,,,,,,
238.0,ok,0.396571951106692,0.3765158922332013,0.0023338681587283,0.9108910891089108,0.4050553345350551,C87,circular_sensorimotor_idle_proxy,,,,,,,,,,,,,,,,,,,,
239.0,ok,0.4151770514902501,2.0018949877424874,0.0031822872844351,0.6534653465346535,0.4166621271643413,A4,circular_sensorimotor_idle_proxy,,,,,,,,,,,,,,,,,,,,
240.0,ok,0.4887638950970824,2.077605279208756,0.0019763792493485,0.3861386138613861,0.4879062537068662,A8,circular_sensorimotor_idle_proxy,,,,,,,,,,,,,,,,,,,,
240.0,ok,1.1339698647140584,0.9802527024805836,0.0008863006049026,0.9108910891089108,1.147061623023241,A12,circular_sensorimotor_idle_proxy,,,,,,,,,,,,,,,,,,,,
240.0,ok,0.2020459261337129,2.140933760777349,0.0009300599670029,0.4158415841584158,0.2001807858451633,A16,circular_sensorimotor_idle_proxy,,,,,,,,,,,,,,,,,,,,
237.0,ok,0.4966417080802404,1.2827465850148665,0.0058985748490815,0.8712871287128713,0.5109553906656487,A20,circular_sensorimotor_idle_proxy,,,,,,,,,,,,,,,,,,,,
232.0,ok,0.4457197648218907,1.0042898754157497,0.0035357477261485,0.3366336633663366,0.4455803399358486,A40,circular_sensorimotor_idle_proxy,,,,,,,,,,,,,,,,,,,,
240.0,ok,0.086074537014967,0.2428757106633399,0.007112197842476,0.7128712871287128,0.0905003947254923,A44,circular_sensorimotor_idle_proxy,,,,,,,,,,,,,,,,,,,,
239.0,ok,0.2389877285298454,0.4579412879663368,0.0178893211068007,0.0099009900990099,0.213230672336788,A48,circular_sensorimotor_idle_proxy,,,,,,,,,,,,,,,,,,,,
237.0,ok,0.1312900594610341,0.196936327012057,0.0044275639508157,0.0099009900990099,0.1262508654959329,A52,circular_sensorimotor_idle_proxy,,,,,,,,,,,,,,,,,,,,
240.0,ok,0.1294266514041378,0.4877026166017315,0.0404964919622866,0.1287128712871287,0.1220277339727263,A56,circular_sensorimotor_idle_proxy,,,,,,,,,,,,,,,,,,,,
240.0,ok,0.063418608970144,0.1900239195977921,0.006613585577165,0.3069306930693069,0.0632411989377536,A60,circular_sensorimotor_idle_proxy,,,,,,,,,,,,,,,,,,,,
238.0,ok,0.3514146315032394,0.8383552033122867,0.0040320000078543,0.396039603960396,0.3520586021994769,B64,circular_sensorimotor_idle_proxy,,,,,,,,,,,,,,,,,,,,
239.0,ok,0.4498185928885553,1.4813461242499464,0.0026268052859793,0.6633663366336634,0.457583405750283,B68,circular_sensorimotor_idle_proxy,,,,,,,,,,,,,,,,,,,,
240.0,ok,0.2113282640777761,0.3403431855236257,0.003684734158956,0.1584158415841584,0.1896033969477692,B80,circular_sensorimotor_idle_proxy,,,,,,,,,,,,,,,,,,,,
,,,,,,,A1,no_eog_regression,preprocessing_sensitivity_ablation,A,0.0083333333333333,238.0,ok,0.2258466695532593,0.2826456972017558,0.0070860763844083,0.3266932270916334,0.2253201446997732,0.8044871794871795,0.8207282913165266,0.7100840336134454,0.7291666666666667,ok,-0.0176618724412842,250.0,1283533479.0,,
,,,,,,,A2,no_eog_regression,preprocessing_sensitivity_ablation,A,0.0083333333333333,238.0,ok,0.334122954342652,0.4597513076492144,0.0014664199387645,1.0,0.3416784164987742,0.4692982456140351,0.5780730897009967,0.7192691029900332,0.6129385964912281,ok,-0.0012221687940782,250.0,1926860610.0,,
,,,,,,,A3,no_eog_regression,preprocessing_sensitivity_ablation,A,0.0,240.0,ok,0.6529403811078397,1.0237416472622247,0.0074297769357097,0.0079681274900398,0.6450949518999116,0.8608058608058606,0.6744186046511628,0.8454172366621067,0.8901098901098902,ok,0.0708473013534571,250.0,551683328.0,,
,,,,,,,A4,no_eog_regression,preprocessing_sensitivity_ablation,A,0.0041666666666666,239.0,ok,0.2304930869306695,0.1355361910658576,0.0022583547610813,0.0159362549800796,0.2222555593240354,0.4970588235294118,0.6482269503546099,0.5929078014184397,0.5941176470588235,ok,-0.0761889862327909,250.0,1711246478.0,,
,,,,,,,A5,no_eog_regression,preprocessing_sensitivity_ablation,A,0.0083333333333333,238.0,ok,0.2023811239710043,0.6472696858839997,0.0051153717002303,0.2310756972111553,0.1914662998100639,0.7608695652173912,0.5806878306878307,0.6230158730158729,0.4503105590062112,ok,0.1764435242696111,250.0,2481550223.0,,
,,,,,,,A6,no_eog_regression,preprocessing_sensitivity_ablation,A,0.0083333333333333,238.0,ok,0.9543856017737442,1.4250019130441585,0.0020443113245015,0.298804780876494,0.9483852884997972,0.7252888318356868,0.7854609929078015,0.8297872340425532,0.7355584082156611,ok,0.0170283323773887,250.0,766180137.0,,
,,,,,,,A8,no_eog_regression,preprocessing_sensitivity_ablation,A,0.0,240.0,ok,0.2446652315872578,0.2618663291282012,0.0034916223525331,0.3027888446215139,0.2446245510679648,0.7305061559507524,0.5567765567765568,0.540903540903541,0.6005471956224351,ok,0.0570429722276507,250.0,4139715953.0,,
,,,,,,,A12,no_eog_regression,preprocessing_sensitivity_ablation,A,0.0,240.0,ok,0.2852652184993671,0.9269442816976148,0.001632295380595,0.0239043824701195,0.2618078584676587,0.6680272108843537,0.7345399698340875,0.4932126696832579,0.5646258503401361,ok,-0.068962969803306,250.0,3542346211.0,,
,,,,,,,A14,no_eog_regression,preprocessing_sensitivity_ablation,A,0.0041666666666666,239.0,ok,0.1439611141418329,0.1651897602551815,0.0029268061271193,0.0756972111553784,0.1325878789742162,0.593915343915344,0.606516290726817,0.6115288220551378,0.6812169312169313,ok,-0.0411445279866332,250.0,1931821404.0,,
,,,,,,,A15,no_eog_regression,preprocessing_sensitivity_ablation,A,0.0041666666666666,239.0,ok,0.2495992966500385,0.2282933118396949,0.0100166481706926,0.9083665338645418,0.25670331539704,0.78475935828877,0.8803827751196173,0.7308612440191387,0.676470588235294,ok,-0.0206163805235013,250.0,1609820638.0,,
,,,,,,,A16,no_eog_regression,preprocessing_sensitivity_ablation,A,0.0,240.0,ok,0.2608237091013139,0.2757047649900891,0.0036202782867633,0.0597609561752988,0.258239596525846,0.6124338624338626,0.503209242618742,0.5147625160462131,0.4206349206349206,ok,0.1016761076132065,250.0,3918057596.0,,
,,,,,,,A18,no_eog_regression,preprocessing_sensitivity_ablation,A,0.0,240.0,ok,0.1481943198424463,0.27904855106269,0.004857219722634,0.6892430278884463,0.1557682689806213,0.7832080200501252,0.8452088452088452,0.7936117936117937,0.7869674185463659,ok,-0.027678225046646,250.0,819177438.0,,
,,,,,,,A19,no_eog_regression,preprocessing_sensitivity_ablation,A,0.0,240.0,ok,0.36783879372627,0.2768199190922146,0.008574338894554,0.0039840637450199,0.3538487841385236,0.9336043360433603,0.9024064171122994,0.9598930481283424,0.924119241192412,ok,0.0334858629334956,250.0,3341754748.0,,
,,,,,,,A20,no_eog_regression,preprocessing_sensitivity_ablation,A,0.0166666666666666,236.0,ok,0.3955424256539109,0.4894515199059787,0.00927844940338,0.2231075697211155,0.3909791445382325,0.7690058479532164,0.8084772370486657,0.9372056514913658,0.9210526315789472,ok,-0.0116591845915154,250.0,3366527483.0,,
,,,,,,,A22,no_eog_regression,preprocessing_sensitivity_ablation,A,0.0083333333333333,238.0,ok,0.3463439060405348,0.2489702046133025,0.0053839929044021,0.0517928286852589,0.3429568018378321,0.4833333333333333,0.4118421052631579,0.8828947368421052,0.738095238095238,ok,0.1081453634085212,250.0,285647038.0,,
,,,,,,,A23,no_eog_regression,preprocessing_sensitivity_ablation,A,0.0,240.0,ok,0.2805064288398574,0.5030559659782531,0.0046135700396632,0.6852589641434262,0.2813271855991086,0.5792838874680307,0.7021739130434783,0.7304347826086957,0.5869565217391304,ok,0.0102941176470588,250.0,1027030280.0,,
,,,,,,,A26,no_eog_regression,preprocessing_sensitivity_ablation,A,0.0,240.0,ok,0.2900750438304634,0.2451171369412814,0.0057466565877353,0.1155378486055776,0.2870506014907913,0.6702380952380953,0.7048054919908466,0.7585812356979406,0.6511904761904762,ok,0.0364116813773565,250.0,1821064556.0,,
,,,,,,,A27,no_eog_regression,preprocessing_sensitivity_ablation,A,0.0041666666666666,239.0,ok,0.3346608936654802,0.2843080296626915,0.004789950811282,0.3426294820717131,0.3342811331100906,0.5187165775401069,0.5611764705882353,0.5882352941176471,0.4826203208556149,ok,0.0315775401069518,250.0,3543308116.0,,
,,,,,,,A29,no_eog_regression,preprocessing_sensitivity_ablation,A,0.0125,237.0,ok,0.9599091709525194,0.3516407098425185,0.0023173837893789,1.0,0.9963461816489896,0.5821428571428572,0.5437589670014348,0.6829268292682927,0.6523809523809524,ok,0.0344648835143813,250.0,1466630064.0,,
,,,,,,,A31,no_eog_regression,preprocessing_sensitivity_ablation,A,0.0041666666666666,239.0,ok,0.2703797572730125,0.2782855306731157,0.0039669440129229,0.2629482071713147,0.2679228583941713,0.5068181818181818,0.595959595959596,0.5757575757575758,0.5204545454545455,ok,-0.0169191919191919,250.0,2897375974.0,,
,,,,,,,A33,no_eog_regression,preprocessing_sensitivity_ablation,A,0.0,240.0,ok,0.20661864017737,0.2402667786531736,0.0070289755293453,0.247011952191235,0.2044013429407585,0.7135862913096694,0.7139001349527665,0.8083670715249662,0.8898408812729498,ok,-0.0408938266955403,250.0,4069573464.0,,
,,,,,,,A34,no_eog_regression,preprocessing_sensitivity_ablation,A,0.0,240.0,ok,0.1571559528341066,0.4833101180534258,0.0069452088282253,0.7888446215139442,0.1623754649770127,0.494047619047619,0.5518394648829432,0.4693422519509476,0.5997023809523809,ok,-0.0940759874183787,250.0,1721227284.0,,
,,,,,,,A35,no_eog_regression,preprocessing_sensitivity_ablation,A,0.0,240.0,ok,0.20127497418206,0.3649993384384358,0.0051085694778825,0.6454183266932271,0.2056249921313326,0.78,0.8865740740740742,0.8321759259259259,0.80125,ok,-0.0378240740740741,250.0,1226545184.0,,
,,,,,,,A37,no_eog_regression,preprocessing_sensitivity_ablation,A,0.0208333333333333,235.0,ok,0.2546609979935152,0.3469894111382473,0.0041557692267356,0.5099601593625498,0.2550806099636539,0.6627906976744187,0.7196969696969697,0.7941919191919191,0.6337209302325582,ok,0.0517823584684049,250.0,4142255727.0,,
,,,,,,,A38,no_eog_regression,preprocessing_sensitivity_ablation,A,0.0,240.0,ok,0.1621550436304839,0.4776215923498719,0.0048939802306456,0.6573705179282868,0.1640713088345346,0.6176470588235294,0.7097222222222223,0.8333333333333333,0.5913865546218487,ok,0.0749358076563958,250.0,3115080905.0,,
,,,,,,,A40,no_eog_regression,preprocessing_sensitivity_ablation,A,0.0,232.0,ok,0.257724461534199,0.2436733254508477,0.0051239857234951,0.0836653386454183,0.2375143236477918,0.4810810810810811,0.4179487179487179,0.6820512820512821,0.5148648648648648,ok,0.1151593901593902,250.0,2499411279.0,,
,,,,,,,A41,no_eog_regression,preprocessing_sensitivity_ablation,A,0.0166666666666666,236.0,ok,0.1039202755142631,0.9620516903933786,0.0063276704337066,0.545816733067729,0.1098509865279435,0.5110803324099722,0.6897435897435897,0.6,0.5263157894736843,ok,-0.0524895234036509,250.0,3541185096.0,,
,,,,,,,A42,no_eog_regression,preprocessing_sensitivity_ablation,A,0.0,240.0,ok,0.0879800551686532,0.0758564126153149,0.0090040355000831,0.7808764940239044,0.0978072459346065,0.5466666666666666,0.4231292517006803,0.5986394557823129,0.5456410256410257,ok,0.0882679225536368,250.0,1467656971.0,,
,,,,,,,A43,no_eog_regression,preprocessing_sensitivity_ablation,A,0.0166666666666666,236.0,ok,0.1256708989942259,0.1627466831119597,0.0186222952660343,0.7609561752988048,0.1339164622138481,0.484593837535014,0.4939271255060729,0.6572199730094467,0.5637254901960784,ok,0.0420805974211546,250.0,3709841992.0,,
,,,,,,,A44,no_eog_regression,preprocessing_sensitivity_ablation,A,0.0,240.0,ok,0.0633227349958779,0.2461803255638866,0.0145301084423081,0.9800796812749004,0.0985029473032671,0.6555555555555554,0.5708333333333334,0.5232142857142857,0.3888888888888888,ok,0.1095238095238094,250.0,286670378.0,,
,,,,,,,A45,no_eog_regression,preprocessing_sensitivity_ablation,A,0.0,240.0,ok,0.0841498445876829,0.1175047562064491,0.0143849249003891,0.8565737051792829,0.0880605510958449,0.5442329227323629,0.6273504273504273,0.5076923076923077,0.5341545352743561,ok,-0.0547898661000564,250.0,3527352905.0,,
,,,,,,,A48,no_eog_regression,preprocessing_sensitivity_ablation,A,0.0041666666666666,239.0,ok,0.1459504694365791,0.2482625578671942,0.0301021807012169,0.5537848605577689,0.1515882970801537,0.53125,0.5717703349282297,0.5849282296650717,0.5762499999999999,ok,-0.0159210526315789,250.0,462362501.0,,
,,,,,,,A50,no_eog_regression,preprocessing_sensitivity_ablation,A,0.0,240.0,ok,0.0782135790879818,0.1420753480484661,0.0071745259552284,0.0756972111553784,0.0454382608665856,0.5142118863049095,0.4719887955182072,0.4467787114845939,0.462532299741602,ok,0.013234751264847,250.0,1298603476.0,,
,,,,,,,A51,no_eog_regression,preprocessing_sensitivity_ablation,A,0.0,240.0,ok,0.1382168959054943,0.1762695619373974,0.0082592883710747,0.1872509960159362,0.1296291517690601,0.4085526315789473,0.5467914438502675,0.5868983957219251,0.4539473684210526,ok,-0.0026438924852237,250.0,1810134548.0,,
,,,,,,,A52,no_eog_regression,preprocessing_sensitivity_ablation,A,0.0125,237.0,ok,0.1408238192078353,0.1400157612304639,0.0211292009681347,0.5219123505976095,0.1442402666761403,0.5957696827262045,0.6566416040100251,0.5939849624060151,0.5182138660399529,ok,0.0074495875411207,250.0,2835926588.0,,
,,,,,,,A54,no_eog_regression,preprocessing_sensitivity_ablation,A,0.0041666666666666,239.0,ok,0.1079960436363906,0.0672332241754972,0.0100389849532009,0.6693227091633466,0.1104198192987994,0.5697115384615384,0.4541666666666666,0.4508333333333333,0.4375,ok,0.0644391025641025,250.0,2284548223.0,,
,,,,,,,A55,no_eog_regression,preprocessing_sensitivity_ablation,A,0.0,240.0,ok,0.1041826449966593,0.2050158506146399,0.1080619289619578,0.4023904382470119,0.1059621587927511,0.6060090702947846,0.475,0.6161764705882353,0.5997732426303855,ok,0.0737061491263172,250.0,1949851164.0,,
,,,,,,,A56,no_eog_regression,preprocessing_sensitivity_ablation,A,0.0,240.0,ok,0.0753533877178541,0.2522166989740557,0.1243143256857681,0.4940239043824701,0.079026007940335,0.4904761904761904,0.5977443609022557,0.6228070175438596,0.6035714285714285,ok,-0.0440162907268171,250.0,1304682714.0,,
,,,,,,,A60,no_eog_regression,preprocessing_sensitivity_ablation,A,0.0,240.0,ok,0.0720029651715317,0.1758413348009646,0.0091829775780795,0.701195219123506,0.078159371793507,0.5130434782608695,0.4200542005420054,0.3631436314363143,0.4043478260869565,ok,0.0258925415341109,250.0,94382629.0,,
,,,,,,,B62,no_eog_regression,preprocessing_sensitivity_ablation,B,0.0041666666666666,239.0,ok,0.4380658618402635,0.5576957595998866,0.0072872306949209,0.900398406374502,0.4501196507143653,0.6130952380952381,0.7615176151761518,0.8130081300813007,0.8321428571428571,ok,-0.083778552071235,250.0,110457678.0,,
,,,,,,,B63,no_eog_regression,preprocessing_sensitivity_ablation,B,0.0041666666666666,239.0,ok,0.236984281473416,0.7571618237437041,0.0093048413665444,0.0079681274900398,0.1628209262683136,0.3888888888888889,0.7261363636363637,0.5318181818181817,0.6349206349206349,ok,-0.2201749639249639,250.0,1221082487.0,,
,,,,,,,B64,no_eog_regression,preprocessing_sensitivity_ablation,B,0.0,240.0,ok,0.3703939617880797,0.4206348990997734,0.0035654808612487,0.0039840637450199,0.2780624826060665,0.5659863945578232,0.5526315789473685,0.4574898785425101,0.6571428571428571,ok,-0.0931490814949461,250.0,2232034222.0,,
,,,,,,,B66,no_eog_regression,preprocessing_sensitivity_ablation,B,0.0041666666666666,239.0,ok,0.0863948062042866,0.1769695322857375,0.0052890533589822,0.7051792828685259,0.0897318156090466,0.6686046511627907,0.5559006211180124,0.6226708074534161,0.7848837209302326,ok,-0.0247544417160191,250.0,1929432987.0,,
,,,,,,,B67,no_eog_regression,preprocessing_sensitivity_ablation,B,0.0125,237.0,ok,0.1912418272475452,0.1528837691001129,0.0034928482546102,0.3466135458167331,0.1904752119794832,0.589572192513369,0.5722222222222222,0.6027777777777777,0.5200534759358288,ok,0.0500371360665478,250.0,2635500755.0,,
,,,,,,,B68,no_eog_regression,preprocessing_sensitivity_ablation,B,0.0041666666666666,239.0,ok,0.0936748651600105,0.4155642879892833,0.0054604482616213,0.9282868525896414,0.1088462656202178,0.5502645502645502,0.4604938271604938,0.3617283950617284,0.6613756613756614,ok,-0.1049382716049383,250.0,1737760053.0,,
,,,,,,,B69,no_eog_regression,preprocessing_sensitivity_ablation,B,0.0,240.0,ok,0.0833533857762767,0.5032939573379697,0.0064072865014378,0.9123505976095616,0.0973809118829651,0.9504273504273504,0.8722222222222222,0.8009259259259259,0.8598290598290599,ok,0.009650997150997,250.0,2227183541.0,,
,,,,,,,B73,no_eog_regression,preprocessing_sensitivity_ablation,B,0.0083333333333333,238.0,ok,0.4947853128442959,0.3737062440227904,0.002644141669246,0.8844621513944223,0.4984347267372481,0.95852534562212,0.9512820512820512,0.8576923076923078,0.8187403993855606,ok,0.0230976013234078,250.0,4101003228.0,,
,,,,,,,B74,no_eog_regression,preprocessing_sensitivity_ablation,B,0.0,240.0,ok,0.2682885459388749,0.2078657754659147,0.0042040460972639,0.199203187250996,0.2593057231632195,0.8157894736842105,0.7445054945054945,0.6172161172161172,0.5319548872180451,ok,0.078272604588394,250.0,3653707769.0,,
,,,,,,,B77,no_eog_regression,preprocessing_sensitivity_ablation,B,0.0083333333333333,238.0,ok,0.2630554256364181,0.2795181881748733,0.0055111703299013,0.0039840637450199,0.2199727969414529,0.5398110661268556,0.5855572998430141,0.7189952904238618,0.4251012145748988,ok,0.1240739210664022,250.0,536566800.0,,
,,,,,,,B78,no_eog_regression,preprocessing_sensitivity_ablation,B,0.0125,237.0,ok,0.381147938620919,0.9221664827169056,0.0035321904982993,0.0796812749003984,0.3627691544357437,0.6943089430894309,0.7172557172557172,0.7983367983367984,0.7804878048780488,ok,-0.0025488903537683,250.0,2875395488.0,,
,,,,,,,B79,no_eog_regression,preprocessing_sensitivity_ablation,B,0.0,240.0,ok,0.1768263091761125,0.913602101879204,0.006892809548717,0.5179282868525896,0.1834412631808542,0.7291666666666666,0.8257839721254355,0.934959349593496,0.9319444444444444,ok,-0.0468012001548587,250.0,3733062535.0,,
,,,,,,,B80,no_eog_regression,preprocessing_sensitivity_ablation,B,0.0,240.0,ok,0.0580732922707427,0.2177657460901436,0.0031444525954993,0.7410358565737052,0.0674598964305917,0.6575963718820861,0.6124338624338624,0.4272486772486772,0.4999999999999999,ok,-0.0137944066515495,250.0,848813007.0,,
,,,,,,,B81,no_eog_regression,preprocessing_sensitivity_ablation,B,0.0166666666666666,236.0,ok,0.323219887454054,0.344125733767141,0.0058033158489915,0.0039840637450199,0.2552074673031563,0.5633333333333334,0.6044444444444443,0.7022222222222223,0.4666666666666667,ok,0.0972222222222223,250.0,214478592.0,,
,,,,,,,C82,no_eog_regression,preprocessing_sensitivity_ablation,C,0.0,240.0,ok,0.3374022947817189,0.2772909457803499,0.0035009989002788,0.4741035856573705,0.3377174540071093,0.525,0.4948148148148148,0.2992592592592592,0.49375,ok,-0.0821527777777778,250.0,932881950.0,,
,,,,,,,C83,no_eog_regression,preprocessing_sensitivity_ablation,C,0.0041666666666666,239.0,ok,0.1547441225298435,0.144462583984971,0.0183720217365344,0.4382470119521912,0.1553189210997458,0.5778164924506387,0.5676638176638177,0.5733618233618233,0.5708478513356562,ok,0.006333323406494,250.0,1831175188.0,,
,,,,,,,C85,no_eog_regression,preprocessing_sensitivity_ablation,C,0.0,240.0,ok,0.1701791943365223,0.2158625280627487,0.0222170616819507,0.2709163346613545,0.1640191931387039,0.5574494949494949,0.4247104247104246,0.5398970398970399,0.6306818181818181,ok,0.020977145977146,250.0,3372925198.0,,
,,,,,,,C87,no_eog_regression,preprocessing_sensitivity_ablation,C,0.0,240.0,ok,0.2705472095384604,0.4866841173067722,0.0084945155182674,0.4940239043824701,0.2748088225492051,0.931077694235589,0.8272311212814645,0.6887871853546911,0.7731829573934837,ok,0.0097254004576659,250.0,3880409210.0,,
,,,,,,,A1,mi_window_circularity,circularity_ablation_not_valid_for_primary_inference,A,0.0083333333333333,238.0,ok,0.3045361515339534,0.4124579061074742,0.0023880378000102,0.2709163346613545,0.3015460611622306,0.7076923076923076,0.6866666666666666,0.7733333333333334,0.7743589743589744,ok,0.01,250.0,1709258864.0,,
,,,,,,,A2,mi_window_circularity,circularity_ablation_not_valid_for_primary_inference,A,0.0166666666666666,236.0,ok,0.4681809152678101,1.768198500266746,0.0013471951984608,0.5816733067729084,0.4742701238946004,0.5954088952654232,0.6483516483516484,0.4297924297924297,0.6384505021520803,ok,-0.1308004127229379,250.0,1099789847.0,,
,,,,,,,A3,mi_window_circularity,circularity_ablation_not_valid_for_primary_inference,A,0.0,240.0,ok,0.4375254681234664,1.382567844884249,0.0035047459489934,0.0119521912350597,0.4132706961327472,0.8292682926829269,0.8269454123112658,0.8304297328687573,0.7202295552367287,ok,0.0562615290018448,250.0,4207634932.0,,
,,,,,,,A4,mi_window_circularity,circularity_ablation_not_valid_for_primary_inference,A,0.0291666666666666,233.0,ok,0.9106588329759177,1.3404555954447497,0.0023747478833888,0.0039840637450199,0.8259622562530344,0.5714285714285714,0.5441860465116279,0.4992248062015504,0.5364145658263305,ok,-0.0049736173539183,250.0,2498503146.0,,
,,,,,,,A5,mi_window_circularity,circularity_ablation_not_valid_for_primary_inference,A,0.0041666666666666,239.0,ok,1.2486971518312182,2.0719714095588446,0.0017190314406566,0.0079681274900398,1.2401848024965314,0.5181159420289855,0.7345238095238096,0.7476190476190476,0.7355072463768116,ok,-0.102148033126294,250.0,3634085536.0,,
,,,,,,,A6,mi_window_circularity,circularity_ablation_not_valid_for_primary_inference,A,0.0166666666666666,236.0,ok,2.0119647977144237,0.827640580198846,0.0018851150843983,0.0079681274900398,1.993318642870008,0.8418367346938775,0.6979405034324941,0.591533180778032,0.729591836734694,ok,0.0029187876523606,250.0,2314057813.0,,
,,,,,,,A8,mi_window_circularity,circularity_ablation_not_valid_for_primary_inference,A,0.0041666666666666,239.0,ok,0.5469063375386497,2.0235090873715142,0.0021981842521893,0.0278884462151394,0.5133973094177748,0.5777777777777778,0.6326781326781327,0.7506142506142506,0.7625000000000001,ok,-0.0333930521430521,250.0,97976273.0,,
,,,,,,,A12,mi_window_circularity,circularity_ablation_not_valid_for_primary_inference,A,0.0,240.0,ok,0.8474081145404654,0.8502657925282341,0.0007730697494127,0.0597609561752988,0.829678465489036,0.6100478468899521,0.5611888111888113,0.5437062937062936,0.5239234449760766,ok,0.0343209422156789,250.0,1218460272.0,,
,,,,,,,A14,mi_window_circularity,circularity_ablation_not_valid_for_primary_inference,A,0.0083333333333333,238.0,ok,1.3629496224439417,1.3684207423036316,0.0007985819108373,1.0,1.5045333395520706,0.5119617224880383,0.640218878248974,0.73187414500684,0.5645933014354068,ok,0.0195118439052487,250.0,1858842769.0,,
,,,,,,,A15,mi_window_circularity,circularity_ablation_not_valid_for_primary_inference,A,0.0,240.0,ok,1.2298034146187795,0.6347792728736652,0.0038646833996871,1.0,1.2691720336297052,0.7821428571428571,0.7232947232947233,0.6653796653796653,0.5702380952380952,ok,0.0769948519948519,250.0,2665560199.0,,
,,,,,,,A16,mi_window_circularity,circularity_ablation_not_valid_for_primary_inference,A,0.0,240.0,ok,0.1739020757239666,2.172402142114328,0.0009305821191123,0.099601593625498,0.1703132085711744,0.4634146341463414,0.4999999999999999,0.5619047619047619,0.5408895265423243,ok,-0.0077850652456104,250.0,3031273659.0,,
,,,,,,,A18,mi_window_circularity,circularity_ablation_not_valid_for_primary_inference,A,0.0,240.0,ok,0.314006168042025,2.244615870412064,0.0016916451390524,1.0,0.3385764889297802,0.7157894736842105,0.8286713286713288,0.8787878787878788,0.8184210526315789,ok,-0.0262575144154091,250.0,3237524927.0,,
,,,,,,,A19,mi_window_circularity,circularity_ablation_not_valid_for_primary_inference,A,0.0,240.0,ok,0.8748647343942378,1.7992011861221515,0.0036356149624647,0.5378486055776892,0.8751025629336234,0.6693181818181817,0.8632478632478633,0.9435897435897436,0.9227272727272728,ok,-0.0865336052836053,250.0,1424729052.0,,
,,,,,,,A20,mi_window_circularity,circularity_ablation_not_valid_for_primary_inference,A,0.0125,237.0,ok,0.6633943159644442,1.257408504259944,0.0061194817240057,0.0119521912350597,0.601352336280389,0.8404255319148937,0.8862179487179487,0.8461538461538461,0.6928191489361702,ok,0.0537711402073104,250.0,865243459.0,,
,,,,,,,A22,mi_window_circularity,circularity_ablation_not_valid_for_primary_inference,A,0.0,240.0,ok,0.4342794934849572,0.217952664904941,0.0037510708576741,0.0876494023904382,0.3865351140045641,0.6358974358974359,0.8036585365853658,0.7426829268292683,0.867948717948718,ok,-0.1465134459036898,250.0,2793287811.0,,
,,,,,,,A23,mi_window_circularity,circularity_ablation_not_valid_for_primary_inference,A,0.0083333333333333,238.0,ok,0.2092213075006761,0.8948033267554931,0.0010786500859539,0.9402390438247012,0.2295616491822793,0.8136200716845877,0.763157894736842,0.7669172932330827,0.5949820788530467,ok,0.1111986956638908,250.0,2919500952.0,,
,,,,,,,A26,mi_window_circularity,circularity_ablation_not_valid_for_primary_inference,A,0.0125,237.0,ok,0.9622687602552388,0.6630033142328232,0.0024418900687652,1.0,0.9905188378852964,0.7214452214452214,0.8888888888888888,0.5775335775335775,0.5268065268065268,ok,-0.0583583083583084,250.0,963971926.0,,
,,,,,,,A27,mi_window_circularity,circularity_ablation_not_valid_for_primary_inference,A,0.0,240.0,ok,1.4463498698193935,0.8829459497386161,0.0046652164690906,0.99601593625498,1.4553689781346042,0.5492424242424243,0.579656862745098,0.5196078431372549,0.3863636363636364,ok,0.0514148841354724,250.0,2038587039.0,,
,,,,,,,A29,mi_window_circularity,circularity_ablation_not_valid_for_primary_inference,A,0.0041666666666666,239.0,ok,1.3661703206800564,2.3637456396631893,0.0026362069536876,0.649402390438247,1.3678475257572655,0.7488095238095238,0.6269727403156384,0.6370157819225251,0.6214285714285714,ok,0.0687119969939195,250.0,2011262318.0,,
,,,,,,,A31,mi_window_circularity,circularity_ablation_not_valid_for_primary_inference,A,0.0,240.0,ok,0.7626409875931378,1.304270998031797,0.0017985169304642,0.0039840637450199,0.7409153557195786,0.3994708994708995,0.5361990950226244,0.7997737556561085,0.6190476190476191,ok,0.0219989705283822,250.0,420893906.0,,
,,,,,,,A33,mi_window_circularity,circularity_ablation_not_valid_for_primary_inference,A,0.0,240.0,ok,1.4137068904062182,0.8589034437220012,0.002555356953004,0.0079681274900398,1.4106382569022975,0.8347953216374269,0.8306818181818182,0.5590909090909091,0.7953216374269005,ok,-0.1160586124401913,250.0,1748020907.0,,
,,,,,,,A34,mi_window_circularity,circularity_ablation_not_valid_for_primary_inference,A,0.0,240.0,ok,0.7311275913819092,0.8570130116890963,0.0056648997127559,1.0,0.7511217122940893,0.5284900284900285,0.8106575963718821,0.419501133786848,0.5626780626780626,ok,-0.2126722483865341,250.0,1492241460.0,,
,,,,,,,A35,mi_window_circularity,circularity_ablation_not_valid_for_primary_inference,A,0.0,240.0,ok,1.29451201020279,2.141213087516159,0.0017742138330467,0.0039840637450199,1.289738063613896,0.9272727272727274,0.8489583333333334,0.8841145833333334,0.9,ok,0.0312144886363636,250.0,1839842883.0,,
,,,,,,,A37,mi_window_circularity,circularity_ablation_not_valid_for_primary_inference,A,0.025,234.0,ok,1.099729624039807,1.8132049379589517,0.0015399833996551,0.4143426294820717,1.0995449876504038,0.7222222222222223,0.5880952380952381,0.6761904761904762,0.4833333333333333,ok,0.1634920634920635,250.0,2979004828.0,,
,,,,,,,A38,mi_window_circularity,circularity_ablation_not_valid_for_primary_inference,A,0.0,240.0,ok,1.6037754927649208,2.6703870390539883,0.001239069270583,0.1792828685258964,1.5955892905155415,0.5717703349282296,0.6724537037037037,0.6469907407407407,0.6842105263157895,ok,-0.0689515771752614,250.0,562410465.0,,
,,,,,,,A40,mi_window_circularity,circularity_ablation_not_valid_for_primary_inference,A,0.0,232.0,ok,0.5064100188089232,1.1617713440441382,0.003775331612448,0.0199203187250996,0.4889313698277064,0.5403726708074534,0.5408895265423241,0.6140602582496413,0.4111801242236025,ok,0.101181639145584,250.0,823194401.0,,
,,,,,,,A41,mi_window_circularity,circularity_ablation_not_valid_for_primary_inference,A,0.0041666666666666,239.0,ok,0.7461549137523026,1.3325133148247257,0.0012449607469251,0.0039840637450199,0.5340239637057814,0.6565656565656566,0.6678260869565217,0.7121739130434782,0.7232323232323232,ok,-0.011159420289855,250.0,1356196166.0,,
,,,,,,,A42,mi_window_circularity,circularity_ablation_not_valid_for_primary_inference,A,0.0,240.0,ok,0.1022106100784367,0.0908863988855228,0.0035328009823304,0.5219123505976095,0.1038530224064804,0.6107226107226107,0.430952380952381,0.594642857142857,0.5058275058275058,ok,0.1342927905427904,250.0,3465607.0,,
,,,,,,,A43,mi_window_circularity,circularity_ablation_not_valid_for_primary_inference,A,0.0,240.0,ok,0.1595646823681369,0.3386026972519069,0.0119721644340529,0.446215139442231,0.1604416771807056,0.5059808612440191,0.6574074074074074,0.5334757834757835,0.5885167464114833,ok,-0.103233754549544,250.0,3040628477.0,,
,,,,,,,A44,mi_window_circularity,circularity_ablation_not_valid_for_primary_inference,A,0.0,240.0,ok,0.0887566432042885,0.1976722961563741,0.0064921990632869,0.6294820717131474,0.0969538971905104,0.5296352583586627,0.5384615384615384,0.6212121212121213,0.5524316109422492,ok,0.0299771150834981,250.0,286308077.0,,
,,,,,,,A45,mi_window_circularity,circularity_ablation_not_valid_for_primary_inference,A,0.0,240.0,ok,0.0620948990376319,0.2246180388241051,0.0016096644776759,0.9641434262948207,0.0642203412319971,0.5,0.4231678486997635,0.5520094562647755,0.4951923076923077,ok,0.066824649936352,250.0,1618581816.0,,
,,,,,,,A48,mi_window_circularity,circularity_ablation_not_valid_for_primary_inference,A,0.0041666666666666,239.0,ok,0.2497873597203519,0.2001555892543791,0.0156586090448325,0.8844621513944223,0.2783542683629301,0.6294573643410852,0.4857142857142857,0.6681318681318681,0.5612403100775194,ok,0.1253173183405741,250.0,2868127689.0,,
,,,,,,,A50,mi_window_circularity,circularity_ablation_not_valid_for_primary_inference,A,0.0,240.0,ok,0.1506297805931566,0.2980418871231299,0.0052789390811819,0.1553784860557769,0.1463690467761005,0.3247282608695652,0.4898785425101215,0.5411605937921727,0.6032608695652173,ok,-0.1136252787068003,250.0,1514437015.0,,
,,,,,,,A51,mi_window_circularity,circularity_ablation_not_valid_for_primary_inference,A,0.0041666666666666,239.0,ok,0.1047156903987446,0.1949838815795835,0.0038793644895609,0.6254980079681275,0.1134881378645817,0.5249169435215947,0.573170731707317,0.316260162601626,0.5924695459579179,ok,-0.1622315857710071,250.0,3840235166.0,,
,,,,,,,A52,mi_window_circularity,circularity_ablation_not_valid_for_primary_inference,A,0.0125,237.0,ok,0.1083025985036055,0.1905333688642559,0.0046275837372816,0.0239043824701195,0.0821007611384841,0.5842245989304813,0.473170731707317,0.4975609756097561,0.4759358288770053,ok,0.0663395069779574,250.0,1170780643.0,,
,,,,,,,A54,mi_window_circularity,circularity_ablation_not_valid_for_primary_inference,A,0.0041666666666666,239.0,ok,0.1322198382113858,0.4887958522046806,0.0044966709926914,0.904382470119522,0.1501992621583572,0.4736842105263158,0.52361673414305,0.6005398110661267,0.4651162790697674,ok,0.0427455041898125,250.0,888830927.0,,
,,,,,,,A55,mi_window_circularity,circularity_ablation_not_valid_for_primary_inference,A,0.0,240.0,ok,0.3305681488810867,0.4719836527998022,0.054538734435618,0.1274900398406374,0.3282189133464492,0.5725490196078431,0.6833976833976834,0.5997425997425997,0.6483660130718953,ok,-0.0797360385595679,250.0,4074701954.0,,
,,,,,,,A56,mi_window_circularity,circularity_ablation_not_valid_for_primary_inference,A,0.0,240.0,ok,0.1901942977512433,0.4842045160921353,0.0491499995817026,0.0597609561752988,0.1525036851111477,0.6455026455026456,0.5706018518518519,0.5567129629629629,0.6005291005291005,ok,0.015542328042328,250.0,4069876903.0,,
,,,,,,,A60,mi_window_circularity,circularity_ablation_not_valid_for_primary_inference,A,0.0,240.0,ok,0.0146562854156193,0.220810745214994,0.006132844873698,0.8167330677290837,0.0326177929339925,0.4198581560283688,0.4805555555555555,0.5097222222222222,0.5617021276595745,ok,-0.0563386524822694,250.0,2660782337.0,,
,,,,,,,B62,mi_window_circularity,circularity_ablation_not_valid_for_primary_inference,B,0.0,240.0,ok,0.7333030272587896,0.7721778193202159,0.0026215905661842,0.8804780876494024,0.7399675678095559,0.8756613756613757,0.7582417582417582,0.8034188034188035,0.873015873015873,ok,0.0239112739112739,250.0,3387324901.0,,
,,,,,,,B63,mi_window_circularity,circularity_ablation_not_valid_for_primary_inference,B,0.0291666666666666,233.0,ok,0.7199766365401686,1.2681342386249366,0.0044110583117085,1.0,0.8386111617768117,0.6552706552706553,0.6296296296296295,0.7407407407407407,0.5826210826210826,ok,0.0918803418803419,250.0,2009756572.0,,
,,,,,,,B64,mi_window_circularity,circularity_ablation_not_valid_for_primary_inference,B,0.0041666666666666,239.0,ok,0.3440094544704161,0.7434750043010258,0.002479033852862,0.9721115537848606,0.3633052802186592,0.4532467532467532,0.4972972972972973,0.5113513513513513,0.6662337662337663,ok,-0.0994664794664795,250.0,3044856736.0,,
,,,,,,,B66,mi_window_circularity,circularity_ablation_not_valid_for_primary_inference,B,0.0041666666666666,239.0,ok,0.6390250188550101,0.645743182547871,0.0012807447258872,0.0039840637450199,0.4911739412911379,0.4255319148936169,0.5493197278911566,0.5221088435374149,0.550531914893617,ok,-0.0761054421768708,250.0,1695548814.0,,
,,,,,,,B67,mi_window_circularity,circularity_ablation_not_valid_for_primary_inference,B,0.0083333333333333,238.0,ok,0.8303637956573626,0.2920543578298648,0.007745136139581,0.0039840637450199,0.6897697209365585,0.6329268292682927,0.625,0.6145833333333334,0.6475609756097561,ok,-0.012525406504065,250.0,3405002260.0,,
,,,,,,,B68,mi_window_circularity,circularity_ablation_not_valid_for_primary_inference,B,0.0083333333333333,238.0,ok,0.4977883256647678,1.5069614841169503,0.0073706329134552,0.0318725099601593,0.4701690041113896,0.520979020979021,0.4465811965811966,0.4679487179487179,0.5052447552447552,ok,0.0185508935508935,250.0,2151120227.0,,
,,,,,,,B69,mi_window_circularity,circularity_ablation_not_valid_for_primary_inference,B,0.0,240.0,ok,0.5829238023490518,0.3606989927581804,0.0102065504460602,0.0876494023904382,0.5667174593173995,0.928030303030303,0.846938775510204,0.8492063492063492,0.7916666666666666,ok,0.0693156050298907,250.0,3351021452.0,,
,,,,,,,B73,mi_window_circularity,circularity_ablation_not_valid_for_primary_inference,B,0.0083333333333333,238.0,ok,0.4703655235670703,1.1093349905344088,0.0058811628989779,0.5697211155378487,0.4774648588460574,0.853968253968254,0.8409090909090908,0.8815789473684211,0.8682539682539682,ok,0.013192071086808,250.0,296591894.0,,
,,,,,,,B74,mi_window_circularity,circularity_ablation_not_valid_for_primary_inference,B,0.0,240.0,ok,0.488351040091931,1.1014482659460616,0.0027387966417349,0.0199203187250996,0.4624639535528076,0.6416666666666667,0.6805555555555556,0.6708333333333333,0.717857142857143,ok,-0.0429563492063492,250.0,2887944231.0,,
,,,,,,,B77,mi_window_circularity,circularity_ablation_not_valid_for_primary_inference,B,0.0041666666666666,239.0,ok,0.6064754221526396,1.2840577884636497,0.0061023290270272,0.4581673306772908,0.6040148625814442,0.4759358288770053,0.7172839506172839,0.6370370370370371,0.6844919786096257,ok,-0.1444015316564336,250.0,2052538512.0,,
,,,,,,,B78,mi_window_circularity,circularity_ablation_not_valid_for_primary_inference,B,0.0041666666666666,239.0,ok,1.2701846459278028,1.6344536833550158,0.0066590091941721,0.99601593625498,1.3007214125137043,0.6157894736842106,0.665625,0.7140625,0.8589473684210527,ok,-0.097360197368421,250.0,1669742004.0,,
,,,,,,,B79,mi_window_circularity,circularity_ablation_not_valid_for_primary_inference,B,0.0083333333333333,238.0,ok,0.9297165363105688,1.704749887239144,0.0108499564373785,0.0278884462151394,0.8936897089223801,0.8187134502923976,0.894736842105263,0.736842105263158,0.804093567251462,ok,-0.0716374269005847,250.0,2291442792.0,,
,,,,,,,B80,mi_window_circularity,circularity_ablation_not_valid_for_primary_inference,B,0.0,240.0,ok,0.408043040267997,0.3944105790529738,0.0027537643907088,0.0039840637450199,0.2066174117963707,0.5829545454545454,0.7526315789473684,0.5697368421052632,0.5988636363636364,ok,-0.0994019138755981,250.0,4087623354.0,,
,,,,,,,B81,mi_window_circularity,circularity_ablation_not_valid_for_primary_inference,B,0.0083333333333333,238.0,ok,0.7487996578536801,0.5999976901395976,0.0038647201556523,0.0039840637450199,0.5679591042275045,0.5921985815602837,0.5007949125596184,0.4626391096979332,0.5496453900709221,ok,0.0021986943138382,250.0,83506807.0,,
,,,,,,,C82,mi_window_circularity,circularity_ablation_not_valid_for_primary_inference,C,0.0,240.0,ok,0.7723629442671517,0.4489818261570673,0.0025633912124831,0.0039840637450199,0.7212337516151883,0.6271428571428571,0.5605442176870747,0.5959183673469388,0.6014285714285714,ok,0.0305442176870748,250.0,3034623977.0,,
,,,,,,,C83,mi_window_circularity,circularity_ablation_not_valid_for_primary_inference,C,0.0,240.0,ok,0.1339178718969289,0.1949679033744516,0.0087036275308051,0.8007968127490039,0.1375955289382833,0.708641975308642,0.5502645502645502,0.6494708994708994,0.6802469135802469,ok,0.0638007054673721,250.0,334998306.0,,
,,,,,,,C85,mi_window_circularity,circularity_ablation_not_valid_for_primary_inference,C,0.0,240.0,ok,0.3866740708834087,0.3040003707533444,0.0119906365060745,0.3067729083665338,0.3854493451820847,0.557051282051282,0.5231829573934837,0.5144110275689223,0.5916666666666667,ok,-0.021693657219973,250.0,2080733589.0,,
,,,,,,,C87,mi_window_circularity,circularity_ablation_not_valid_for_primary_inference,C,0.0041666666666666,239.0,ok,0.4088494313728285,0.6423206975209607,0.0027785465366628,0.0876494023904382,0.3980986277905157,0.7444852941176471,0.8594276094276094,0.7154882154882155,0.7297794117647058,ok,-0.0646167557932263,250.0,1071667820.0,,
,,,,,,,A1,latent_d1_component1,fixed_dimension_sensitivity_ablation,A,,238.0,ok,0.2886043083609723,0.3283254240573665,0.0069627229950496,0.8047808764940239,0.298592515071768,0.7868589743589745,0.6820728291316527,0.7675070028011204,0.8108974358974359,ok,0.0306978560655031,,,1.0,1.0
,,,,,,,A5,latent_d1_component1,fixed_dimension_sensitivity_ablation,A,,238.0,ok,1.5255856530710454,2.002337874311805,0.0017317208578673,0.9322709163346612,1.5353819527384085,0.4736024844720497,0.6256613756613757,0.5634920634920635,0.5916149068322981,ok,-0.0900908672647803,,,1.0,1.0
,,,,,,,A29,latent_d1_component1,fixed_dimension_sensitivity_ablation,A,,238.0,ok,1.3572293646103772,2.33601370650603,0.0018107612044914,0.896414342629482,1.3731590403614975,0.5333333333333333,0.3658536585365853,0.5107604017216643,0.6833333333333333,ok,-0.0025466284074605,,,1.0,1.0
,,,,,,,A33,latent_d1_component1,fixed_dimension_sensitivity_ablation,A,,240.0,ok,1.3938615040128377,0.9414749324095282,0.0027312023455995,0.0039840637450199,1.3901823962897952,0.8947368421052632,0.8218623481781376,0.8259109311740891,0.9057527539779682,ok,-0.0034836644383767,,,1.0,1.0
,,,,,,,A37,latent_d1_component1,fixed_dimension_sensitivity_ablation,A,,239.0,ok,1.1720171138466604,1.926765977182185,0.0018536537341514,0.9163346613545816,1.1742079089498287,0.626453488372093,0.6768507638072856,0.7685076380728554,0.5174418604651163,ok,0.1003342510862732,,,1.0,1.0
,,,,,,,A41,latent_d1_component1,fixed_dimension_sensitivity_ablation,A,,236.0,ok,1.161080427966732,0.9796906248486816,0.0030600783082185,0.0039840637450199,0.7520294308210344,0.6477732793522266,0.6342780026990553,0.7058029689608637,0.5964912280701754,ok,0.0614035087719297,,,1.0,1.0
,,,,,,,A45,latent_d1_component1,fixed_dimension_sensitivity_ablation,A,,240.0,ok,0.0504229417233335,0.1286951651597795,0.0010669859334728,0.701195219123506,0.0524204128154483,0.4714445688689809,0.5606837606837607,0.5555555555555556,0.4848824188129899,ok,-0.009283027536107,,,1.0,1.0
,,,,,,,B69,latent_d1_component1,fixed_dimension_sensitivity_ablation,B,,240.0,ok,0.5958913802238262,0.2532722019362668,0.0056249056496255,0.4701195219123506,0.5961823071628097,0.952136752136752,0.9037037037037036,0.7814814814814814,0.8,ok,0.0149572649572649,,,1.0,1.0
,,,,,,,B73,latent_d1_component1,fixed_dimension_sensitivity_ablation,B,,238.0,ok,0.5192947473089423,1.0728501833881043,0.0012507249100148,0.7609561752988048,0.5404909943351484,0.9247311827956988,0.9423076923076924,0.9487179487179488,0.8402457757296466,ok,0.0454478317381543,,,1.0,1.0
,,,,,,,B77,latent_d1_component1,fixed_dimension_sensitivity_ablation,B,,239.0,ok,0.8873675542236019,1.0631326900191684,0.0071723861480174,0.0039840637450199,0.5586883171895406,0.6437246963562753,0.6985871271585558,0.5321821036106751,0.47638326585695,ok,0.0004682034757222,,,1.0,1.0
,,,,,,,B81,latent_d1_component1,fixed_dimension_sensitivity_ablation,B,,240.0,ok,0.5603473988856662,0.6001577092912151,0.008451053924758,0.0278884462151394,0.500880024459595,0.4585365853658537,0.5181818181818182,0.6625,0.2634146341463415,ok,0.169720066518847,,,1.0,1.0
,,,,,,,C85,latent_d1_component1,fixed_dimension_sensitivity_ablation,C,,240.0,ok,0.2136814805262463,0.0927980562799487,0.0125012373180164,0.6972111553784861,0.2184792580238455,0.6685606060606061,0.5482625482625483,0.5135135135135134,0.6357323232323232,ok,-0.000960375960376,,,1.0,1.0
,,,,,,,A2,latent_d1_component1,fixed_dimension_sensitivity_ablation,A,,238.0,ok,0.4151774885155334,1.7405161121138817,0.0011276976498862,0.7171314741035857,0.4260237797298932,0.5662393162393162,0.6046511627906976,0.5431893687707642,0.5373931623931624,ok,-0.0163078200868898,,,1.0,1.0
,,,,,,,A6,latent_d1_component1,fixed_dimension_sensitivity_ablation,A,,238.0,ok,2.012070136165059,0.7939791213254235,0.0016050045347777,0.0039840637450199,1.988093090792855,0.766367137355584,0.6471631205673759,0.7411347517730497,0.6572528883183568,ok,0.1015429401214504,,,1.0,1.0
,,,,,,,A14,latent_d1_component1,fixed_dimension_sensitivity_ablation,A,,236.0,ok,1.5091925812221292,1.3325132552266223,0.0008999700837113,1.0,1.7065546119757191,0.5311653116531165,0.4973684210526315,0.5460526315789475,0.4728997289972899,ok,0.0534748965910712,,,1.0,1.0
,,,,,,,A18,latent_d1_component1,fixed_dimension_sensitivity_ablation,A,,240.0,ok,0.3158698419113821,2.439094353730953,0.0012743035199538,1.0,0.3315514921554467,0.6203007518796992,0.882063882063882,0.8710073710073709,0.738095238095238,ok,-0.0644254986360249,,,1.0,1.0
,,,,,,,A22,latent_d1_component1,fixed_dimension_sensitivity_ablation,A,,239.0,ok,0.3109435204643324,0.2796143165630981,0.0035823353620245,0.1274900398406374,0.2981715957497272,0.5928571428571429,0.8394736842105263,0.838157894736842,0.7869047619047619,ok,-0.0976817042606516,,,1.0,1.0
,,,,,,,A26,latent_d1_component1,fixed_dimension_sensitivity_ablation,A,,237.0,ok,1.0599451278642644,0.5678655764528399,0.0022695344288174,0.0039840637450199,1.040499159305183,0.5916666666666667,0.7097532314923619,0.708578143360752,0.6869047619047619,ok,-0.0482065916848525,,,1.0,1.0
,,,,,,,A34,latent_d1_component1,fixed_dimension_sensitivity_ablation,A,,240.0,ok,0.6939653628091961,0.8346519402723417,0.0044236016079286,0.9282868525896414,0.7034598369917915,0.5372023809523809,0.782608695652174,0.4581939799331103,0.5208333333333334,ok,-0.154022834050008,,,1.0,1.0
,,,,,,,A38,latent_d1_component1,fixed_dimension_sensitivity_ablation,A,,240.0,ok,1.5702183366584708,1.9471748744606971,0.001229552296395,0.0597609561752988,1.5541117312412616,0.592436974789916,0.625,0.7208333333333333,0.6176470588235294,ok,0.0353116246498599,,,1.0,1.0
,,,,,,,A42,latent_d1_component1,fixed_dimension_sensitivity_ablation,A,,240.0,ok,0.1014336270734178,0.1336036424045035,0.0049076294691932,0.5976095617529881,0.1046729173837922,0.6000000000000001,0.3850340136054422,0.6993197278911565,0.5046153846153847,ok,0.2048351648351648,,,1.0,1.0
,,,,,,,A50,latent_d1_component1,fixed_dimension_sensitivity_ablation,A,,240.0,ok,0.1067082855596084,0.1174967600362109,0.0045520367142817,0.1752988047808765,0.1018605940395202,0.5426356589147288,0.4880952380952381,0.6106442577030812,0.6098191214470283,ok,0.0276827785377717,,,1.0,1.0
,,,,,,,A54,latent_d1_component1,fixed_dimension_sensitivity_ablation,A,,240.0,ok,0.0682832668958834,0.4414491822005694,0.0052277388255936,0.5179282868525896,0.0737919629024628,0.4855769230769231,0.5283333333333332,0.5700000000000001,0.4555288461538462,ok,0.0358573717948718,,,1.0,1.0
,,,,,,,B62,latent_d1_component1,fixed_dimension_sensitivity_ablation,B,,239.0,ok,0.7712492290918775,0.3205879785647335,0.0057329727671349,0.0039840637450199,0.7058522290437019,0.8535714285714286,0.7655826558265583,0.8672086720867209,0.8988095238095238,ok,0.0281939605110337,,,1.0,1.0
,,,,,,,B66,latent_d1_component1,fixed_dimension_sensitivity_ablation,B,,239.0,ok,0.539721386054122,0.5173377609088088,0.0047559500380763,0.0039840637450199,0.3850162284316378,0.5406976744186046,0.4456521739130434,0.5062111801242236,0.6962209302325582,ok,-0.0474821248013866,,,1.0,1.0
,,,,,,,B74,latent_d1_component1,fixed_dimension_sensitivity_ablation,B,,240.0,ok,0.5258513023504474,0.8385148911863742,0.0051321959641643,0.0278884462151394,0.5014089776134932,0.6936090225563909,0.7481684981684982,0.6877289377289377,0.3872180451127819,ok,0.1229757085020242,,,1.0,1.0
,,,,,,,B78,latent_d1_component1,fixed_dimension_sensitivity_ablation,B,,239.0,ok,1.3191215866876007,1.5199533478940044,0.0015718392413371,0.0557768924302788,1.2918078101362562,0.7788617886178861,0.7900207900207901,0.7006237006237006,0.689430894308943,ok,1.6902455926837145e-05,,,1.0,1.0
,,,,,,,C82,latent_d1_component1,fixed_dimension_sensitivity_ablation,C,,240.0,ok,0.9061850322460284,0.3187557233313556,0.0022995599000251,1.0,0.9386127322912002,0.53125,0.5792592592592593,0.4266666666666666,0.61125,ok,-0.1162962962962962,,,1.0,1.0
,,,,,,,A3,latent_d1_component1,fixed_dimension_sensitivity_ablation,A,,240.0,ok,0.6257649526627274,1.2783204299625508,0.0033276060466916,1.0,0.693239540793275,0.9291819291819292,0.8426812585499316,0.8426812585499316,0.945054945054945,ok,-0.0079365079365079,,,1.0,1.0
,,,,,,,A15,latent_d1_component1,fixed_dimension_sensitivity_ablation,A,,240.0,ok,1.171705943814688,0.371003999648195,0.0039421512698734,0.1872509960159362,1.170223140303212,0.6974025974025975,0.7057416267942584,0.6973684210526316,0.6142857142857143,ok,0.0373718386876281,,,1.0,1.0
,,,,,,,A19,latent_d1_component1,fixed_dimension_sensitivity_ablation,A,,240.0,ok,0.8581640887542189,1.8371654193451252,0.0033930182837142,0.0079681274900398,0.8561986762550109,0.8753387533875339,0.9451871657754012,0.9799465240641712,0.9742547425474256,ok,-0.0320783154355607,,,1.0,1.0
,,,,,,,A23,latent_d1_component1,fixed_dimension_sensitivity_ablation,A,,240.0,ok,0.2371609289399502,0.7875991181722795,0.0012492464751384,0.0079681274900398,0.1771710190856524,0.7173913043478262,0.8260869565217391,0.7141304347826086,0.6841432225063938,ok,-0.039354219948849,,,1.0,1.0
,,,,,,,A27,latent_d1_component1,fixed_dimension_sensitivity_ablation,A,,238.0,ok,1.4069827661374523,0.7363708052474603,0.004570704678917,0.9880478087649402,1.4147950235334603,0.4558823529411764,0.5658823529411765,0.3964705882352941,0.4037433155080214,ok,-0.0586363636363636,,,1.0,1.0
,,,,,,,A31,latent_d1_component1,fixed_dimension_sensitivity_ablation,A,,238.0,ok,0.731611959855078,1.333096731512238,0.0019245622913137,0.0199203187250996,0.7195474576794857,0.573170731707317,0.673469387755102,0.5414965986394559,0.5299334811529933,ok,-0.0443677692806612,,,1.0,1.0
,,,,,,,A35,latent_d1_component1,fixed_dimension_sensitivity_ablation,A,,240.0,ok,1.283391836641622,2.0830844701245224,0.0024555397044191,0.0916334661354581,1.2811060395155018,0.92125,0.8738425925925927,0.8645833333333333,0.82,ok,0.0459953703703703,,,1.0,1.0
,,,,,,,A43,latent_d1_component1,fixed_dimension_sensitivity_ablation,A,,239.0,ok,0.1626861754328611,0.2572704548117011,0.0141881511272106,0.2868525896414343,0.1618543807366769,0.5923392612859097,0.6506410256410255,0.6826923076923077,0.5540355677154583,ok,0.0351774878108668,,,1.0,1.0
,,,,,,,A51,latent_d1_component1,fixed_dimension_sensitivity_ablation,A,,240.0,ok,0.0574822587665174,0.2410502571466303,0.0039162352369839,0.5657370517928287,0.064972964188035,0.5434210526315789,0.5588235294117647,0.5013368983957218,0.5381578947368422,ok,-0.026111736560653,,,1.0,1.0
,,,,,,,A55,latent_d1_component1,fixed_dimension_sensitivity_ablation,A,,240.0,ok,0.1210518786429247,0.4543801049202549,0.054254627424204,0.1513944223107569,0.1115490001639813,0.6848072562358276,0.5779411764705882,0.6352941176470588,0.6598639455782314,ok,0.0411481259170334,,,1.0,1.0
,,,,,,,B63,latent_d1_component1,fixed_dimension_sensitivity_ablation,B,,238.0,ok,0.5934187673611107,0.8245725382851457,0.0091256492812217,0.0836653386454183,0.5583583158318602,0.4047619047619047,0.6086474501108647,0.4368070953436807,0.5920634920634921,ok,-0.1795709710343856,,,1.0,1.0
,,,,,,,B67,latent_d1_component1,fixed_dimension_sensitivity_ablation,B,,239.0,ok,0.6294867083061495,0.423060392908729,0.0071178294513291,0.0039840637450199,0.3747686537858455,0.6792929292929293,0.6277777777777778,0.6930555555555556,0.5303030303030303,ok,0.1071338383838384,,,1.0,1.0
,,,,,,,B79,latent_d1_component1,fixed_dimension_sensitivity_ablation,B,,237.0,ok,0.8750386415629554,1.6468110223792116,0.0036725094883744,0.9362549800796812,0.9015002817605487,0.7918552036199095,0.8977932636469222,0.8803716608594657,0.933634992458522,ok,-0.0796006958130344,,,1.0,1.0
,,,,,,,C83,latent_d1_component1,fixed_dimension_sensitivity_ablation,C,,239.0,ok,0.0949792968471941,0.1436381746389103,0.0094500960288299,0.6573705179282868,0.0980392026088854,0.5638792102206736,0.5178062678062678,0.6168091168091168,0.5998838559814169,ok,0.0314991016210527,,,1.0,1.0
,,,,,,,C87,latent_d1_component1,fixed_dimension_sensitivity_ablation,C,,238.0,ok,0.4996525493225778,0.3695206903836467,0.0073847514255614,0.0039840637450199,0.3770132869205601,0.8532818532818534,0.6039952996474736,0.6498237367802585,0.8056628056628057,ok,0.0467237423759163,,,1.0,1.0
,,,,,,,A4,latent_d1_component1,fixed_dimension_sensitivity_ablation,A,,239.0,ok,0.4358208147740375,2.138590358658033,0.0033216870956873,0.298804780876494,0.4313031325289523,0.5852941176470589,0.5234042553191489,0.4638297872340425,0.6352941176470589,ok,-0.0547872340425532,,,1.0,1.0
,,,,,,,A8,latent_d1_component1,fixed_dimension_sensitivity_ablation,A,,240.0,ok,0.5596142820103744,2.027490537195644,0.0020506452133518,0.0039840637450199,0.4737524107480205,0.6210670314637483,0.5482295482295483,0.5384615384615384,0.682626538987688,ok,-0.0356637586459747,,,1.0,1.0
,,,,,,,A12,latent_d1_component1,fixed_dimension_sensitivity_ablation,A,,240.0,ok,1.070978681620708,0.628675052456826,0.0008275645384582,0.8605577689243028,1.0986727014211306,0.6394557823129251,0.5339366515837104,0.5007541478129713,0.4884353741496599,ok,0.058918952196263,,,1.0,1.0
,,,,,,,A16,latent_d1_component1,fixed_dimension_sensitivity_ablation,A,,240.0,ok,0.3839502543404415,2.1790812514571374,0.0009466255246697,0.900398406374502,0.4115306368271251,0.712962962962963,0.5686777920410783,0.5096277278562259,0.4880952380952381,ok,0.0829088303414362,,,1.0,1.0
,,,,,,,A20,latent_d1_component1,fixed_dimension_sensitivity_ablation,A,,237.0,ok,0.4887035485081855,1.2888564451377509,0.0055255996477991,0.6613545816733067,0.4909050271593411,0.8534850640113797,0.9015384615384616,0.8999999999999999,0.7823613086770982,ok,0.0347926468979098,,,1.0,1.0
,,,,,,,A40,latent_d1_component1,fixed_dimension_sensitivity_ablation,A,,232.0,ok,0.4609257695913241,1.0686026662450008,0.0034854942182004,0.6135458167330677,0.4637749984787236,0.668918918918919,0.3102564102564102,0.6294871794871795,0.5689189189189189,ok,0.2096153846153846,,,1.0,1.0
,,,,,,,A44,latent_d1_component1,fixed_dimension_sensitivity_ablation,A,,240.0,ok,0.0757633308939331,0.2613535987737155,0.0068164301290946,0.7529880478087649,0.0896535136377667,0.6416666666666666,0.5726190476190476,0.6291666666666667,0.6027777777777779,ok,0.0477182539682539,,,1.0,1.0
,,,,,,,A48,latent_d1_component1,fixed_dimension_sensitivity_ablation,A,,239.0,ok,0.2103476756372772,0.4517430332428642,0.017796241779585,0.3625498007968127,0.2013810436139654,0.499375,0.534688995215311,0.6889952153110048,0.6575,ok,-0.001909389952153,,,1.0,1.0
,,,,,,,A52,latent_d1_component1,fixed_dimension_sensitivity_ablation,A,,237.0,ok,0.1251927861467399,0.1958726179225089,0.0043788745484094,0.6175298804780877,0.1280821114378464,0.5710928319623971,0.4786967418546365,0.6221804511278197,0.4888366627497061,ok,0.112869939242937,,,1.0,1.0
,,,,,,,A56,latent_d1_component1,fixed_dimension_sensitivity_ablation,A,,240.0,ok,0.1492060945155654,0.4860317035808051,0.0392860430543072,0.099601593625498,0.1249848114416903,0.5440476190476191,0.5614035087719298,0.5614035087719298,0.5785714285714284,ok,-0.0172619047619046,,,1.0,1.0
,,,,,,,A60,latent_d1_component1,fixed_dimension_sensitivity_ablation,A,,240.0,ok,0.0661499753944174,0.245854528417005,0.0063745573355485,0.4023904382470119,0.0669318019599123,0.4478260869565217,0.3252032520325203,0.4281842818428183,0.508695652173913,ok,0.0210557322964534,,,1.0,1.0
,,,,,,,B64,latent_d1_component1,fixed_dimension_sensitivity_ablation,B,,238.0,ok,0.3792593311281419,0.7834046451829937,0.0037426854359249,0.3864541832669322,0.3772642400160181,0.6802721088435374,0.4621052631578947,0.4210526315789473,0.5850340136054422,ok,0.0270927318295739,,,1.0,1.0
,,,,,,,B68,latent_d1_component1,fixed_dimension_sensitivity_ablation,B,,239.0,ok,0.5123142671278129,1.4830189928262387,0.0027073113392956,0.0119521912350597,0.4701344082203663,0.4933862433862434,0.4888888888888889,0.3123456790123457,0.6574074074074073,ok,-0.1702821869488535,,,1.0,1.0
,,,,,,,B80,latent_d1_component1,fixed_dimension_sensitivity_ablation,B,,240.0,ok,0.1824084066949849,0.3393239446970946,0.0020491402062767,0.6852589641434262,0.1940076764664919,0.5136054421768708,0.5740740740740741,0.4708994708994708,0.5034013605442177,ok,-0.046485260770975,,,1.0,1.0
,,,,,,,A1,latent_d2_component1,fixed_dimension_sensitivity_ablation,A,,238.0,ok,0.2886043083609723,0.3283254240573664,0.0069627229950496,0.7928286852589641,0.2993762254772136,0.7868589743589745,0.6820728291316527,0.7675070028011204,0.8108974358974359,ok,0.0306978560655031,,,2.0,1.0
,,,,,,,A5,latent_d2_component1,fixed_dimension_sensitivity_ablation,A,,238.0,ok,1.5255856530710468,2.002337874311805,0.0017317208578673,0.9760956175298804,1.5361182700837417,0.4736024844720497,0.6256613756613757,0.5634920634920635,0.5916149068322981,ok,-0.0900908672647803,,,2.0,1.0
,,,,,,,A29,latent_d2_component1,fixed_dimension_sensitivity_ablation,A,,238.0,ok,1.3572293646103777,2.3360137065060305,0.0018107612044916,0.8685258964143426,1.3718077699977416,0.5333333333333333,0.3658536585365853,0.5107604017216643,0.6833333333333333,ok,-0.0025466284074605,,,2.0,1.0
,,,,,,,A33,latent_d2_component1,fixed_dimension_sensitivity_ablation,A,,240.0,ok,1.3938615040128368,0.941474932409528,0.0027312023455994,0.0039840637450199,1.3900652679979104,0.8947368421052632,0.8218623481781376,0.8259109311740891,0.9057527539779682,ok,-0.0034836644383767,,,2.0,1.0
,,,,,,,A37,latent_d2_component1,fixed_dimension_sensitivity_ablation,A,,239.0,ok,1.1720171138466604,1.9267659771821832,0.0018536537341513,0.9243027888446216,1.174321284403473,0.626453488372093,0.6768507638072856,0.7685076380728554,0.5174418604651163,ok,0.1003342510862732,,,2.0,1.0
,,,,,,,A41,latent_d2_component1,fixed_dimension_sensitivity_ablation,A,,236.0,ok,1.161080427966732,0.9796906248486816,0.0030600783082185,0.0039840637450199,0.7518019115994597,0.6477732793522266,0.6342780026990553,0.7058029689608637,0.5964912280701754,ok,0.0614035087719297,,,2.0,1.0
,,,,,,,A45,latent_d2_component1,fixed_dimension_sensitivity_ablation,A,,240.0,ok,0.0504229417233335,0.1286951651597796,0.0010669859334726,0.7131474103585658,0.0524743513261269,0.4714445688689809,0.5606837606837607,0.5555555555555556,0.4848824188129899,ok,-0.009283027536107,,,2.0,1.0
,,,,,,,B69,latent_d2_component1,fixed_dimension_sensitivity_ablation,B,,240.0,ok,0.5958913802238262,0.253272201936267,0.0056249056496253,0.3784860557768924,0.5948521772640736,0.952136752136752,0.9037037037037036,0.7814814814814814,0.8,ok,0.0149572649572649,,,2.0,1.0
,,,,,,,B73,latent_d2_component1,fixed_dimension_sensitivity_ablation,B,,238.0,ok,0.5192947473089423,1.0728501833881043,0.0012507249100148,0.8047808764940239,0.5431963789984655,0.9247311827956988,0.9423076923076924,0.9487179487179488,0.8402457757296466,ok,0.0454478317381543,,,2.0,1.0
,,,,,,,B77,latent_d2_component1,fixed_dimension_sensitivity_ablation,B,,239.0,ok,0.8873675542236026,1.0631326900191689,0.0071723861480175,0.0039840637450199,0.5579134940603724,0.6437246963562753,0.6985871271585558,0.5321821036106751,0.47638326585695,ok,0.0004682034757222,,,2.0,1.0
,,,,,,,B81,latent_d2_component1,fixed_dimension_sensitivity_ablation,B,,240.0,ok,0.5603473988856663,0.6001577092912157,0.008451053924758,0.0438247011952191,0.5009562842060659,0.4585365853658537,0.5181818181818182,0.6625,0.2634146341463415,ok,0.169720066518847,,,2.0,1.0
,,,,,,,C85,latent_d2_component1,fixed_dimension_sensitivity_ablation,C,,240.0,ok,0.2136814805262462,0.0927980562799487,0.0125012373180166,0.6932270916334662,0.2182908776970246,0.6685606060606061,0.5482625482625483,0.5135135135135134,0.6357323232323232,ok,-0.000960375960376,,,2.0,1.0
,,,,,,,A2,latent_d2_component1,fixed_dimension_sensitivity_ablation,A,,238.0,ok,0.415177488515533,1.740516112113881,0.0011276976498861,0.7609561752988048,0.4287517127578918,0.5662393162393162,0.6046511627906976,0.5431893687707642,0.5373931623931624,ok,-0.0163078200868898,,,2.0,1.0
,,,,,,,A6,latent_d2_component1,fixed_dimension_sensitivity_ablation,A,,238.0,ok,2.0120701361650606,0.7939791213254236,0.0016050045347775,0.0039840637450199,1.9885932910092377,0.766367137355584,0.6471631205673759,0.7411347517730497,0.6572528883183568,ok,0.1015429401214504,,,2.0,1.0
,,,,,,,A14,latent_d2_component1,fixed_dimension_sensitivity_ablation,A,,236.0,ok,1.5091925812221283,1.3325132552266226,0.0008999700837114,1.0,1.707202997644833,0.5311653116531165,0.4973684210526315,0.5460526315789475,0.4728997289972899,ok,0.0534748965910712,,,2.0,1.0
,,,,,,,A18,latent_d2_component1,fixed_dimension_sensitivity_ablation,A,,240.0,ok,0.3158698419113821,2.4390943537309564,0.0012743035199536,1.0,0.3315189949936953,0.6203007518796992,0.882063882063882,0.8710073710073709,0.738095238095238,ok,-0.0644254986360249,,,2.0,1.0
,,,,,,,A22,latent_d2_component1,fixed_dimension_sensitivity_ablation,A,,239.0,ok,0.3109435204643326,0.2796143165630984,0.0035823353620245,0.1513944223107569,0.2977278214734505,0.5928571428571429,0.8394736842105263,0.838157894736842,0.7869047619047619,ok,-0.0976817042606516,,,2.0,1.0
,,,,,,,A26,latent_d2_component1,fixed_dimension_sensitivity_ablation,A,,237.0,ok,1.059945127864264,0.5678655764528399,0.0022695344288174,0.0039840637450199,1.040432023192113,0.5916666666666667,0.7097532314923619,0.708578143360752,0.6869047619047619,ok,-0.0482065916848525,,,2.0,1.0
,,,,,,,A34,latent_d2_component1,fixed_dimension_sensitivity_ablation,A,,240.0,ok,0.693965362809196,0.8346519402723414,0.0044236016079286,0.8804780876494024,0.7017978296966678,0.5372023809523809,0.782608695652174,0.4581939799331103,0.5208333333333334,ok,-0.154022834050008,,,2.0,1.0
,,,,,,,A38,latent_d2_component1,fixed_dimension_sensitivity_ablation,A,,240.0,ok,1.5702183366584737,1.9471748744606976,0.0012295522963953,0.0438247011952191,1.5517346574804782,0.592436974789916,0.625,0.7208333333333333,0.6176470588235294,ok,0.0353116246498599,,,2.0,1.0
,,,,,,,A42,latent_d2_component1,fixed_dimension_sensitivity_ablation,A,,240.0,ok,0.1014336270734178,0.1336036424045035,0.004907629469193,0.5537848605577689,0.1048499112654819,0.6000000000000001,0.3850340136054422,0.6993197278911565,0.5046153846153847,ok,0.2048351648351648,,,2.0,1.0
,,,,,,,A50,latent_d2_component1,fixed_dimension_sensitivity_ablation,A,,240.0,ok,0.1067082855596084,0.117496760036211,0.0045520367142815,0.2071713147410358,0.1029327758621536,0.5426356589147288,0.4880952380952381,0.6106442577030812,0.6098191214470283,ok,0.0276827785377717,,,2.0,1.0
,,,,,,,A54,latent_d2_component1,fixed_dimension_sensitivity_ablation,A,,240.0,ok,0.0682832668958834,0.4414491822005688,0.0052277388255934,0.549800796812749,0.0745834368910104,0.4855769230769231,0.5283333333333332,0.5700000000000001,0.4555288461538462,ok,0.0358573717948718,,,2.0,1.0
,,,,,,,B62,latent_d2_component1,fixed_dimension_sensitivity_ablation,B,,239.0,ok,0.7712492290918773,0.3205879785647334,0.0057329727671349,0.0039840637450199,0.7063666902985184,0.8535714285714286,0.7655826558265583,0.8672086720867209,0.8988095238095238,ok,0.0281939605110337,,,2.0,1.0
,,,,,,,B66,latent_d2_component1,fixed_dimension_sensitivity_ablation,B,,239.0,ok,0.5397213860541219,0.5173377609088088,0.0047559500380763,0.0039840637450199,0.3858288102023367,0.5406976744186046,0.4456521739130434,0.5062111801242236,0.6962209302325582,ok,-0.0474821248013866,,,2.0,1.0
,,,,,,,B74,latent_d2_component1,fixed_dimension_sensitivity_ablation,B,,240.0,ok,0.5258513023504475,0.8385148911863743,0.0051321959641643,0.0199203187250996,0.5008174279484428,0.6936090225563909,0.7481684981684982,0.6877289377289377,0.3872180451127819,ok,0.1229757085020242,,,2.0,1.0
,,,,,,,B78,latent_d2_component1,fixed_dimension_sensitivity_ablation,B,,239.0,ok,1.3191215866876007,1.5199533478940044,0.0015718392413369,0.0438247011952191,1.2915119942754278,0.7788617886178861,0.7900207900207901,0.7006237006237006,0.689430894308943,ok,1.6902455926837145e-05,,,2.0,1.0
,,,,,,,C82,latent_d2_component1,fixed_dimension_sensitivity_ablation,C,,240.0,ok,0.9061850322460282,0.3187557233313555,0.0022995599000252,1.0,0.9395823009205352,0.53125,0.5792592592592593,0.4266666666666666,0.61125,ok,-0.1162962962962962,,,2.0,1.0
,,,,,,,A3,latent_d2_component1,fixed_dimension_sensitivity_ablation,A,,240.0,ok,0.6257649526627266,1.2783204299625504,0.0033276060466916,1.0,0.6937930181011298,0.9291819291819292,0.8426812585499316,0.8426812585499316,0.945054945054945,ok,-0.0079365079365079,,,2.0,1.0
,,,,,,,A15,latent_d2_component1,fixed_dimension_sensitivity_ablation,A,,240.0,ok,1.1717059438146882,0.3710039996481945,0.0039421512698734,0.2549800796812749,1.1705295651937104,0.6974025974025975,0.7057416267942584,0.6973684210526316,0.6142857142857143,ok,0.0373718386876281,,,2.0,1.0
,,,,,,,A19,latent_d2_component1,fixed_dimension_sensitivity_ablation,A,,240.0,ok,0.8581640887542186,1.8371654193451243,0.003393018283714,0.0119521912350597,0.8562551739318188,0.8753387533875339,0.9451871657754012,0.9799465240641712,0.9742547425474256,ok,-0.0320783154355607,,,2.0,1.0
,,,,,,,A23,latent_d2_component1,fixed_dimension_sensitivity_ablation,A,,240.0,ok,0.2371609289399504,0.7875991181722801,0.0012492464751384,0.0079681274900398,0.1771237540816689,0.7173913043478262,0.8260869565217391,0.7141304347826086,0.6841432225063938,ok,-0.039354219948849,,,2.0,1.0
,,,,,,,A27,latent_d2_component1,fixed_dimension_sensitivity_ablation,A,,238.0,ok,1.4069827661374514,0.73637080524746,0.0045707046789171,0.9840637450199204,1.4145425372979843,0.4558823529411764,0.5658823529411765,0.3964705882352941,0.4037433155080214,ok,-0.0586363636363636,,,2.0,1.0
,,,,,,,A31,latent_d2_component1,fixed_dimension_sensitivity_ablation,A,,238.0,ok,0.7316119598550778,1.3330967315122375,0.0019245622913139,0.0358565737051792,0.7188858529190684,0.573170731707317,0.673469387755102,0.5414965986394559,0.5299334811529933,ok,-0.0443677692806612,,,2.0,1.0
,,,,,,,A35,latent_d2_component1,fixed_dimension_sensitivity_ablation,A,,240.0,ok,1.2833918366416224,2.083084470124524,0.0024555397044192,0.0637450199203187,1.2810251534234385,0.92125,0.8738425925925927,0.8645833333333333,0.82,ok,0.0459953703703703,,,2.0,1.0
,,,,,,,A43,latent_d2_component1,fixed_dimension_sensitivity_ablation,A,,239.0,ok,0.1626861754328611,0.2572704548116997,0.0141881511272105,0.2948207171314741,0.161984188785097,0.5923392612859097,0.6506410256410255,0.6826923076923077,0.5540355677154583,ok,0.0351774878108668,,,2.0,1.0
,,,,,,,A51,latent_d2_component1,fixed_dimension_sensitivity_ablation,A,,240.0,ok,0.0574822587665175,0.2410502571466317,0.0039162352369839,0.5577689243027888,0.065914330847595,0.5434210526315789,0.5588235294117647,0.5013368983957218,0.5381578947368422,ok,-0.026111736560653,,,2.0,1.0
,,,,,,,A55,latent_d2_component1,fixed_dimension_sensitivity_ablation,A,,240.0,ok,0.1210518786429247,0.4543801049202549,0.054254627424204,0.1075697211155378,0.1108426563418048,0.6848072562358276,0.5779411764705882,0.6352941176470588,0.6598639455782314,ok,0.0411481259170334,,,2.0,1.0
,,,,,,,B63,latent_d2_component1,fixed_dimension_sensitivity_ablation,B,,238.0,ok,0.5934187673611109,0.8245725382851459,0.0091256492812217,0.0876494023904382,0.5583131984476887,0.4047619047619047,0.6086474501108647,0.4368070953436807,0.5920634920634921,ok,-0.1795709710343856,,,2.0,1.0
,,,,,,,B67,latent_d2_component1,fixed_dimension_sensitivity_ablation,B,,239.0,ok,0.6294867083061495,0.423060392908729,0.0071178294513291,0.0039840637450199,0.3742939998864782,0.6792929292929293,0.6277777777777778,0.6930555555555556,0.5303030303030303,ok,0.1071338383838384,,,2.0,1.0
,,,,,,,B79,latent_d2_component1,fixed_dimension_sensitivity_ablation,B,,237.0,ok,0.8750386415629551,1.6468110223792116,0.0036725094883744,0.9243027888446216,0.8998086662551439,0.7918552036199095,0.8977932636469222,0.8803716608594657,0.933634992458522,ok,-0.0796006958130344,,,2.0,1.0
,,,,,,,C83,latent_d2_component1,fixed_dimension_sensitivity_ablation,C,,239.0,ok,0.0949792968471941,0.1436381746389105,0.0094500960288301,0.6454183266932271,0.097649438577518,0.5638792102206736,0.5178062678062678,0.6168091168091168,0.5998838559814169,ok,0.0314991016210527,,,2.0,1.0
,,,,,,,C87,latent_d2_component1,fixed_dimension_sensitivity_ablation,C,,238.0,ok,0.4996525493225785,0.3695206903836469,0.0073847514255617,0.0039840637450199,0.3782460277879722,0.8532818532818534,0.6039952996474736,0.6498237367802585,0.8056628056628057,ok,0.0467237423759163,,,2.0,1.0
,,,,,,,A4,latent_d2_component1,fixed_dimension_sensitivity_ablation,A,,239.0,ok,0.4358208147740375,2.138590358658033,0.0033216870956873,0.2868525896414343,0.4319868660587424,0.5852941176470589,0.5234042553191489,0.4638297872340425,0.6352941176470589,ok,-0.0547872340425532,,,2.0,1.0
,,,,,,,A8,latent_d2_component1,fixed_dimension_sensitivity_ablation,A,,240.0,ok,0.5596142820103757,2.027490537195645,0.0020506452133516,0.0039840637450199,0.4742554028294939,0.6210670314637483,0.5482295482295483,0.5384615384615384,0.682626538987688,ok,-0.0356637586459747,,,2.0,1.0
,,,,,,,A12,latent_d2_component1,fixed_dimension_sensitivity_ablation,A,,240.0,ok,1.0709786816207074,0.6286750524568266,0.0008275645384583,0.896414342629482,1.1014022899989926,0.6394557823129251,0.5339366515837104,0.5007541478129713,0.4884353741496599,ok,0.058918952196263,,,2.0,1.0
,,,,,,,A16,latent_d2_component1,fixed_dimension_sensitivity_ablation,A,,240.0,ok,0.3839502543404405,2.1790812514571374,0.0009466255246698,0.9163346613545816,0.413913250417316,0.712962962962963,0.5686777920410783,0.5096277278562259,0.4880952380952381,ok,0.0829088303414362,,,2.0,1.0
,,,,,,,A20,latent_d2_component1,fixed_dimension_sensitivity_ablation,A,,237.0,ok,0.4887035485081855,1.288856445137751,0.005525599647799,0.6533864541832669,0.4911545772130694,0.8534850640113797,0.9015384615384616,0.8999999999999999,0.7823613086770982,ok,0.0347926468979098,,,2.0,1.0
,,,,,,,A40,latent_d2_component1,fixed_dimension_sensitivity_ablation,A,,232.0,ok,0.4609257695913241,1.0686026662450006,0.0034854942182002,0.6573705179282868,0.4643785942018061,0.668918918918919,0.3102564102564102,0.6294871794871795,0.5689189189189189,ok,0.2096153846153846,,,2.0,1.0
,,,,,,,A44,latent_d2_component1,fixed_dimension_sensitivity_ablation,A,,240.0,ok,0.0757633308939332,0.2613535987737158,0.0068164301290947,0.8047808764940239,0.0888268726611449,0.6416666666666666,0.5726190476190476,0.6291666666666667,0.6027777777777779,ok,0.0477182539682539,,,2.0,1.0
,,,,,,,A48,latent_d2_component1,fixed_dimension_sensitivity_ablation,A,,239.0,ok,0.2103476756372778,0.451743033242864,0.017796241779585,0.3545816733067729,0.2009050082192363,0.499375,0.534688995215311,0.6889952153110048,0.6575,ok,-0.001909389952153,,,2.0,1.0
,,,,,,,A52,latent_d2_component1,fixed_dimension_sensitivity_ablation,A,,237.0,ok,0.1251927861467399,0.1958726179225089,0.0043788745484093,0.649402390438247,0.1280974531017086,0.5710928319623971,0.4786967418546365,0.6221804511278197,0.4888366627497061,ok,0.112869939242937,,,2.0,1.0
,,,,,,,A56,latent_d2_component1,fixed_dimension_sensitivity_ablation,A,,240.0,ok,0.1492060945155655,0.4860317035808051,0.0392860430543073,0.0677290836653386,0.1236077008132628,0.5440476190476191,0.5614035087719298,0.5614035087719298,0.5785714285714284,ok,-0.0172619047619046,,,2.0,1.0
,,,,,,,A60,latent_d2_component1,fixed_dimension_sensitivity_ablation,A,,240.0,ok,0.0661499753944175,0.2458545284170058,0.0063745573355482,0.3784860557768924,0.0667647912516783,0.4478260869565217,0.3252032520325203,0.4281842818428183,0.508695652173913,ok,0.0210557322964534,,,2.0,1.0
,,,,,,,B64,latent_d2_component1,fixed_dimension_sensitivity_ablation,B,,238.0,ok,0.3792593311281418,0.7834046451829939,0.0037426854359249,0.3745019920318725,0.3765521431455098,0.6802721088435374,0.4621052631578947,0.4210526315789473,0.5850340136054422,ok,0.0270927318295739,,,2.0,1.0
,,,,,,,B68,latent_d2_component1,fixed_dimension_sensitivity_ablation,B,,239.0,ok,0.5123142671278128,1.4830189928262385,0.0027073113392956,0.0079681274900398,0.4694638785709327,0.4933862433862434,0.4888888888888889,0.3123456790123457,0.6574074074074073,ok,-0.1702821869488535,,,2.0,1.0
,,,,,,,B80,latent_d2_component1,fixed_dimension_sensitivity_ablation,B,,240.0,ok,0.1824084066949849,0.3393239446970946,0.0020491402062766,0.701195219123506,0.1957244315306328,0.5136054421768708,0.5740740740740741,0.4708994708994708,0.5034013605442177,ok,-0.046485260770975,,,2.0,1.0
,,,,,,,A1,latent_d2_component2,fixed_dimension_sensitivity_ablation,A,,238.0,ok,0.2858253374722194,0.4114684924245156,0.0023015662415762,0.9482071713147412,0.295922735072663,0.8428805237315876,0.9247606019151848,0.6826265389876881,0.630114566284779,ok,-0.014684052740344,,,2.0,2.0
,,,,,,,A5,latent_d2_component2,fixed_dimension_sensitivity_ablation,A,,238.0,ok,1.5725469039620892,2.2336798598501004,0.0066653342485702,1.0,1.650866650972363,0.5441860465116279,0.6185185185185185,0.5833333333333334,0.6453488372093024,ok,-0.0681739879414297,,,2.0,2.0
,,,,,,,A29,latent_d2_component2,fixed_dimension_sensitivity_ablation,A,,238.0,ok,1.3242889242800158,2.5851923768926603,0.0146384663554604,0.6812749003984063,1.3313101855639398,0.6337209302325582,0.6970588235294117,0.6279411764705882,0.4511627906976744,ok,0.0567202462380301,,,2.0,2.0
,,,,,,,A33,latent_d2_component2,fixed_dimension_sensitivity_ablation,A,,240.0,ok,1.4671842342965744,0.9356192948846708,0.0036231567670671,0.0079681274900398,1.4478940304193324,0.9281842818428184,0.874390243902439,0.6658536585365854,0.8048780487804879,ok,-0.0426151761517615,,,2.0,2.0
,,,,,,,A37,latent_d2_component2,fixed_dimension_sensitivity_ablation,A,,239.0,ok,1.1534508189478136,1.775504961211812,0.0043979179855917,1.0,1.166754821152223,0.6312500000000001,0.4342105263157894,0.7065789473684211,0.72,ok,0.0918092105263158,,,2.0,2.0
,,,,,,,A41,latent_d2_component2,fixed_dimension_sensitivity_ablation,A,,236.0,ok,1.0771908013118423,0.9997121073948344,0.0033429943060019,0.0039840637450199,0.7542297410936377,0.6407894736842107,0.6819444444444445,0.6708333333333334,0.4710526315789474,ok,0.0793128654970761,,,2.0,2.0
,,,,,,,A45,latent_d2_component2,fixed_dimension_sensitivity_ablation,A,,240.0,ok,0.056990471633154,0.1113265337006415,0.0097658945503872,0.0358565737051792,0.0516056316746042,0.5123873873873874,0.4141929499072356,0.6168831168831168,0.4876126126126126,ok,0.1137324708753279,,,2.0,2.0
,,,,,,,B69,latent_d2_component2,fixed_dimension_sensitivity_ablation,B,,240.0,ok,0.5812387543303267,0.147659751678551,0.0036122824440639,0.2111553784860557,0.5768669196099986,0.9310710498409333,0.7954545454545454,0.8208556149732621,0.8886532343584305,ok,0.0339094425006096,,,2.0,2.0
,,,,,,,B73,latent_d2_component2,fixed_dimension_sensitivity_ablation,B,,238.0,ok,1.0156931646170175,1.455924887985451,0.0154657985187093,0.0039840637450199,0.3894580349858043,0.8903703703703704,0.8959899749373433,0.9323308270676692,0.8266666666666667,ok,0.0500222779170147,,,2.0,2.0
,,,,,,,B77,latent_d2_component2,fixed_dimension_sensitivity_ablation,B,,239.0,ok,0.5985566035404446,0.7857931803493151,0.0029324088680059,0.0039840637450199,0.5317362771612115,0.6479690522243713,0.6771196283391405,0.4924506387921022,0.6479690522243714,ok,-0.0923344947735192,,,2.0,2.0
,,,,,,,B81,latent_d2_component2,fixed_dimension_sensitivity_ablation,B,,240.0,ok,0.508986555962939,0.3419331036768706,0.0047611558607478,0.4382470119521912,0.5128992803349778,0.3647490820073439,0.5297619047619048,0.4657738095238095,0.5348837209302325,ok,-0.1170613670804919,,,2.0,2.0
,,,,,,,C85,latent_d2_component2,fixed_dimension_sensitivity_ablation,C,,240.0,ok,0.1737583102932383,0.1945498327468087,0.0060892948097772,1.0,0.192093423439936,0.5789473684210527,0.5732558139534883,0.6662790697674419,0.5152354570637119,ok,0.0783675835856471,,,2.0,2.0
,,,,,,,A2,latent_d2_component2,fixed_dimension_sensitivity_ablation,A,,238.0,ok,0.3867308160485183,1.8434461253456065,0.0024444874201465,0.6095617529880478,0.3933369425283106,0.4935437589670014,0.5667828106852497,0.5656213704994193,0.5882352941176471,ok,-0.047926487668238,,,2.0,2.0
,,,,,,,A6,latent_d2_component2,fixed_dimension_sensitivity_ablation,A,,238.0,ok,2.095792848971147,0.878024949075113,0.0057502289132425,1.0,2.138974534511529,0.7204861111111112,0.6763157894736842,0.781578947368421,0.7673611111111112,ok,0.0291940789473684,,,2.0,2.0
,,,,,,,A14,latent_d2_component2,fixed_dimension_sensitivity_ablation,A,,236.0,ok,1.3351854232633458,1.6180891424613502,0.0040270818571426,1.0,1.4283147362249315,0.537467700258398,0.5041666666666667,0.5874999999999999,0.6886304909560723,ok,-0.0339147286821705,,,2.0,2.0
,,,,,,,A18,latent_d2_component2,fixed_dimension_sensitivity_ablation,A,,240.0,ok,0.3293093739581217,1.9520887341549,0.0033709895117772,0.7330677290836654,0.3433095080341487,0.8612244897959183,0.7693181818181818,0.8159090909090909,0.6843537414965987,ok,0.1117308286951143,,,2.0,2.0
,,,,,,,A22,latent_d2_component2,fixed_dimension_sensitivity_ablation,A,,239.0,ok,0.2846444072559879,0.2588108946689723,0.0019761270145832,0.3944223107569721,0.2849516626731759,0.8492822966507176,0.7936507936507936,0.5648148148148148,0.8181818181818181,ok,-0.0988677501835396,,,2.0,2.0
,,,,,,,A26,latent_d2_component2,fixed_dimension_sensitivity_ablation,A,,237.0,ok,1.169696285834627,0.6814547188909252,0.0027107079069295,0.796812749003984,1.174027499332672,0.7006578947368421,0.6163682864450128,0.4718670076726343,0.7708333333333334,ok,-0.1073383586844348,,,2.0,2.0
,,,,,,,A34,latent_d2_component2,fixed_dimension_sensitivity_ablation,A,,240.0,ok,0.7090360924429066,0.8858299194812774,0.001835350818287,0.8924302788844621,0.7172582616422992,0.4613526570048309,0.4054421768707482,0.4857142857142857,0.5917874396135265,ok,-0.025081336882579,,,2.0,2.0
,,,,,,,A38,latent_d2_component2,fixed_dimension_sensitivity_ablation,A,,240.0,ok,1.6773575635932838,2.045955575891351,0.0028725081317698,0.9282868525896414,1.6952299365554644,0.640198511166253,0.8883720930232559,0.8127906976744186,0.6116625310173697,ok,-0.0235227075999769,,,2.0,2.0
,,,,,,,A42,latent_d2_component2,fixed_dimension_sensitivity_ablation,A,,240.0,ok,0.0863964647798108,0.1298244491846266,0.0019345593684488,0.7569721115537849,0.088232112403808,0.51375,0.574829931972789,0.5090702947845805,0.55125,ok,-0.0516298185941042,,,2.0,2.0
,,,,,,,A50,latent_d2_component2,fixed_dimension_sensitivity_ablation,A,,240.0,ok,0.0979270771207473,0.121677052897652,0.0176850030484168,0.6972111553784861,0.1008682749435612,0.4795396419437339,0.4715099715099715,0.5377492877492878,0.4130434782608694,ok,0.0663677399610903,,,2.0,2.0
,,,,,,,A54,latent_d2_component2,fixed_dimension_sensitivity_ablation,A,,240.0,ok,0.0494459624505562,0.3983735724948375,0.0047947128199792,0.9561752988047808,0.0556921165939602,0.5060386473429952,0.6289855072463768,0.4405797101449274,0.5018115942028986,ok,-0.0920893719806763,,,2.0,2.0
,,,,,,,B62,latent_d2_component2,fixed_dimension_sensitivity_ablation,B,,239.0,ok,0.7294689716607059,0.3523188251164839,0.0034476425335787,0.0677290836653386,0.7166751669951331,0.8871428571428571,0.8089244851258581,0.7517162471395882,0.7585714285714287,ok,0.0356815952925792,,,2.0,2.0
,,,,,,,B66,latent_d2_component2,fixed_dimension_sensitivity_ablation,B,,239.0,ok,0.4081345178123564,0.5472919804300471,0.0090052383181518,0.0119521912350597,0.384058486787154,0.5558139534883721,0.4847826086956521,0.6521739130434784,0.6511627906976744,ok,0.036021233569262,,,2.0,2.0
,,,,,,,B74,latent_d2_component2,fixed_dimension_sensitivity_ablation,B,,240.0,ok,0.4707570364293384,0.3601438941099912,0.0078891586639729,0.852589641434263,0.478133346044625,0.8233333333333334,0.7114285714285715,0.7857142857142856,0.6055555555555555,ok,0.1460317460317459,,,2.0,2.0
,,,,,,,B78,latent_d2_component2,fixed_dimension_sensitivity_ablation,B,,239.0,ok,1.2827229265958713,1.5881677320435992,0.002542292949591,1.0,1.3023269225513543,0.8021978021978022,0.7906666666666666,0.7,0.6854395604395604,ok,0.0130457875457875,,,2.0,2.0
,,,,,,,C82,latent_d2_component2,fixed_dimension_sensitivity_ablation,C,,240.0,ok,0.8915140215469878,0.3460276463911973,0.0018830720071161,1.0,0.9174397474879844,0.4901960784313726,0.5866013071895425,0.7107843137254901,0.5928489042675894,ok,0.0107650903498653,,,2.0,2.0
,,,,,,,A3,latent_d2_component2,fixed_dimension_sensitivity_ablation,A,,240.0,ok,0.5029326198322943,1.3716022830338512,0.0016776274799154,0.0079681274900398,0.439759450890369,0.8799342105263158,0.8429752066115703,0.8636363636363635,0.7417763157894737,ok,0.0794095258808176,,,2.0,2.0
,,,,,,,A15,latent_d2_component2,fixed_dimension_sensitivity_ablation,A,,240.0,ok,1.195617535996718,0.3402312315014519,0.0023158078546753,1.0,1.2783811032119523,0.6363636363636362,0.538781163434903,0.7036011080332409,0.902439024390244,ok,-0.0506277217141348,,,2.0,2.0
,,,,,,,A19,latent_d2_component2,fixed_dimension_sensitivity_ablation,A,,240.0,ok,0.878246705482258,2.005893656224534,0.0023036413266557,0.1752988047808765,0.872644488135574,0.9157142857142856,0.9183673469387754,0.96734693877551,0.9028571428571428,ok,0.0309183673469387,,,2.0,2.0
,,,,,,,A23,latent_d2_component2,fixed_dimension_sensitivity_ablation,A,,240.0,ok,0.2305717138768629,0.9235072204266472,0.0011089292170095,0.0876494023904382,0.192756418968812,0.5994152046783625,0.7807017543859649,0.8347953216374269,0.847953216374269,ok,-0.0972222222222222,,,2.0,2.0
,,,,,,,A27,latent_d2_component2,fixed_dimension_sensitivity_ablation,A,,238.0,ok,1.406058073169385,0.7157985004812389,0.0031883042178205,0.9641434262948207,1.4160463695100158,0.5857487922705313,0.3107769423558897,0.5764411027568922,0.5567632850241546,ok,0.1473248338236896,,,2.0,2.0
,,,,,,,A31,latent_d2_component2,fixed_dimension_sensitivity_ablation,A,,238.0,ok,0.8056219566985245,1.5757789055004314,0.0026916530398937,0.0079681274900398,0.7790724951548367,0.5468599033816426,0.4209677419354838,0.7290322580645161,0.7033816425120774,ok,0.0757713884992987,,,2.0,2.0
,,,,,,,A35,latent_d2_component2,fixed_dimension_sensitivity_ablation,A,,240.0,ok,1.357795653684181,2.0864898427208427,0.0053991835456188,0.904382470119522,1.3664009347606174,0.887012987012987,0.9079822616407982,0.8514412416851441,0.8662337662337662,ok,-0.0178808995882166,,,2.0,2.0
,,,,,,,A43,latent_d2_component2,fixed_dimension_sensitivity_ablation,A,,239.0,ok,0.1382422629480064,0.1905627874144153,0.0026290414183768,0.99601593625498,0.1465821373519943,0.7073529411764705,0.6571428571428571,0.5297619047619049,0.5441176470588235,ok,0.0179271708683473,,,2.0,2.0
,,,,,,,A51,latent_d2_component2,fixed_dimension_sensitivity_ablation,A,,240.0,ok,0.0725105156616829,0.2394770412172635,0.002546359641272,0.1434262948207171,0.0619400688926703,0.5,0.4536764705882352,0.5125,0.5011961722488038,ok,0.0288136785814804,,,2.0,2.0
,,,,,,,A55,latent_d2_component2,fixed_dimension_sensitivity_ablation,A,,240.0,ok,0.0898595560843855,0.2647070363535556,0.0085959963557633,0.7609561752988048,0.0973740644737309,0.7037593984962405,0.4792833146696529,0.553191489361702,0.7548872180451127,ok,0.0113901775715884,,,2.0,2.0
,,,,,,,B63,latent_d2_component2,fixed_dimension_sensitivity_ablation,B,,238.0,ok,0.5826204066148248,0.6525803032517401,0.0070891379130458,0.0916334661354581,0.5396965746542023,0.6305555555555555,0.6291309669522643,0.609547123623011,0.6097222222222222,ok,0.00062474500204,,,2.0,2.0
,,,,,,,B67,latent_d2_component2,fixed_dimension_sensitivity_ablation,B,,239.0,ok,0.3755110051948097,0.330502501596096,0.0027658618096875,0.5617529880478087,0.381970606985173,0.6303258145363408,0.6652173913043479,0.6565217391304349,0.6052631578947368,ok,0.0081835022338455,,,2.0,2.0
,,,,,,,B79,latent_d2_component2,fixed_dimension_sensitivity_ablation,B,,237.0,ok,0.8861878540177028,1.6358617034813383,0.0026639850778623,0.147410358565737,0.8774344480570635,0.7673160173160173,0.7091503267973857,0.8839869281045751,0.9772727272727272,ok,-0.0175600543247602,,,2.0,2.0
,,,,,,,C83,latent_d2_component2,fixed_dimension_sensitivity_ablation,C,,239.0,ok,0.0944819598338845,0.1458493618681365,0.0069680198355683,0.904382470119522,0.0997225715823572,0.5704125177809387,0.6104651162790697,0.6424418604651162,0.4978662873399714,ok,0.0522614873135068,,,2.0,2.0
,,,,,,,C87,latent_d2_component2,fixed_dimension_sensitivity_ablation,C,,238.0,ok,0.4823757465991546,0.3530418798744834,0.0071791572872935,0.0756972111553784,0.4520678872159535,0.6868421052631579,0.7658823529411766,0.7529411764705882,0.7052631578947368,ok,-0.0156811145510836,,,2.0,2.0
,,,,,,,A4,latent_d2_component2,fixed_dimension_sensitivity_ablation,A,,239.0,ok,0.4792764575770917,1.5212386097895716,0.0020803075529898,0.0637450199203187,0.4532937186409639,0.4705882352941177,0.5963963963963963,0.5837837837837837,0.7470588235294117,ok,-0.1445416004239532,,,2.0,2.0
,,,,,,,A8,latent_d2_component2,fixed_dimension_sensitivity_ablation,A,,240.0,ok,0.5025803907447356,2.151391784384981,0.0071366128204889,0.9920318725099602,0.5176063678540869,0.6815789473684211,0.4911616161616162,0.5656565656565656,0.6144736842105263,ok,0.0708001063264221,,,2.0,2.0
,,,,,,,A12,latent_d2_component2,fixed_dimension_sensitivity_ablation,A,,240.0,ok,0.829615560380356,1.235041850931877,0.0057556966350649,0.7211155378486056,0.8383027568847788,0.5349206349206349,0.5780051150895141,0.5,0.626984126984127,ok,-0.0850343035765031,,,2.0,2.0
,,,,,,,A16,latent_d2_component2,fixed_dimension_sensitivity_ablation,A,,240.0,ok,0.3029090191820699,2.4322306834125547,0.0020841558997849,0.0079681274900398,0.2031999706606677,0.4521739130434782,0.5230524642289348,0.5723370429252782,0.558695652173913,ok,-0.0286185802170456,,,2.0,2.0
,,,,,,,A20,latent_d2_component2,fixed_dimension_sensitivity_ablation,A,,237.0,ok,0.506699280495551,1.3452136120888285,0.0044804604941444,0.0637450199203187,0.4951877875775572,0.7660130718954248,0.7746031746031746,0.8492063492063493,0.8483660130718954,ok,-0.0038748832866479,,,2.0,2.0
,,,,,,,A40,latent_d2_component2,fixed_dimension_sensitivity_ablation,A,,232.0,ok,0.4950928000143807,1.0509664622747965,0.0024221882393596,0.6254980079681275,0.4987344140715865,0.4902777777777778,0.5080645161290323,0.7486559139784946,0.6111111111111112,ok,0.0598790322580645,,,2.0,2.0
,,,,,,,A44,latent_d2_component2,fixed_dimension_sensitivity_ablation,A,,240.0,ok,0.0879612600386722,0.277032941693542,0.0093335921792442,0.0159362549800796,0.066463096223681,0.5258985200845665,0.617117117117117,0.524024024024024,0.5618393234672304,ok,-0.0645169482378784,,,2.0,2.0
,,,,,,,A48,latent_d2_component2,fixed_dimension_sensitivity_ablation,A,,239.0,ok,0.132759993857047,0.4368474260883314,0.0025907992846746,0.5059760956175299,0.1339399595302498,0.6452991452991453,0.6651785714285714,0.5052083333333334,0.5817307692307692,ok,-0.0482009310134309,,,2.0,2.0
,,,,,,,A52,latent_d2_component2,fixed_dimension_sensitivity_ablation,A,,237.0,ok,0.1246966361253667,0.1938585583093429,0.0023657947492853,0.2031872509960159,0.123052350977903,0.4141891891891892,0.3788377192982456,0.587719298245614,0.5783783783783784,ok,0.0223461948790895,,,2.0,2.0
,,,,,,,A56,latent_d2_component2,fixed_dimension_sensitivity_ablation,A,,240.0,ok,0.126068319250314,0.2830283108896868,0.0037082246656456,0.0796812749003984,0.1153807591465573,0.5576719576719577,0.5873015873015872,0.5165945165945165,0.5619047619047619,ok,-0.0374699374699374,,,2.0,2.0
,,,,,,,A60,latent_d2_component2,fixed_dimension_sensitivity_ablation,A,,240.0,ok,0.0662940277334634,0.1877059171366965,0.0019164275504136,0.3665338645418327,0.0663472507310995,0.4557926829268292,0.4680306905370843,0.3938618925831202,0.5198170731707317,ok,-0.0690965940989332,,,2.0,2.0
,,,,,,,B64,latent_d2_component2,fixed_dimension_sensitivity_ablation,B,,238.0,ok,0.3905500168065816,0.7545618996825033,0.0025259804823206,0.0438247011952191,0.3694634225556163,0.5831202046035805,0.47603121516165,0.5027870680044593,0.5741687979539641,ok,0.0178536297462128,,,2.0,2.0
,,,,,,,B68,latent_d2_component2,fixed_dimension_sensitivity_ablation,B,,239.0,ok,0.6020643873285945,1.49863614802714,0.002622506801192,0.0039840637450199,0.4723663331513394,0.5227272727272727,0.5644490644490645,0.4573804573804574,0.6853146853146853,ok,-0.1348280098280098,,,2.0,2.0
,,,,,,,B80,latent_d2_component2,fixed_dimension_sensitivity_ablation,B,,240.0,ok,0.2430943796249405,0.352881969687371,0.0029607505689013,0.0398406374501992,0.1789770517751253,0.5765765765765766,0.7282229965156795,0.5249709639953541,0.516087516087516,ok,-0.0713814860156323,,,2.0,2.0
,,,,,,,A1,latent_d3_component1,fixed_dimension_sensitivity_ablation,A,,238.0,ok,0.2886043083609723,0.3283254240573664,0.0069627229950496,0.7729083665338645,0.2979203299665503,0.7868589743589745,0.6820728291316527,0.7675070028011204,0.8108974358974359,ok,0.0306978560655031,,,3.0,1.0
,,,,,,,A5,latent_d3_component1,fixed_dimension_sensitivity_ablation,A,,238.0,ok,1.5255856530710468,2.002337874311805,0.0017317208578673,0.9880478087649402,1.5349726849610603,0.4736024844720497,0.6256613756613757,0.5634920634920635,0.5916149068322981,ok,-0.0900908672647803,,,3.0,1.0
,,,,,,,A29,latent_d3_component1,fixed_dimension_sensitivity_ablation,A,,238.0,ok,1.3572293646103777,2.3360137065060305,0.0018107612044916,0.8645418326693227,1.3727330379185798,0.5333333333333333,0.3658536585365853,0.5107604017216643,0.6833333333333333,ok,-0.0025466284074605,,,3.0,1.0
,,,,,,,A33,latent_d3_component1,fixed_dimension_sensitivity_ablation,A,,240.0,ok,1.3938615040128368,0.941474932409528,0.0027312023455994,0.0039840637450199,1.390116430557964,0.8947368421052632,0.8218623481781376,0.8259109311740891,0.9057527539779682,ok,-0.0034836644383767,,,3.0,1.0
,,,,,,,A37,latent_d3_component1,fixed_dimension_sensitivity_ablation,A,,239.0,ok,1.1720171138466604,1.9267659771821832,0.0018536537341513,0.9362549800796812,1.1743482664436145,0.626453488372093,0.6768507638072856,0.7685076380728554,0.5174418604651163,ok,0.1003342510862732,,,3.0,1.0
,,,,,,,A41,latent_d3_component1,fixed_dimension_sensitivity_ablation,A,,236.0,ok,1.161080427966732,0.9796906248486816,0.0030600783082185,0.0039840637450199,0.7547932447127866,0.6477732793522266,0.6342780026990553,0.7058029689608637,0.5964912280701754,ok,0.0614035087719297,,,3.0,1.0
,,,,,,,A45,latent_d3_component1,fixed_dimension_sensitivity_ablation,A,,240.0,ok,0.0504229417233335,0.1286951651597796,0.0010669859334726,0.6812749003984063,0.0526820992871994,0.4714445688689809,0.5606837606837607,0.5555555555555556,0.4848824188129899,ok,-0.009283027536107,,,3.0,1.0
,,,,,,,B69,latent_d3_component1,fixed_dimension_sensitivity_ablation,B,,240.0,ok,0.5958913802238262,0.253272201936267,0.0056249056496253,0.446215139442231,0.596256614015205,0.952136752136752,0.9037037037037036,0.7814814814814814,0.8,ok,0.0149572649572649,,,3.0,1.0
,,,,,,,B73,latent_d3_component1,fixed_dimension_sensitivity_ablation,B,,238.0,ok,0.5192947473089423,1.0728501833881043,0.0012507249100148,0.8007968127490039,0.5418137062061289,0.9247311827956988,0.9423076923076924,0.9487179487179488,0.8402457757296466,ok,0.0454478317381543,,,3.0,1.0
,,,,,,,B77,latent_d3_component1,fixed_dimension_sensitivity_ablation,B,,239.0,ok,0.8873675542236026,1.0631326900191689,0.0071723861480175,0.0039840637450199,0.5594707838909403,0.6437246963562753,0.6985871271585558,0.5321821036106751,0.47638326585695,ok,0.0004682034757222,,,3.0,1.0
,,,,,,,B81,latent_d3_component1,fixed_dimension_sensitivity_ablation,B,,240.0,ok,0.5603473988856663,0.6001577092912157,0.008451053924758,0.0597609561752988,0.5027056924423338,0.4585365853658537,0.5181818181818182,0.6625,0.2634146341463415,ok,0.169720066518847,,,3.0,1.0
,,,,,,,C85,latent_d3_component1,fixed_dimension_sensitivity_ablation,C,,240.0,ok,0.2136814805262462,0.0927980562799487,0.0125012373180166,0.6693227091633466,0.2185673754561927,0.6685606060606061,0.5482625482625483,0.5135135135135134,0.6357323232323232,ok,-0.000960375960376,,,3.0,1.0
,,,,,,,A2,latent_d3_component1,fixed_dimension_sensitivity_ablation,A,,238.0,ok,0.415177488515533,1.740516112113881,0.0011276976498861,0.7410358565737052,0.4274776082692089,0.5662393162393162,0.6046511627906976,0.5431893687707642,0.5373931623931624,ok,-0.0163078200868898,,,3.0,1.0
,,,,,,,A6,latent_d3_component1,fixed_dimension_sensitivity_ablation,A,,238.0,ok,2.0120701361650606,0.7939791213254236,0.0016050045347775,0.0039840637450199,1.988029841349932,0.766367137355584,0.6471631205673759,0.7411347517730497,0.6572528883183568,ok,0.1015429401214504,,,3.0,1.0
,,,,,,,A14,latent_d3_component1,fixed_dimension_sensitivity_ablation,A,,236.0,ok,1.5091925812221283,1.3325132552266226,0.0008999700837114,1.0,1.7062723785513485,0.5311653116531165,0.4973684210526315,0.5460526315789475,0.4728997289972899,ok,0.0534748965910712,,,3.0,1.0
,,,,,,,A18,latent_d3_component1,fixed_dimension_sensitivity_ablation,A,,240.0,ok,0.3158698419113821,2.4390943537309564,0.0012743035199536,1.0,0.3317005186367789,0.6203007518796992,0.882063882063882,0.8710073710073709,0.738095238095238,ok,-0.0644254986360249,,,3.0,1.0
,,,,,,,A22,latent_d3_component1,fixed_dimension_sensitivity_ablation,A,,239.0,ok,0.3109435204643326,0.2796143165630984,0.0035823353620245,0.1752988047808765,0.2997386592411896,0.5928571428571429,0.8394736842105263,0.838157894736842,0.7869047619047619,ok,-0.0976817042606516,,,3.0,1.0
,,,,,,,A26,latent_d3_component1,fixed_dimension_sensitivity_ablation,A,,237.0,ok,1.059945127864264,0.5678655764528399,0.0022695344288174,0.0039840637450199,1.0406909440422432,0.5916666666666667,0.7097532314923619,0.708578143360752,0.6869047619047619,ok,-0.0482065916848525,,,3.0,1.0
,,,,,,,A34,latent_d3_component1,fixed_dimension_sensitivity_ablation,A,,240.0,ok,0.693965362809196,0.8346519402723414,0.0044236016079286,0.8924302788844621,0.7018324457887549,0.5372023809523809,0.782608695652174,0.4581939799331103,0.5208333333333334,ok,-0.154022834050008,,,3.0,1.0
,,,,,,,A38,latent_d3_component1,fixed_dimension_sensitivity_ablation,A,,240.0,ok,1.5702183366584737,1.9471748744606976,0.0012295522963953,0.0557768924302788,1.5539314953354473,0.592436974789916,0.625,0.7208333333333333,0.6176470588235294,ok,0.0353116246498599,,,3.0,1.0
,,,,,,,A42,latent_d3_component1,fixed_dimension_sensitivity_ablation,A,,240.0,ok,0.1014336270734178,0.1336036424045035,0.004907629469193,0.6254980079681275,0.1053172134152573,0.6000000000000001,0.3850340136054422,0.6993197278911565,0.5046153846153847,ok,0.2048351648351648,,,3.0,1.0
,,,,,,,A50,latent_d3_component1,fixed_dimension_sensitivity_ablation,A,,240.0,ok,0.1067082855596084,0.117496760036211,0.0045520367142815,0.1872509960159362,0.1023700742469633,0.5426356589147288,0.4880952380952381,0.6106442577030812,0.6098191214470283,ok,0.0276827785377717,,,3.0,1.0
,,,,,,,A54,latent_d3_component1,fixed_dimension_sensitivity_ablation,A,,240.0,ok,0.0682832668958834,0.4414491822005688,0.0052277388255934,0.50199203187251,0.0745289867818765,0.4855769230769231,0.5283333333333332,0.5700000000000001,0.4555288461538462,ok,0.0358573717948718,,,3.0,1.0
,,,,,,,B62,latent_d3_component1,fixed_dimension_sensitivity_ablation,B,,239.0,ok,0.7712492290918773,0.3205879785647334,0.0057329727671349,0.0039840637450199,0.7062731407368976,0.8535714285714286,0.7655826558265583,0.8672086720867209,0.8988095238095238,ok,0.0281939605110337,,,3.0,1.0
,,,,,,,B66,latent_d3_component1,fixed_dimension_sensitivity_ablation,B,,239.0,ok,0.5397213860541219,0.5173377609088088,0.0047559500380763,0.0039840637450199,0.3844820895605375,0.5406976744186046,0.4456521739130434,0.5062111801242236,0.6962209302325582,ok,-0.0474821248013866,,,3.0,1.0
,,,,,,,B74,latent_d3_component1,fixed_dimension_sensitivity_ablation,B,,240.0,ok,0.5258513023504475,0.8385148911863743,0.0051321959641643,0.0239043824701195,0.5005217257506689,0.6936090225563909,0.7481684981684982,0.6877289377289377,0.3872180451127819,ok,0.1229757085020242,,,3.0,1.0
,,,,,,,B78,latent_d3_component1,fixed_dimension_sensitivity_ablation,B,,239.0,ok,1.3191215866876007,1.5199533478940044,0.0015718392413369,0.0557768924302788,1.2914778073955215,0.7788617886178861,0.7900207900207901,0.7006237006237006,0.689430894308943,ok,1.6902455926837145e-05,,,3.0,1.0
,,,,,,,C82,latent_d3_component1,fixed_dimension_sensitivity_ablation,C,,240.0,ok,0.9061850322460282,0.3187557233313555,0.0022995599000252,0.99601593625498,0.9386879958588688,0.53125,0.5792592592592593,0.4266666666666666,0.61125,ok,-0.1162962962962962,,,3.0,1.0
,,,,,,,A3,latent_d3_component1,fixed_dimension_sensitivity_ablation,A,,240.0,ok,0.6257649526627266,1.2783204299625504,0.0033276060466916,1.0,0.6927666350907812,0.9291819291819292,0.8426812585499316,0.8426812585499316,0.945054945054945,ok,-0.0079365079365079,,,3.0,1.0
,,,,,,,A15,latent_d3_component1,fixed_dimension_sensitivity_ablation,A,,240.0,ok,1.1717059438146882,0.3710039996481945,0.0039421512698734,0.2589641434262948,1.1704956968173423,0.6974025974025975,0.7057416267942584,0.6973684210526316,0.6142857142857143,ok,0.0373718386876281,,,3.0,1.0
,,,,,,,A19,latent_d3_component1,fixed_dimension_sensitivity_ablation,A,,240.0,ok,0.8581640887542186,1.8371654193451243,0.003393018283714,0.0079681274900398,0.856155973945926,0.8753387533875339,0.9451871657754012,0.9799465240641712,0.9742547425474256,ok,-0.0320783154355607,,,3.0,1.0
,,,,,,,A23,latent_d3_component1,fixed_dimension_sensitivity_ablation,A,,240.0,ok,0.2371609289399504,0.7875991181722801,0.0012492464751384,0.0039840637450199,0.1757831770804552,0.7173913043478262,0.8260869565217391,0.7141304347826086,0.6841432225063938,ok,-0.039354219948849,,,3.0,1.0
,,,,,,,A27,latent_d3_component1,fixed_dimension_sensitivity_ablation,A,,238.0,ok,1.4069827661374514,0.73637080524746,0.0045707046789171,0.9721115537848606,1.414268546154705,0.4558823529411764,0.5658823529411765,0.3964705882352941,0.4037433155080214,ok,-0.0586363636363636,,,3.0,1.0
,,,,,,,A31,latent_d3_component1,fixed_dimension_sensitivity_ablation,A,,238.0,ok,0.7316119598550778,1.3330967315122375,0.0019245622913139,0.0358565737051792,0.7189162042309409,0.573170731707317,0.673469387755102,0.5414965986394559,0.5299334811529933,ok,-0.0443677692806612,,,3.0,1.0
,,,,,,,A35,latent_d3_component1,fixed_dimension_sensitivity_ablation,A,,240.0,ok,1.2833918366416224,2.083084470124524,0.0024555397044192,0.0517928286852589,1.2810218427549327,0.92125,0.8738425925925927,0.8645833333333333,0.82,ok,0.0459953703703703,,,3.0,1.0
,,,,,,,A43,latent_d3_component1,fixed_dimension_sensitivity_ablation,A,,239.0,ok,0.1626861754328611,0.2572704548116997,0.0141881511272105,0.2350597609561753,0.1614065746027579,0.5923392612859097,0.6506410256410255,0.6826923076923077,0.5540355677154583,ok,0.0351774878108668,,,3.0,1.0
,,,,,,,A51,latent_d3_component1,fixed_dimension_sensitivity_ablation,A,,240.0,ok,0.0574822587665175,0.2410502571466317,0.0039162352369839,0.5537848605577689,0.0645272088069899,0.5434210526315789,0.5588235294117647,0.5013368983957218,0.5381578947368422,ok,-0.026111736560653,,,3.0,1.0
,,,,,,,A55,latent_d3_component1,fixed_dimension_sensitivity_ablation,A,,240.0,ok,0.1210518786429247,0.4543801049202549,0.054254627424204,0.1115537848605577,0.1107288816669312,0.6848072562358276,0.5779411764705882,0.6352941176470588,0.6598639455782314,ok,0.0411481259170334,,,3.0,1.0
,,,,,,,B63,latent_d3_component1,fixed_dimension_sensitivity_ablation,B,,238.0,ok,0.5934187673611109,0.8245725382851459,0.0091256492812217,0.0796812749003984,0.559346584292674,0.4047619047619047,0.6086474501108647,0.4368070953436807,0.5920634920634921,ok,-0.1795709710343856,,,3.0,1.0
,,,,,,,B67,latent_d3_component1,fixed_dimension_sensitivity_ablation,B,,239.0,ok,0.6294867083061495,0.423060392908729,0.0071178294513291,0.0039840637450199,0.3736807677166056,0.6792929292929293,0.6277777777777778,0.6930555555555556,0.5303030303030303,ok,0.1071338383838384,,,3.0,1.0
,,,,,,,B79,latent_d3_component1,fixed_dimension_sensitivity_ablation,B,,237.0,ok,0.8750386415629551,1.6468110223792116,0.0036725094883744,0.9243027888446216,0.8983620840892949,0.7918552036199095,0.8977932636469222,0.8803716608594657,0.933634992458522,ok,-0.0796006958130344,,,3.0,1.0
,,,,,,,C83,latent_d3_component1,fixed_dimension_sensitivity_ablation,C,,239.0,ok,0.0949792968471941,0.1436381746389105,0.0094500960288301,0.7290836653386454,0.0988288046026371,0.5638792102206736,0.5178062678062678,0.6168091168091168,0.5998838559814169,ok,0.0314991016210527,,,3.0,1.0
,,,,,,,C87,latent_d3_component1,fixed_dimension_sensitivity_ablation,C,,238.0,ok,0.4996525493225785,0.3695206903836469,0.0073847514255617,0.0039840637450199,0.3780714016860722,0.8532818532818534,0.6039952996474736,0.6498237367802585,0.8056628056628057,ok,0.0467237423759163,,,3.0,1.0
,,,,,,,A4,latent_d3_component1,fixed_dimension_sensitivity_ablation,A,,239.0,ok,0.4358208147740375,2.138590358658033,0.0033216870956873,0.2709163346613545,0.4309929575975226,0.5852941176470589,0.5234042553191489,0.4638297872340425,0.6352941176470589,ok,-0.0547872340425532,,,3.0,1.0
,,,,,,,A8,latent_d3_component1,fixed_dimension_sensitivity_ablation,A,,240.0,ok,0.5596142820103757,2.027490537195645,0.0020506452133516,0.0039840637450199,0.4751128468239927,0.6210670314637483,0.5482295482295483,0.5384615384615384,0.682626538987688,ok,-0.0356637586459747,,,3.0,1.0
,,,,,,,A12,latent_d3_component1,fixed_dimension_sensitivity_ablation,A,,240.0,ok,1.0709786816207074,0.6286750524568266,0.0008275645384583,0.8924302788844621,1.1014002280123127,0.6394557823129251,0.5339366515837104,0.5007541478129713,0.4884353741496599,ok,0.058918952196263,,,3.0,1.0
,,,,,,,A16,latent_d3_component1,fixed_dimension_sensitivity_ablation,A,,240.0,ok,0.3839502543404405,2.1790812514571374,0.0009466255246698,0.9482071713147412,0.4112758606035429,0.712962962962963,0.5686777920410783,0.5096277278562259,0.4880952380952381,ok,0.0829088303414362,,,3.0,1.0
,,,,,,,A20,latent_d3_component1,fixed_dimension_sensitivity_ablation,A,,237.0,ok,0.4887035485081855,1.288856445137751,0.005525599647799,0.6055776892430279,0.4913576313213489,0.8534850640113797,0.9015384615384616,0.8999999999999999,0.7823613086770982,ok,0.0347926468979098,,,3.0,1.0
,,,,,,,A40,latent_d3_component1,fixed_dimension_sensitivity_ablation,A,,232.0,ok,0.4609257695913241,1.0686026662450006,0.0034854942182002,0.6175298804780877,0.4642602034954395,0.668918918918919,0.3102564102564102,0.6294871794871795,0.5689189189189189,ok,0.2096153846153846,,,3.0,1.0
,,,,,,,A44,latent_d3_component1,fixed_dimension_sensitivity_ablation,A,,240.0,ok,0.0757633308939332,0.2613535987737158,0.0068164301290947,0.8087649402390438,0.0920291835654056,0.6416666666666666,0.5726190476190476,0.6291666666666667,0.6027777777777779,ok,0.0477182539682539,,,3.0,1.0
,,,,,,,A48,latent_d3_component1,fixed_dimension_sensitivity_ablation,A,,239.0,ok,0.2103476756372778,0.451743033242864,0.017796241779585,0.3227091633466135,0.1992539038781653,0.499375,0.534688995215311,0.6889952153110048,0.6575,ok,-0.001909389952153,,,3.0,1.0
,,,,,,,A52,latent_d3_component1,fixed_dimension_sensitivity_ablation,A,,237.0,ok,0.1251927861467399,0.1958726179225089,0.0043788745484093,0.6812749003984063,0.1283821830663035,0.5710928319623971,0.4786967418546365,0.6221804511278197,0.4888366627497061,ok,0.112869939242937,,,3.0,1.0
,,,,,,,A56,latent_d3_component1,fixed_dimension_sensitivity_ablation,A,,240.0,ok,0.1492060945155655,0.4860317035808051,0.0392860430543073,0.0916334661354581,0.1239218056270201,0.5440476190476191,0.5614035087719298,0.5614035087719298,0.5785714285714284,ok,-0.0172619047619046,,,3.0,1.0
,,,,,,,A60,latent_d3_component1,fixed_dimension_sensitivity_ablation,A,,240.0,ok,0.0661499753944175,0.2458545284170058,0.0063745573355482,0.3585657370517928,0.0665016648313631,0.4478260869565217,0.3252032520325203,0.4281842818428183,0.508695652173913,ok,0.0210557322964534,,,3.0,1.0
,,,,,,,B64,latent_d3_component1,fixed_dimension_sensitivity_ablation,B,,238.0,ok,0.3792593311281418,0.7834046451829939,0.0037426854359249,0.3784860557768924,0.3768220472016611,0.6802721088435374,0.4621052631578947,0.4210526315789473,0.5850340136054422,ok,0.0270927318295739,,,3.0,1.0
,,,,,,,B68,latent_d3_component1,fixed_dimension_sensitivity_ablation,B,,239.0,ok,0.5123142671278128,1.4830189928262385,0.0027073113392956,0.0278884462151394,0.4702506835624824,0.4933862433862434,0.4888888888888889,0.3123456790123457,0.6574074074074073,ok,-0.1702821869488535,,,3.0,1.0
,,,,,,,B80,latent_d3_component1,fixed_dimension_sensitivity_ablation,B,,240.0,ok,0.1824084066949849,0.3393239446970946,0.0020491402062766,0.6334661354581673,0.1942715950089649,0.5136054421768708,0.5740740740740741,0.4708994708994708,0.5034013605442177,ok,-0.046485260770975,,,3.0,1.0
,,,,,,,A1,latent_d3_component2,fixed_dimension_sensitivity_ablation,A,,238.0,ok,0.2858253374722194,0.4114684924245156,0.0023015662415762,0.9442231075697212,0.2968223296654606,0.8428805237315876,0.9247606019151848,0.6826265389876881,0.630114566284779,ok,-0.014684052740344,,,3.0,2.0
,,,,,,,A5,latent_d3_component2,fixed_dimension_sensitivity_ablation,A,,238.0,ok,1.5725469039620892,2.2336798598501004,0.0066653342485702,1.0,1.6514768981467016,0.5441860465116279,0.6185185185185185,0.5833333333333334,0.6453488372093024,ok,-0.0681739879414297,,,3.0,2.0
,,,,,,,A29,latent_d3_component2,fixed_dimension_sensitivity_ablation,A,,238.0,ok,1.3242889242800158,2.5851923768926603,0.0146384663554604,0.6812749003984063,1.330846778075865,0.6337209302325582,0.6970588235294117,0.6279411764705882,0.4511627906976744,ok,0.0567202462380301,,,3.0,2.0
,,,,,,,A33,latent_d3_component2,fixed_dimension_sensitivity_ablation,A,,240.0,ok,1.4671842342965744,0.9356192948846708,0.0036231567670671,0.0039840637450199,1.446908221200588,0.9281842818428184,0.874390243902439,0.6658536585365854,0.8048780487804879,ok,-0.0426151761517615,,,3.0,2.0
,,,,,,,A37,latent_d3_component2,fixed_dimension_sensitivity_ablation,A,,239.0,ok,1.1534508189478136,1.775504961211812,0.0043979179855917,1.0,1.166840282182999,0.6312500000000001,0.4342105263157894,0.7065789473684211,0.72,ok,0.0918092105263158,,,3.0,2.0
,,,,,,,A41,latent_d3_component2,fixed_dimension_sensitivity_ablation,A,,236.0,ok,1.0771908013118423,0.9997121073948344,0.0033429943060019,0.0039840637450199,0.750655125224456,0.6407894736842107,0.6819444444444445,0.6708333333333334,0.4710526315789474,ok,0.0793128654970761,,,3.0,2.0
,,,,,,,A45,latent_d3_component2,fixed_dimension_sensitivity_ablation,A,,240.0,ok,0.056990471633154,0.1113265337006415,0.0097658945503872,0.0318725099601593,0.0515783536218406,0.5123873873873874,0.4141929499072356,0.6168831168831168,0.4876126126126126,ok,0.1137324708753279,,,3.0,2.0
,,,,,,,B69,latent_d3_component2,fixed_dimension_sensitivity_ablation,B,,240.0,ok,0.5812387543303267,0.147659751678551,0.0036122824440639,0.1832669322709163,0.5765304933562341,0.9310710498409333,0.7954545454545454,0.8208556149732621,0.8886532343584305,ok,0.0339094425006096,,,3.0,2.0
,,,,,,,B73,latent_d3_component2,fixed_dimension_sensitivity_ablation,B,,238.0,ok,1.0156931646170175,1.455924887985451,0.0154657985187093,0.0039840637450199,0.3895542601135333,0.8903703703703704,0.8959899749373433,0.9323308270676692,0.8266666666666667,ok,0.0500222779170147,,,3.0,2.0
,,,,,,,B77,latent_d3_component2,fixed_dimension_sensitivity_ablation,B,,239.0,ok,0.5985566035404446,0.7857931803493151,0.0029324088680059,0.0039840637450199,0.5323075634075711,0.6479690522243713,0.6771196283391405,0.4924506387921022,0.6479690522243714,ok,-0.0923344947735192,,,3.0,2.0
,,,,,,,B81,latent_d3_component2,fixed_dimension_sensitivity_ablation,B,,240.0,ok,0.508986555962939,0.3419331036768706,0.0047611558607478,0.3665338645418327,0.5085166730217797,0.3647490820073439,0.5297619047619048,0.4657738095238095,0.5348837209302325,ok,-0.1170613670804919,,,3.0,2.0
,,,,,,,C85,latent_d3_component2,fixed_dimension_sensitivity_ablation,C,,240.0,ok,0.1737583102932383,0.1945498327468087,0.0060892948097772,1.0,0.1913875167491285,0.5789473684210527,0.5732558139534883,0.6662790697674419,0.5152354570637119,ok,0.0783675835856471,,,3.0,2.0
,,,,,,,A2,latent_d3_component2,fixed_dimension_sensitivity_ablation,A,,238.0,ok,0.3867308160485183,1.8434461253456065,0.0024444874201465,0.7250996015936255,0.3953051229504195,0.4935437589670014,0.5667828106852497,0.5656213704994193,0.5882352941176471,ok,-0.047926487668238,,,3.0,2.0
,,,,,,,A6,latent_d3_component2,fixed_dimension_sensitivity_ablation,A,,238.0,ok,2.095792848971147,0.878024949075113,0.0057502289132425,1.0,2.138586050791987,0.7204861111111112,0.6763157894736842,0.781578947368421,0.7673611111111112,ok,0.0291940789473684,,,3.0,2.0
,,,,,,,A14,latent_d3_component2,fixed_dimension_sensitivity_ablation,A,,236.0,ok,1.3351854232633458,1.6180891424613502,0.0040270818571426,1.0,1.4277194195476972,0.537467700258398,0.5041666666666667,0.5874999999999999,0.6886304909560723,ok,-0.0339147286821705,,,3.0,2.0
,,,,,,,A18,latent_d3_component2,fixed_dimension_sensitivity_ablation,A,,240.0,ok,0.3293093739581217,1.9520887341549,0.0033709895117772,0.7250996015936255,0.3423322871689789,0.8612244897959183,0.7693181818181818,0.8159090909090909,0.6843537414965987,ok,0.1117308286951143,,,3.0,2.0
,,,,,,,A22,latent_d3_component2,fixed_dimension_sensitivity_ablation,A,,239.0,ok,0.2846444072559879,0.2588108946689723,0.0019761270145832,0.4302788844621514,0.2853874009395089,0.8492822966507176,0.7936507936507936,0.5648148148148148,0.8181818181818181,ok,-0.0988677501835396,,,3.0,2.0
,,,,,,,A26,latent_d3_component2,fixed_dimension_sensitivity_ablation,A,,237.0,ok,1.169696285834627,0.6814547188909252,0.0027107079069295,0.8286852589641435,1.1746671979569396,0.7006578947368421,0.6163682864450128,0.4718670076726343,0.7708333333333334,ok,-0.1073383586844348,,,3.0,2.0
,,,,,,,A34,latent_d3_component2,fixed_dimension_sensitivity_ablation,A,,240.0,ok,0.7090360924429066,0.8858299194812774,0.001835350818287,0.8764940239043825,0.7170506900551372,0.4613526570048309,0.4054421768707482,0.4857142857142857,0.5917874396135265,ok,-0.025081336882579,,,3.0,2.0
,,,,,,,A38,latent_d3_component2,fixed_dimension_sensitivity_ablation,A,,240.0,ok,1.6773575635932838,2.045955575891351,0.0028725081317698,0.952191235059761,1.6955201389540826,0.640198511166253,0.8883720930232559,0.8127906976744186,0.6116625310173697,ok,-0.0235227075999769,,,3.0,2.0
,,,,,,,A42,latent_d3_component2,fixed_dimension_sensitivity_ablation,A,,240.0,ok,0.0863964647798108,0.1298244491846266,0.0019345593684488,0.8286852589641435,0.0887337380073898,0.51375,0.574829931972789,0.5090702947845805,0.55125,ok,-0.0516298185941042,,,3.0,2.0
,,,,,,,A50,latent_d3_component2,fixed_dimension_sensitivity_ablation,A,,240.0,ok,0.0979270771207473,0.121677052897652,0.0176850030484168,0.7250996015936255,0.1005548244764119,0.4795396419437339,0.4715099715099715,0.5377492877492878,0.4130434782608694,ok,0.0663677399610903,,,3.0,2.0
,,,,,,,A54,latent_d3_component2,fixed_dimension_sensitivity_ablation,A,,240.0,ok,0.0494459624505562,0.3983735724948375,0.0047947128199792,0.9601593625498008,0.055681276424139,0.5060386473429952,0.6289855072463768,0.4405797101449274,0.5018115942028986,ok,-0.0920893719806763,,,3.0,2.0
,,,,,,,B62,latent_d3_component2,fixed_dimension_sensitivity_ablation,B,,239.0,ok,0.7294689716607059,0.3523188251164839,0.0034476425335787,0.0836653386454183,0.7164211480876254,0.8871428571428571,0.8089244851258581,0.7517162471395882,0.7585714285714287,ok,0.0356815952925792,,,3.0,2.0
,,,,,,,B66,latent_d3_component2,fixed_dimension_sensitivity_ablation,B,,239.0,ok,0.4081345178123564,0.5472919804300471,0.0090052383181518,0.0239043824701195,0.3830999664702754,0.5558139534883721,0.4847826086956521,0.6521739130434784,0.6511627906976744,ok,0.036021233569262,,,3.0,2.0
,,,,,,,B74,latent_d3_component2,fixed_dimension_sensitivity_ablation,B,,240.0,ok,0.4707570364293384,0.3601438941099912,0.0078891586639729,0.8645418326693227,0.4772056374006621,0.8233333333333334,0.7114285714285715,0.7857142857142856,0.6055555555555555,ok,0.1460317460317459,,,3.0,2.0
,,,,,,,B78,latent_d3_component2,fixed_dimension_sensitivity_ablation,B,,239.0,ok,1.2827229265958713,1.5881677320435992,0.002542292949591,1.0,1.3009567476941015,0.8021978021978022,0.7906666666666666,0.7,0.6854395604395604,ok,0.0130457875457875,,,3.0,2.0
,,,,,,,C82,latent_d3_component2,fixed_dimension_sensitivity_ablation,C,,240.0,ok,0.8915140215469878,0.3460276463911973,0.0018830720071161,1.0,0.9166987738543872,0.4901960784313726,0.5866013071895425,0.7107843137254901,0.5928489042675894,ok,0.0107650903498653,,,3.0,2.0
,,,,,,,A3,latent_d3_component2,fixed_dimension_sensitivity_ablation,A,,240.0,ok,0.5029326198322943,1.3716022830338512,0.0016776274799154,0.0079681274900398,0.4429601777521205,0.8799342105263158,0.8429752066115703,0.8636363636363635,0.7417763157894737,ok,0.0794095258808176,,,3.0,2.0
,,,,,,,A15,latent_d3_component2,fixed_dimension_sensitivity_ablation,A,,240.0,ok,1.195617535996718,0.3402312315014519,0.0023158078546753,1.0,1.2799561386257288,0.6363636363636362,0.538781163434903,0.7036011080332409,0.902439024390244,ok,-0.0506277217141348,,,3.0,2.0
,,,,,,,A19,latent_d3_component2,fixed_dimension_sensitivity_ablation,A,,240.0,ok,0.878246705482258,2.005893656224534,0.0023036413266557,0.1713147410358565,0.8734635331083325,0.9157142857142856,0.9183673469387754,0.96734693877551,0.9028571428571428,ok,0.0309183673469387,,,3.0,2.0
,,,,,,,A23,latent_d3_component2,fixed_dimension_sensitivity_ablation,A,,240.0,ok,0.2305717138768629,0.9235072204266472,0.0011089292170095,0.1035856573705179,0.1921519579045303,0.5994152046783625,0.7807017543859649,0.8347953216374269,0.847953216374269,ok,-0.0972222222222222,,,3.0,2.0
,,,,,,,A27,latent_d3_component2,fixed_dimension_sensitivity_ablation,A,,238.0,ok,1.406058073169385,0.7157985004812389,0.0031883042178205,0.9561752988047808,1.4164555219053228,0.5857487922705313,0.3107769423558897,0.5764411027568922,0.5567632850241546,ok,0.1473248338236896,,,3.0,2.0
,,,,,,,A31,latent_d3_component2,fixed_dimension_sensitivity_ablation,A,,238.0,ok,0.8056219566985245,1.5757789055004314,0.0026916530398937,0.0239043824701195,0.7801460375217887,0.5468599033816426,0.4209677419354838,0.7290322580645161,0.7033816425120774,ok,0.0757713884992987,,,3.0,2.0
,,,,,,,A35,latent_d3_component2,fixed_dimension_sensitivity_ablation,A,,240.0,ok,1.357795653684181,2.0864898427208427,0.0053991835456188,0.900398406374502,1.3662394729798215,0.887012987012987,0.9079822616407982,0.8514412416851441,0.8662337662337662,ok,-0.0178808995882166,,,3.0,2.0
,,,,,,,A43,latent_d3_component2,fixed_dimension_sensitivity_ablation,A,,239.0,ok,0.1382422629480064,0.1905627874144153,0.0026290414183768,1.0,0.1470676587436077,0.7073529411764705,0.6571428571428571,0.5297619047619049,0.5441176470588235,ok,0.0179271708683473,,,3.0,2.0
,,,,,,,A51,latent_d3_component2,fixed_dimension_sensitivity_ablation,A,,240.0,ok,0.0725105156616829,0.2394770412172635,0.002546359641272,0.1195219123505976,0.0624404481697905,0.5,0.4536764705882352,0.5125,0.5011961722488038,ok,0.0288136785814804,,,3.0,2.0
,,,,,,,A55,latent_d3_component2,fixed_dimension_sensitivity_ablation,A,,240.0,ok,0.0898595560843855,0.2647070363535556,0.0085959963557633,0.7848605577689243,0.0972434349216579,0.7037593984962405,0.4792833146696529,0.553191489361702,0.7548872180451127,ok,0.0113901775715884,,,3.0,2.0
,,,,,,,B63,latent_d3_component2,fixed_dimension_sensitivity_ablation,B,,238.0,ok,0.5826204066148248,0.6525803032517401,0.0070891379130458,0.0597609561752988,0.5395408803840819,0.6305555555555555,0.6291309669522643,0.609547123623011,0.6097222222222222,ok,0.00062474500204,,,3.0,2.0
,,,,,,,B67,latent_d3_component2,fixed_dimension_sensitivity_ablation,B,,239.0,ok,0.3755110051948097,0.330502501596096,0.0027658618096875,0.6095617529880478,0.3813588553087223,0.6303258145363408,0.6652173913043479,0.6565217391304349,0.6052631578947368,ok,0.0081835022338455,,,3.0,2.0
,,,,,,,B79,latent_d3_component2,fixed_dimension_sensitivity_ablation,B,,237.0,ok,0.8861878540177028,1.6358617034813383,0.0026639850778623,0.1155378486055776,0.876385065798974,0.7673160173160173,0.7091503267973857,0.8839869281045751,0.9772727272727272,ok,-0.0175600543247602,,,3.0,2.0
,,,,,,,C83,latent_d3_component2,fixed_dimension_sensitivity_ablation,C,,239.0,ok,0.0944819598338845,0.1458493618681365,0.0069680198355683,0.952191235059761,0.0998355304340428,0.5704125177809387,0.6104651162790697,0.6424418604651162,0.4978662873399714,ok,0.0522614873135068,,,3.0,2.0
,,,,,,,C87,latent_d3_component2,fixed_dimension_sensitivity_ablation,C,,238.0,ok,0.4823757465991546,0.3530418798744834,0.0071791572872935,0.0637450199203187,0.4511431671132418,0.6868421052631579,0.7658823529411766,0.7529411764705882,0.7052631578947368,ok,-0.0156811145510836,,,3.0,2.0
,,,,,,,A4,latent_d3_component2,fixed_dimension_sensitivity_ablation,A,,239.0,ok,0.4792764575770917,1.5212386097895716,0.0020803075529898,0.0597609561752988,0.4533317177390152,0.4705882352941177,0.5963963963963963,0.5837837837837837,0.7470588235294117,ok,-0.1445416004239532,,,3.0,2.0
,,,,,,,A8,latent_d3_component2,fixed_dimension_sensitivity_ablation,A,,240.0,ok,0.5025803907447356,2.151391784384981,0.0071366128204889,0.9641434262948207,0.517650343907983,0.6815789473684211,0.4911616161616162,0.5656565656565656,0.6144736842105263,ok,0.0708001063264221,,,3.0,2.0
,,,,,,,A12,latent_d3_component2,fixed_dimension_sensitivity_ablation,A,,240.0,ok,0.829615560380356,1.235041850931877,0.0057556966350649,0.7250996015936255,0.8390685810095031,0.5349206349206349,0.5780051150895141,0.5,0.626984126984127,ok,-0.0850343035765031,,,3.0,2.0
,,,,,,,A16,latent_d3_component2,fixed_dimension_sensitivity_ablation,A,,240.0,ok,0.3029090191820699,2.4322306834125547,0.0020841558997849,0.0039840637450199,0.2026227401115641,0.4521739130434782,0.5230524642289348,0.5723370429252782,0.558695652173913,ok,-0.0286185802170456,,,3.0,2.0
,,,,,,,A20,latent_d3_component2,fixed_dimension_sensitivity_ablation,A,,237.0,ok,0.506699280495551,1.3452136120888285,0.0044804604941444,0.0677290836653386,0.4953076246553458,0.7660130718954248,0.7746031746031746,0.8492063492063493,0.8483660130718954,ok,-0.0038748832866479,,,3.0,2.0
,,,,,,,A40,latent_d3_component2,fixed_dimension_sensitivity_ablation,A,,232.0,ok,0.4950928000143807,1.0509664622747965,0.0024221882393596,0.6175298804780877,0.4987843291128646,0.4902777777777778,0.5080645161290323,0.7486559139784946,0.6111111111111112,ok,0.0598790322580645,,,3.0,2.0
,,,,,,,A44,latent_d3_component2,fixed_dimension_sensitivity_ablation,A,,240.0,ok,0.0879612600386722,0.277032941693542,0.0093335921792442,0.0278884462151394,0.0662099942487975,0.5258985200845665,0.617117117117117,0.524024024024024,0.5618393234672304,ok,-0.0645169482378784,,,3.0,2.0
,,,,,,,A48,latent_d3_component2,fixed_dimension_sensitivity_ablation,A,,239.0,ok,0.132759993857047,0.4368474260883314,0.0025907992846746,0.4820717131474104,0.1335595839030608,0.6452991452991453,0.6651785714285714,0.5052083333333334,0.5817307692307692,ok,-0.0482009310134309,,,3.0,2.0
,,,,,,,A52,latent_d3_component2,fixed_dimension_sensitivity_ablation,A,,237.0,ok,0.1246966361253667,0.1938585583093429,0.0023657947492853,0.247011952191235,0.1230866956152801,0.4141891891891892,0.3788377192982456,0.587719298245614,0.5783783783783784,ok,0.0223461948790895,,,3.0,2.0
,,,,,,,A56,latent_d3_component2,fixed_dimension_sensitivity_ablation,A,,240.0,ok,0.126068319250314,0.2830283108896868,0.0037082246656456,0.0916334661354581,0.1159338615973873,0.5576719576719577,0.5873015873015872,0.5165945165945165,0.5619047619047619,ok,-0.0374699374699374,,,3.0,2.0
,,,,,,,A60,latent_d3_component2,fixed_dimension_sensitivity_ablation,A,,240.0,ok,0.0662940277334634,0.1877059171366965,0.0019164275504136,0.4342629482071713,0.066650221612582,0.4557926829268292,0.4680306905370843,0.3938618925831202,0.5198170731707317,ok,-0.0690965940989332,,,3.0,2.0
,,,,,,,B64,latent_d3_component2,fixed_dimension_sensitivity_ablation,B,,238.0,ok,0.3905500168065816,0.7545618996825033,0.0025259804823206,0.0677290836653386,0.3713287671485576,0.5831202046035805,0.47603121516165,0.5027870680044593,0.5741687979539641,ok,0.0178536297462128,,,3.0,2.0
,,,,,,,B68,latent_d3_component2,fixed_dimension_sensitivity_ablation,B,,239.0,ok,0.6020643873285945,1.49863614802714,0.002622506801192,0.0039840637450199,0.4723017051034526,0.5227272727272727,0.5644490644490645,0.4573804573804574,0.6853146853146853,ok,-0.1348280098280098,,,3.0,2.0
,,,,,,,B80,latent_d3_component2,fixed_dimension_sensitivity_ablation,B,,240.0,ok,0.2430943796249405,0.352881969687371,0.0029607505689013,0.0358565737051792,0.1816877815871833,0.5765765765765766,0.7282229965156795,0.5249709639953541,0.516087516087516,ok,-0.0713814860156323,,,3.0,2.0
,,,,,,,A1,latent_d3_component3,fixed_dimension_sensitivity_ablation,A,,238.0,ok,0.2671486298874335,0.3487419773674488,0.0032634002572357,1.0,0.2971191076695413,0.88,0.78,0.6344444444444445,0.6266666666666667,ok,0.0538888888888888,,,3.0,3.0
,,,,,,,A5,latent_d3_component3,fixed_dimension_sensitivity_ablation,A,,238.0,ok,1.6750087242314908,2.274870478538171,0.0007391142299802,0.3545816733067729,1.6725773531232415,0.7192691029900332,0.6790123456790123,0.5802469135802469,0.5365448504983389,ok,0.0419794101964645,,,3.0,3.0
,,,,,,,A29,latent_d3_component3,fixed_dimension_sensitivity_ablation,A,,238.0,ok,1.3188309978283053,2.5787915336337845,0.0023138482364253,0.8804780876494024,1.331063471944538,0.5571428571428572,0.4887820512820513,0.6698717948717948,0.6369047619047619,ok,0.0506639194139194,,,3.0,3.0
,,,,,,,A33,latent_d3_component3,fixed_dimension_sensitivity_ablation,A,,240.0,ok,1.4638655255868964,0.9394765177026596,0.0061504378117462,0.0637450199203187,1.4541698255921238,0.6964769647696476,0.7707317073170732,0.7621951219512195,0.5338753387533874,ok,0.0770325203252032,,,3.0,3.0
,,,,,,,A37,latent_d3_component3,fixed_dimension_sensitivity_ablation,A,,239.0,ok,1.1708480130003385,1.776562094283024,0.0025561864282085,0.7689243027888446,1.173563008709,0.5166666666666667,0.6418485237483953,0.865211810012837,0.6961538461538462,ok,0.021938053388631,,,3.0,3.0
,,,,,,,A41,latent_d3_component3,fixed_dimension_sensitivity_ablation,A,,236.0,ok,0.9595923023582996,0.9752228596213824,0.0004404781171208,0.6892430278884463,0.969535061853976,0.5708556149732621,0.711484593837535,0.6904761904761905,0.6644385026737968,ok,-0.0572956455309396,,,3.0,3.0
,,,,,,,A45,latent_d3_component3,fixed_dimension_sensitivity_ablation,A,,240.0,ok,0.0493942788135228,0.1038252387238617,0.0067067607974461,0.9920318725099602,0.0511754676076421,0.6491596638655462,0.5033422459893049,0.4966577540106952,0.5091036414565826,ok,0.066685765215177,,,3.0,3.0
,,,,,,,B69,latent_d3_component3,fixed_dimension_sensitivity_ablation,B,,240.0,ok,0.5721419167738241,0.2319972012392112,0.0022319311242077,0.6294820717131474,0.575367567521842,0.8203463203463204,0.85752688172043,0.9260752688172044,0.9318181818181818,ok,-0.0214617371875435,,,3.0,3.0
,,,,,,,B73,latent_d3_component3,fixed_dimension_sensitivity_ablation,B,,238.0,ok,0.4236545696297787,0.93394095612046,0.0012056194730084,0.1195219123505976,0.3992058876194705,0.9047619047619048,0.9333333333333332,0.8731707317073172,0.888888888888889,ok,-0.0221447928765001,,,3.0,3.0
,,,,,,,B77,latent_d3_component3,fixed_dimension_sensitivity_ablation,B,,239.0,ok,0.5702175497244965,0.7321752702346985,0.0059693193525744,0.0239043824701195,0.5321850980066456,0.7022792022792023,0.5670553935860058,0.6880466472303207,0.6196581196581197,ok,0.1018061681326987,,,3.0,3.0
,,,,,,,B81,latent_d3_component3,fixed_dimension_sensitivity_ablation,B,,240.0,ok,0.5499832048671487,0.2805461011971462,0.0025134851213816,0.0079681274900398,0.4881163825688502,0.525,0.5333333333333333,0.4555555555555555,0.6720588235294117,ok,-0.1124183006535947,,,3.0,3.0
,,,,,,,C85,latent_d3_component3,fixed_dimension_sensitivity_ablation,C,,240.0,ok,0.1959561764633311,0.1493448878601548,0.0069734089971708,0.0438247011952191,0.1899931892057398,0.4575098814229248,0.5920608108108107,0.5109797297297296,0.6096837944664031,ok,-0.1166274970622797,,,3.0,3.0
,,,,,,,A2,latent_d3_component3,fixed_dimension_sensitivity_ablation,A,,238.0,ok,0.5099420770256707,1.816771543708169,0.0071547641901048,0.0079681274900398,0.4457416861362412,0.6353276353276354,0.3883720930232558,0.5674418604651162,0.6623931623931624,ok,0.0760021201881667,,,3.0,3.0
,,,,,,,A6,latent_d3_component3,fixed_dimension_sensitivity_ablation,A,,238.0,ok,2.1483464515186017,0.79195542312472,0.0037338478471573,0.250996015936255,2.1443203358542315,0.4947368421052631,0.8587500000000001,0.575,0.5666666666666667,ok,-0.1778399122807018,,,3.0,3.0
,,,,,,,A14,latent_d3_component3,fixed_dimension_sensitivity_ablation,A,,236.0,ok,1.544202723663782,1.53946867793231,0.0011938681628477,0.5697211155378487,1.5462417931174348,0.7100271002710027,0.7302631578947368,0.3697368421052631,0.529810298102981,ok,-0.0901547568107259,,,3.0,3.0
,,,,,,,A18,latent_d3_component3,fixed_dimension_sensitivity_ablation,A,,240.0,ok,0.2990924625991532,1.8483806069897173,0.0041339093721591,0.99601593625498,0.3239180764704615,0.6846846846846847,0.7568027210884354,0.8741496598639457,0.8568568568568569,ok,-0.0274126166983309,,,3.0,3.0
,,,,,,,A22,latent_d3_component3,fixed_dimension_sensitivity_ablation,A,,239.0,ok,0.3342059487808154,0.2634226280716301,0.0026257462952306,0.1115537848605577,0.3152845509382851,0.5873015873015873,0.6592797783933518,0.8019390581717452,0.792517006802721,ok,-0.0312780698613701,,,3.0,3.0
,,,,,,,A26,latent_d3_component3,fixed_dimension_sensitivity_ablation,A,,237.0,ok,1.1754229280670971,0.6233561347302261,0.0022521738526178,0.2589641434262948,1.1726877504326738,0.7483370288248338,0.6825806451612904,0.7135483870967742,0.688470066518847,ok,0.0454173521207352,,,3.0,3.0
,,,,,,,A34,latent_d3_component3,fixed_dimension_sensitivity_ablation,A,,240.0,ok,0.7091757821441498,0.8792944645867627,0.0042802994059227,0.601593625498008,0.7117777793922435,0.6390977443609023,0.6304909560723514,0.5891472868217055,0.4661654135338346,ok,0.0657943307882108,,,3.0,3.0
,,,,,,,A38,latent_d3_component3,fixed_dimension_sensitivity_ablation,A,,240.0,ok,1.5890008885917106,2.1137734419626923,0.0080375806705093,1.0,1.6767042664305314,0.620199146514936,0.6186186186186186,0.5755755755755756,0.5689900426742531,ok,0.0040830303988199,,,3.0,3.0
,,,,,,,A42,latent_d3_component3,fixed_dimension_sensitivity_ablation,A,,240.0,ok,0.0815060430547391,0.1475664277380313,0.0135744590189608,1.0,0.0890008280691532,0.554112554112554,0.4783197831978319,0.6422764227642276,0.4848484848484847,ok,0.1166103544152324,,,3.0,3.0
,,,,,,,A50,latent_d3_component3,fixed_dimension_sensitivity_ablation,A,,240.0,ok,0.0995881095296743,0.1473762413741764,0.0048840662171438,0.398406374501992,0.0997951373394063,0.5226744186046511,0.7015873015873016,0.4333333333333333,0.5348837209302325,ok,-0.1402316352897748,,,3.0,3.0
,,,,,,,A54,latent_d3_component3,fixed_dimension_sensitivity_ablation,A,,240.0,ok,0.0652734077324051,0.4150589593620075,0.0046059850670328,0.2231075697211155,0.0591866401314427,0.5152173913043478,0.5531400966183575,0.4818840579710145,0.4804347826086956,ok,-0.0182367149758453,,,3.0,3.0
,,,,,,,B62,latent_d3_component3,fixed_dimension_sensitivity_ablation,B,,239.0,ok,0.6738384076861841,0.3821320861883667,0.0046020027553079,1.0,0.7044780672801336,0.7354497354497356,0.7496947496947497,0.8498168498168497,0.787037037037037,ok,0.0242673992673992,,,3.0,3.0
,,,,,,,B66,latent_d3_component3,fixed_dimension_sensitivity_ablation,B,,239.0,ok,0.386143097149546,0.7322843557194436,0.0261812393482668,0.904382470119522,0.4023654165910018,0.5436507936507936,0.4905437352245863,0.6749408983451537,0.6805555555555556,ok,0.0237462006079027,,,3.0,3.0
,,,,,,,B74,latent_d3_component3,fixed_dimension_sensitivity_ablation,B,,240.0,ok,0.5243751325673881,0.4156866548938418,0.0033953590729586,0.0039840637450199,0.4811737844020289,0.5846560846560847,0.5777511961722488,0.7488038277511961,0.7275132275132276,ok,0.0140977443609022,,,3.0,3.0
,,,,,,,B78,latent_d3_component3,fixed_dimension_sensitivity_ablation,B,,239.0,ok,1.3027808420915974,1.738005648002844,0.007691931100322,0.3824701195219123,1.3037193468213573,0.8281481481481481,0.7960372960372961,0.6713286713286712,0.5748148148148149,ok,0.0643123543123541,,,3.0,3.0
,,,,,,,C82,latent_d3_component3,fixed_dimension_sensitivity_ablation,C,,240.0,ok,0.9291094635843956,0.2868079657761215,0.0009229779699528,0.9681274900398408,0.9468371603924728,0.569377990430622,0.3429878048780487,0.5625,0.6614832535885168,ok,0.0637034659820282,,,3.0,3.0
,,,,,,,A3,latent_d3_component3,fixed_dimension_sensitivity_ablation,A,,240.0,ok,0.3416832176770156,1.3246844390476518,0.0033027382182335,0.5776892430278885,0.3507349888675308,0.7606019151846785,0.6764346764346765,0.8241758241758241,0.9548563611491108,ok,-0.0232566491116423,,,3.0,3.0
,,,,,,,A15,latent_d3_component3,fixed_dimension_sensitivity_ablation,A,,240.0,ok,1.229367000560496,0.3177663359349773,0.0031939914296584,0.2310756972111553,1.224966319182515,0.6184419713831478,0.7103174603174603,0.7410714285714286,0.7201907790143084,ok,-0.0354974196885961,,,3.0,3.0
,,,,,,,A19,latent_d3_component3,fixed_dimension_sensitivity_ablation,A,,240.0,ok,0.8678262776144774,2.0248071428933416,0.0086807071054886,0.2350597609561753,0.8658172326125172,0.9523809523809524,0.9171511627906976,0.8604651162790697,0.9335839598997494,ok,-0.0189445270152124,,,3.0,3.0
,,,,,,,A23,latent_d3_component3,fixed_dimension_sensitivity_ablation,A,,240.0,ok,0.1580149489193695,0.8874991603294554,0.0047127538764506,0.9840637450199204,0.183586047654186,0.7083926031294452,0.6866866866866868,0.6466466466466466,0.6486486486486486,ok,0.0098519572203782,,,3.0,3.0
,,,,,,,A27,latent_d3_component3,fixed_dimension_sensitivity_ablation,A,,238.0,ok,1.429710418831672,0.6749167341637302,0.0053651754341011,0.7768924302788844,1.4323084728813291,0.5,0.5581395348837209,0.4930232558139534,0.4155844155844155,ok,0.0096496526729084,,,3.0,3.0
,,,,,,,A31,latent_d3_component3,fixed_dimension_sensitivity_ablation,A,,238.0,ok,0.7753759182355108,1.56771900420141,0.0046959216992878,0.0239043824701195,0.7543295578191362,0.4882943143812708,0.5891891891891892,0.6243243243243244,0.5005574136008919,ok,0.011436017957757,,,3.0,3.0
,,,,,,,A35,latent_d3_component3,fixed_dimension_sensitivity_ablation,A,,240.0,ok,1.37778461507253,2.139806151052519,0.0015015971149825,0.350597609561753,1.3762518730653168,0.7536382536382537,0.7635327635327636,0.9245014245014244,0.9085239085239084,ok,0.003041503041503,,,3.0,3.0
,,,,,,,A43,latent_d3_component3,fixed_dimension_sensitivity_ablation,A,,239.0,ok,0.1531124806114372,0.1888881987046245,0.0055889617062548,0.1274900398406374,0.1466891711045073,0.6046511627906976,0.5282051282051283,0.6141025641025641,0.585499316005472,ok,0.0525246413413307,,,3.0,3.0
,,,,,,,A51,latent_d3_component3,fixed_dimension_sensitivity_ablation,A,,240.0,ok,0.0501875776437868,0.1284832891151288,0.0046868032624193,0.9840637450199204,0.0606808314551105,0.5372807017543859,0.5024154589371981,0.4951690821256038,0.4568713450292397,ok,0.0365814899567759,,,3.0,3.0
,,,,,,,A55,latent_d3_component3,fixed_dimension_sensitivity_ablation,A,,240.0,ok,0.0831453208291138,0.2643347566986144,0.0051956150418799,1.0,0.0960013429448986,0.6175030599755202,0.6194331983805668,0.5519568151147098,0.6988984088127295,ok,-0.074435866051533,,,3.0,3.0
,,,,,,,B63,latent_d3_component3,fixed_dimension_sensitivity_ablation,B,,238.0,ok,0.5427562703922294,0.7805689307526479,0.0073787100821175,0.446215139442231,0.546291617675303,0.6263888888888889,0.5740514075887393,0.6230110159118727,0.7236111111111111,ok,-0.0241313069495444,,,3.0,3.0
,,,,,,,B67,latent_d3_component3,fixed_dimension_sensitivity_ablation,B,,239.0,ok,0.4004387100627026,0.3301791231343887,0.005309268390395,0.952191235059761,0.4270315696181042,0.6751336898395722,0.6960526315789475,0.625,0.6270053475935828,ok,-0.011462144666479,,,3.0,3.0
,,,,,,,B79,latent_d3_component3,fixed_dimension_sensitivity_ablation,B,,237.0,ok,0.8778771633158748,1.6513740156203516,0.0025993785734951,0.7768924302788844,0.8911001619153192,0.9004524886877828,0.832752613240418,0.859465737514518,0.8687782805429863,ok,0.0291936662094482,,,3.0,3.0
,,,,,,,C83,latent_d3_component3,fixed_dimension_sensitivity_ablation,C,,239.0,ok,0.092799829452441,0.1289779026838184,0.0022069740841226,1.0,0.097958537820472,0.542490118577075,0.6145833333333334,0.5746527777777778,0.6640316205533596,ok,-0.0807360287659201,,,3.0,3.0
,,,,,,,C87,latent_d3_component3,fixed_dimension_sensitivity_ablation,C,,238.0,ok,0.5398071545722346,0.3236186955293549,0.0032248917968507,0.0039840637450199,0.4473181288784122,0.8571428571428572,0.8168642951251647,0.6996047430830039,0.7990708478513356,ok,-0.0295937713753196,,,3.0,3.0
,,,,,,,A4,latent_d3_component3,fixed_dimension_sensitivity_ablation,A,,239.0,ok,0.4851993348974641,1.5015835988156,0.0063421445091331,0.1195219123505976,0.4653916342714408,0.6775,0.6471631205673758,0.624113475177305,0.55,ok,0.0522251773049645,,,3.0,3.0
,,,,,,,A8,latent_d3_component3,fixed_dimension_sensitivity_ablation,A,,240.0,ok,0.5512667072558718,2.1121740667471323,0.0025129571234726,0.0159362549800796,0.5155431923236159,0.4217948717948718,0.6098191214470284,0.6873385012919896,0.4615384615384615,ok,0.0188878950506856,,,3.0,3.0
,,,,,,,A12,latent_d3_component3,fixed_dimension_sensitivity_ablation,A,,240.0,ok,0.8661455709768874,0.8408447791763664,0.0030426850921194,0.9880478087649402,0.9388398918857604,0.538211382113821,0.6520650813516896,0.5181476846057572,0.5658536585365853,ok,-0.0807798365843483,,,3.0,3.0
,,,,,,,A16,latent_d3_component3,fixed_dimension_sensitivity_ablation,A,,240.0,ok,0.2118265491724749,2.4325267080543047,0.003091218813129,0.3665338645418327,0.2110047346500159,0.4784053156146179,0.5282608695652173,0.5239130434782608,0.5116279069767442,ok,-0.0187852087245413,,,3.0,3.0
,,,,,,,A20,latent_d3_component3,fixed_dimension_sensitivity_ablation,A,,237.0,ok,0.5290735078164323,1.3513589734205893,0.0053276475424253,0.0358565737051792,0.5042140892947629,0.7674074074074073,0.7338935574229691,0.9019607843137256,0.731851851851852,ok,0.1018113912231558,,,3.0,3.0
,,,,,,,A40,latent_d3_component3,fixed_dimension_sensitivity_ablation,A,,232.0,ok,0.5076027692948354,1.0451449629952878,0.004019417218214,0.1075697211155378,0.498294362115572,0.6292270531400966,0.6014705882352942,0.4073529411764706,0.6316425120772947,ok,-0.0982665529980108,,,3.0,3.0
,,,,,,,A44,latent_d3_component3,fixed_dimension_sensitivity_ablation,A,,240.0,ok,0.0552870092654259,0.242169227835419,0.0041373141438589,1.0,0.066930491684934,0.5987012987012986,0.6401234567901235,0.6438271604938272,0.5077922077922078,ok,0.0473063973063972,,,3.0,3.0
,,,,,,,A48,latent_d3_component3,fixed_dimension_sensitivity_ablation,A,,239.0,ok,0.1415089050403089,0.5177109601020445,0.0117845439309608,0.1872509960159362,0.1363936045376809,0.4269788182831661,0.4979757085020242,0.7017543859649122,0.6655518394648829,ok,-0.0173971718594143,,,3.0,3.0
,,,,,,,A52,latent_d3_component3,fixed_dimension_sensitivity_ablation,A,,237.0,ok,0.1202691272819427,0.2166073843597259,0.0133561203836345,0.8326693227091634,0.1259003094548969,0.5935897435897436,0.4594907407407407,0.5335648148148149,0.5692307692307692,ok,0.0492165242165242,,,3.0,3.0
,,,,,,,A56,latent_d3_component3,fixed_dimension_sensitivity_ablation,A,,240.0,ok,0.1783699220026912,0.2923199204866003,0.0251020707668632,0.0039840637450199,0.1172314198967179,0.5955678670360111,0.5423913043478261,0.5260869565217392,0.5914127423822715,ok,-0.0060746115861736,,,3.0,3.0
,,,,,,,A60,latent_d3_component3,fixed_dimension_sensitivity_ablation,A,,240.0,ok,0.0597638419923919,0.2317817883424282,0.0066510951716186,0.99601593625498,0.0693201963617924,0.3743206521739129,0.4870875179340028,0.4971305595408894,0.4381793478260869,ok,-0.0269078270226436,,,3.0,3.0
,,,,,,,B64,latent_d3_component3,fixed_dimension_sensitivity_ablation,B,,238.0,ok,0.3866295819004509,0.9101476024546042,0.0058939730202708,0.0677290836653386,0.3609350332178411,0.5532467532467533,0.5120614035087719,0.3980263157894737,0.7090909090909091,ok,-0.134939621781727,,,3.0,3.0
,,,,,,,B68,latent_d3_component3,fixed_dimension_sensitivity_ablation,B,,239.0,ok,0.4945574840821182,1.47874923036109,0.0036464403649836,0.0039840637450199,0.4474102015044597,0.4864864864864865,0.524793388429752,0.4504132231404959,0.3052464228934817,ok,0.0534299491518743,,,3.0,3.0
,,,,,,,B80,latent_d3_component3,fixed_dimension_sensitivity_ablation,B,,240.0,ok,0.1615215155820738,0.3412197967625409,0.0026741833638407,0.7290836653386454,0.175804430867425,0.6130221130221131,0.5695121951219513,0.5317073170731708,0.4410319410319411,ok,0.0670926469706957,,,3.0,3.0
