subject,control,repeat,low_to_high_within_auc,low_to_high_cross_auc,high_to_low_within_auc,high_to_low_cross_auc,status,cross_state_gap
A1,observed_state,0,0.7756410256410257,0.7394957983193278,0.7366946778711485,0.7708333333333334,ok,0.0010032859297565144
A1,within_run_state_permutation,0,0.8537037037037036,0.8493827160493828,0.7259259259259259,0.8407407407407408,ok,-0.055246913580247026
A1,within_run_trial_index,0,0.7075757575757575,0.9260869565217392,0.6318840579710145,0.7378787878787879,ok,-0.16225296442687753
A1,random_within_run_split,0,0.9365942028985508,0.8648989898989898,0.7424242424242424,0.7789855072463768,ok,0.017566974088713272
A1,within_run_state_permutation,1,0.6789772727272727,0.8524844720496895,0.8214285714285714,0.8409090909090908,ok,-0.0964938594014681
A1,within_run_trial_index,1,0.7075757575757575,0.9260869565217392,0.6318840579710145,0.7378787878787879,ok,-0.16225296442687753
A1,random_within_run_split,1,0.8515406162464986,0.7948717948717948,0.7451923076923077,0.7563025210084033,ok,0.02277930402930406
A1,within_run_state_permutation,2,0.7301587301587302,0.8097222222222222,0.7625,0.819047619047619,ok,-0.06805555555555554
A1,within_run_trial_index,2,0.7075757575757575,0.9260869565217392,0.6318840579710145,0.7378787878787879,ok,-0.16225296442687753
A1,random_within_run_split,2,0.6608391608391608,0.6636828644501279,0.748081841432225,0.6153846153846154,ok,0.06492676121832125
A1,within_run_state_permutation,3,0.639766081871345,0.7757575757575758,0.8929292929292929,0.8830409356725146,ok,-0.06305156831472625
A1,within_run_trial_index,3,0.7075757575757575,0.9260869565217392,0.6318840579710145,0.7378787878787879,ok,-0.16225296442687753
A1,random_within_run_split,3,0.7487179487179487,0.6901960784313724,0.7947712418300654,0.72991452991453,ok,0.061689291101055865
A1,within_run_state_permutation,4,0.8365384615384616,0.6246498599439776,0.834733893557423,0.8333333333333333,ok,0.10664458090928686
A1,within_run_trial_index,4,0.7075757575757575,0.9260869565217392,0.6318840579710145,0.7378787878787879,ok,-0.16225296442687753
A1,random_within_run_split,4,0.7307221542227662,0.5899419729206963,0.758220502901354,0.8017135862913096,ok,0.04864354895605716
A5,observed_state,0,0.4704968944099379,0.6309523809523809,0.5727513227513228,0.5807453416149068,ok,-0.0842247527030135
A5,within_run_state_permutation,0,0.5681818181818181,0.4636363636363636,0.5545454545454546,0.6577540106951871,ok,0.0006684491978609652
A5,within_run_trial_index,0,0.5042016806722689,0.5608695652173913,0.763768115942029,0.7044817927170868,ok,0.0013092193399099061
A5,random_within_run_split,0,0.6051103368176539,0.44680851063829785,0.7659574468085106,0.6399535423925667,ok,0.14215286529764998
A5,within_run_state_permutation,1,0.7510259917920656,0.6503703703703704,0.5837037037037037,0.545827633378933,ok,0.06926584587323298
A5,within_run_trial_index,1,0.5042016806722689,0.5608695652173913,0.763768115942029,0.7044817927170868,ok,0.0013092193399099061
A5,random_within_run_split,1,0.7179962894248608,0.7423687423687424,0.6227106227106227,0.4897959183673469,ok,0.05427112569969711
A5,within_run_state_permutation,2,0.5320855614973261,0.6060606060606061,0.6121212121212122,0.7874331550802139,ok,-0.12464349376114087
A5,within_run_trial_index,2,0.5042016806722689,0.5608695652173913,0.763768115942029,0.7044817927170868,ok,0.0013092193399099061
A5,random_within_run_split,2,0.6031007751937985,0.6352941176470588,0.5712418300653596,0.6527131782945736,ok,-0.05683234534123721
A5,within_run_state_permutation,3,0.591187270501836,0.5743589743589744,0.5914529914529916,0.565483476132191,ok,0.021398905731831064
A5,within_run_trial_index,3,0.5042016806722689,0.5608695652173913,0.763768115942029,0.7044817927170868,ok,0.0013092193399099061
A5,random_within_run_split,3,0.5153061224489797,0.4641025641025641,0.5307692307692308,0.6564625850340136,ok,-0.03724489795918362
A5,within_run_state_permutation,4,0.4230769230769231,0.7236842105263157,0.5986842105263158,0.5641025641025641,ok,-0.13301282051282046
A5,within_run_trial_index,4,0.5042016806722689,0.5608695652173913,0.763768115942029,0.7044817927170868,ok,0.0013092193399099061
A5,random_within_run_split,4,0.6577777777777778,0.49521203830369354,0.6922024623803009,0.7348148148148148,ok,0.059976693519785185
A29,observed_state,0,0.5071428571428571,0.38593974175035867,0.5896700143472023,0.7107142857142857,ok,7.942201270752514e-05
A29,within_run_state_permutation,0,0.6615646258503401,0.56203605514316,0.5323435843054083,0.6343537414965986,ok,-0.0012407932420051004
A29,within_run_trial_index,0,0.5847222222222223,0.4834761321909425,0.6927784577723378,0.6652777777777777,ok,0.06437338501291992
A29,random_within_run_split,0,0.6248313090418353,0.6755050505050506,0.7121212121212122,0.47233468286099867,ok,0.09455639389849907
A29,within_run_state_permutation,1,0.6591478696741855,0.5230352303523036,0.6856368563685638,0.5401002506265664,ok,0.14082462253193961
A29,within_run_trial_index,1,0.5847222222222223,0.4834761321909425,0.6927784577723378,0.6652777777777777,ok,0.06437338501291992
A29,random_within_run_split,1,0.4878048780487805,0.5797619047619047,0.5047619047619047,0.5179340028694404,ok,-0.05256456241032992
A29,within_run_state_permutation,2,0.45105820105820105,0.6033376123234916,0.6944801026957638,0.6931216931216931,ok,-0.07546050084560996
A29,within_run_trial_index,2,0.5847222222222223,0.4834761321909425,0.6927784577723378,0.6652777777777777,ok,0.06437338501291992
A29,random_within_run_split,2,0.5873015873015872,0.4801829268292683,0.6280487804878049,0.5328798185941043,ok,0.10114381118300977
A29,within_run_state_permutation,3,0.6632653061224489,0.4772004241781548,0.6977730646871686,0.44727891156462585,ok,0.21827951753341845
A29,within_run_trial_index,3,0.5847222222222223,0.4834761321909425,0.6927784577723378,0.6652777777777777,ok,0.06437338501291992
A29,random_within_run_split,3,0.6860119047619048,0.5625,0.633578431372549,0.5610119047619048,ok,0.0980392156862745
A29,within_run_state_permutation,4,0.6744186046511628,0.6294117647058823,0.6838235294117648,0.6767441860465117,ok,0.026043091655266803
A29,within_run_trial_index,4,0.5847222222222223,0.4834761321909425,0.6927784577723378,0.6652777777777777,ok,0.06437338501291992
A29,random_within_run_split,4,0.6322222222222222,0.69377990430622,0.5837320574162679,0.5833333333333334,ok,-0.03057947900053165
A33,observed_state,0,0.8947368421052632,0.8218623481781376,0.8259109311740891,0.9057527539779682,ok,-0.0034836644383767768
A33,within_run_state_permutation,0,0.719047619047619,0.8619565217391304,0.7239130434782609,0.7444444444444445,ok,-0.08172015182884745
A33,within_run_trial_index,0,0.9037227214377407,0.8831835686777921,0.7894736842105262,0.5699614890885751,ok,0.12002567394094982
A33,random_within_run_split,0,0.8171701112877583,0.834920634920635,0.8201058201058201,0.7154213036565977,ok,0.043466996408172864
A33,within_run_state_permutation,1,0.7356979405034324,0.7015151515151515,0.8287878787878787,0.7814645308924486,ok,0.0407530684418555
A33,within_run_trial_index,1,0.9037227214377407,0.8831835686777921,0.7894736842105262,0.5699614890885751,ok,0.12002567394094982
A33,random_within_run_split,1,0.7382271468144044,0.6889952153110047,0.8181818181818181,0.6869806094182825,ok,0.09021657013346762
A33,within_run_state_permutation,2,0.7862745098039216,0.6218637992831542,0.8530465949820788,0.7921568627450981,ok,0.11265022137887404
A33,within_run_trial_index,2,0.9037227214377407,0.8831835686777921,0.7894736842105262,0.5699614890885751,ok,0.12002567394094982
A33,random_within_run_split,2,0.8590971272229823,0.7924297924297924,0.9145299145299145,0.8317373461012312,ok,0.0747299516109366
A33,within_run_state_permutation,3,0.6328671328671328,0.8178947368421053,0.7947368421052632,0.8216783216783217,ok,-0.1059845417740155
A33,within_run_trial_index,3,0.9037227214377407,0.8831835686777921,0.7894736842105262,0.5699614890885751,ok,0.12002567394094982
A33,random_within_run_split,3,0.80875,0.8029100529100529,0.9034391534391535,0.8312500000000002,ok,0.039014550264550196
A33,within_run_state_permutation,4,0.8706293706293706,0.626453488372093,0.7354651162790697,0.8554778554778555,ok,0.06208157152924593
A33,within_run_trial_index,4,0.9037227214377407,0.8831835686777921,0.7894736842105262,0.5699614890885751,ok,0.12002567394094982
A33,random_within_run_split,4,0.7044534412955465,0.8261933904528764,0.780905752753978,0.8218623481781376,ok,-0.08134827229074476
A37,observed_state,0,0.6453488372093024,0.6545240893066979,0.7285546415981199,0.5930232558139534,ok,0.06317806684338545
A37,within_run_state_permutation,0,0.6804878048780488,0.8178137651821862,0.6747638326585694,0.6024390243902439,ok,-0.0325005760179059
A37,within_run_trial_index,0,0.6788617886178862,0.7350427350427351,0.7838827838827839,0.8184281842818428,ok,-0.04536317341195395
A37,random_within_run_split,0,0.6626794258373205,0.675,0.6138888888888889,0.5574162679425838,ok,0.022076023391812805
A37,within_run_state_permutation,1,0.6546583850931676,0.7583333333333334,0.7013888888888888,0.7478260869565218,ok,-0.07505607315389934
A37,within_run_trial_index,1,0.6788617886178862,0.7350427350427351,0.7838827838827839,0.8184281842818428,ok,-0.04536317341195395
A37,random_within_run_split,1,0.6017441860465116,0.7045045045045045,0.7891891891891891,0.689922480620155,ok,-0.0017468049444794298
A37,within_run_state_permutation,2,0.7167832167832169,0.7675753228120517,0.7101865136298422,0.7482517482517482,ok,-0.0444286703253704
A37,within_run_trial_index,2,0.6788617886178862,0.7350427350427351,0.7838827838827839,0.8184281842818428,ok,-0.04536317341195395
A37,random_within_run_split,2,0.7261363636363636,0.5730994152046783,0.6900584795321637,0.8227272727272728,ok,0.010184077618288101
A37,within_run_state_permutation,3,0.7872093023255814,0.7610241820768138,0.5803698435277382,0.5523255813953488,ok,0.02711469119057852
A37,within_run_trial_index,3,0.6788617886178862,0.7350427350427351,0.7838827838827839,0.8184281842818428,ok,-0.04536317341195395
A37,random_within_run_split,3,0.6946022727272727,0.5265700483091788,0.6485507246376812,0.8465909090909091,ok,-0.015003980017566976
A37,within_run_state_permutation,4,0.6698564593301436,0.6162464985994398,0.6484593837535014,0.6925837320574162,ok,0.004742806213394513
A37,within_run_trial_index,4,0.6788617886178862,0.7350427350427351,0.7838827838827839,0.8184281842818428,ok,-0.04536317341195395
A37,random_within_run_split,4,0.6396103896103895,0.6687306501547987,0.6408668730650154,0.699134199134199,ok,-0.0436937933067964
A41,observed_state,0,0.6531713900134952,0.5910931174089069,0.708502024291498,0.6099865047233468,ok,0.08029689608636975
A41,within_run_state_permutation,0,0.6816816816816816,0.6487804878048781,0.5902439024390244,0.6606606606606606,ok,-0.01875778217241636
A41,within_run_trial_index,0,0.7104072398190044,0.5567765567765568,0.6251526251526252,0.5595776772247361,ok,0.10960281548516837
A41,random_within_run_split,0,0.6213450292397661,0.6575000000000001,0.7074999999999999,0.6008771929824561,ok,0.035233918128654895
A41,within_run_state_permutation,1,0.6301169590643274,0.58875,0.535,0.6301169590643275,ok,-0.026875000000000038
A41,within_run_trial_index,1,0.7104072398190044,0.5567765567765568,0.6251526251526252,0.5595776772247361,ok,0.10960281548516837
A41,random_within_run_split,1,0.5925925925925926,0.7047619047619047,0.75,0.6203703703703703,ok,0.008730158730158755
A41,within_run_state_permutation,2,0.6152777777777778,0.5991735537190083,0.6349862258953168,0.6069444444444445,ok,0.022073002754820936
A41,within_run_trial_index,2,0.7104072398190044,0.5567765567765568,0.6251526251526252,0.5595776772247361,ok,0.10960281548516837
A41,random_within_run_split,2,0.6011363636363637,0.712171052631579,0.6398026315789475,0.6011363636363637,ok,-0.03618421052631576
A41,within_run_state_permutation,3,0.5265151515151515,0.7291666666666667,0.6458333333333334,0.6388888888888888,ok,-0.09785353535353536
A41,within_run_trial_index,3,0.7104072398190044,0.5567765567765568,0.6251526251526252,0.5595776772247361,ok,0.10960281548516837
A41,random_within_run_split,3,0.6386913229018492,0.5699614890885751,0.6598202824133504,0.6002844950213371,ok,0.0641328106026437
A41,within_run_state_permutation,4,0.5732574679943101,0.521181001283697,0.5956354300385108,0.6173541963015647,ok,0.015178850223779572
A41,within_run_trial_index,4,0.7104072398190044,0.5567765567765568,0.6251526251526252,0.5595776772247361,ok,0.10960281548516837
A41,random_within_run_split,4,0.6749226006191951,0.7285714285714286,0.6916666666666667,0.5696594427244581,ok,0.034179197994987476
A45,observed_state,0,0.4714445688689809,0.5606837606837607,0.5555555555555556,0.48488241881298993,ok,-0.009283027536107075
A45,within_run_state_permutation,0,0.5049342105263158,0.5718749999999999,0.5364583333333334,0.5345394736842105,ok,-0.032510964912280615
A45,within_run_trial_index,0,0.6104497354497354,0.4879261363636364,0.37571022727272724,0.5178571428571429,ok,-0.009811658249158361
A45,random_within_run_split,0,0.4964131994261119,0.4549019607843138,0.5712418300653594,0.5552367288378767,ok,0.02875816993464045
A45,within_run_state_permutation,1,0.47049689440993786,0.55375,0.5449999999999999,0.45496894409937894,ok,0.0033889751552794445
A45,within_run_trial_index,1,0.6104497354497354,0.4879261363636364,0.37571022727272724,0.5178571428571429,ok,-0.009811658249158361
A45,random_within_run_split,1,0.45295983086680763,0.617248062015504,0.4796511627906977,0.593551797040169,ok,-0.13909443269908384
A45,within_run_state_permutation,2,0.5822368421052632,0.5305059523809523,0.3712797619047619,0.5625,ok,-0.06974467418546362
A45,within_run_trial_index,2,0.6104497354497354,0.4879261363636364,0.37571022727272724,0.5178571428571429,ok,-0.009811658249158361
A45,random_within_run_split,2,0.5681114551083591,0.6243872549019608,0.5055147058823529,0.5100619195046441,ok,-0.0304115067079464
A45,within_run_state_permutation,3,0.4879336349924585,0.5431789737171464,0.4962453066332916,0.6327300150829562,ok,-0.09586502358717627
A45,within_run_trial_index,3,0.6104497354497354,0.4879261363636364,0.37571022727272724,0.5178571428571429,ok,-0.009811658249158361
A45,random_within_run_split,3,0.5555555555555556,0.5359375,0.46875,0.678743961352657,ok,-0.0951879528985507
A45,within_run_state_permutation,4,0.5740514075887394,0.4356589147286822,0.5643410852713178,0.5716034271725826,ok,0.06556507547939619
A45,within_run_trial_index,4,0.6104497354497354,0.4879261363636364,0.37571022727272724,0.5178571428571429,ok,-0.009811658249158361
A45,random_within_run_split,4,0.6884498480243162,0.42307692307692313,0.46794871794871795,0.5668693009118542,ok,0.08322617099212842
B69,observed_state,0,0.9521367521367521,0.9037037037037037,0.7814814814814814,0.8,ok,0.014957264957264904
B69,within_run_state_permutation,0,0.8272017837235228,0.8547979797979798,0.8282828282828283,0.8929765886287625,ok,-0.046144978210195586
B69,within_run_trial_index,0,0.9259259259259259,0.8241758241758241,0.9169719169719169,0.8935185185185186,ok,0.06260175010175006
B69,random_within_run_split,0,0.8546712802768166,0.9320557491289199,0.7369337979094077,0.801038062283737,ok,-0.07074436661321626
B69,within_run_state_permutation,1,0.9285714285714286,0.8400537634408602,0.8091397849462366,0.9404761904761905,ok,-0.021409370199692745
B69,within_run_trial_index,1,0.9259259259259259,0.8241758241758241,0.9169719169719169,0.8935185185185186,ok,0.06260175010175006
B69,random_within_run_split,1,0.8616071428571428,0.933139534883721,0.7742248062015504,0.7812499999999999,ok,-0.03927879291251385
B69,within_run_state_permutation,2,0.8534850640113798,0.8704453441295547,0.861336032388664,0.8805120910384068,ok,-0.018068169383958832
B69,within_run_trial_index,2,0.9259259259259259,0.8241758241758241,0.9169719169719169,0.8935185185185186,ok,0.06260175010175006
B69,random_within_run_split,2,0.8222453222453222,0.7673130193905816,0.7534626038781164,0.7546777546777547,ok,0.02685857602755115
B69,within_run_state_permutation,3,0.8761904761904762,0.753125,0.6854166666666666,0.8258503401360544,ok,-0.00868409863945585
B69,within_run_trial_index,3,0.9259259259259259,0.8241758241758241,0.9169719169719169,0.8935185185185186,ok,0.06260175010175006
B69,random_within_run_split,3,0.6940133037694013,0.9066496163682864,0.8516624040920715,0.7882483370288249,ok,-0.07461112276781928
B69,within_run_state_permutation,4,0.755072463768116,0.9045977011494253,0.9114942528735632,0.9043478260869566,ok,-0.07118940529735135
B69,within_run_trial_index,4,0.9259259259259259,0.8241758241758241,0.9169719169719169,0.8935185185185186,ok,0.06260175010175006
B69,random_within_run_split,4,0.752262443438914,0.7843388960205391,0.7946084724005136,0.840497737556561,ok,-0.038982858868836234
B73,observed_state,0,0.9508448540706606,0.9500000000000001,0.9576923076923076,0.8417818740399385,ok,0.05837764386151478
B73,within_run_state_permutation,0,0.9225,0.8633720930232558,0.8953488372093023,0.91875,ok,0.017863372093023244
B73,within_run_trial_index,0,0.8644736842105263,0.93296853625171,0.9712722298221614,0.8894736842105264,ok,0.006651846785225679
B73,random_within_run_split,0,0.9359375000000001,0.9151162790697673,0.7465116279069768,0.81875,ok,-0.02570857558139522
B73,within_run_state_permutation,1,0.8857782754759238,0.8415032679738561,0.926470588235294,0.9328107502799553,ok,0.01896742272870322
B73,within_run_trial_index,1,0.8644736842105263,0.93296853625171,0.9712722298221614,0.8894736842105264,ok,0.006651846785225679
B73,random_within_run_split,1,0.8466666666666667,0.7988394584139266,0.8491295938104448,0.8544444444444445,ok,0.021256178809370252
B73,within_run_state_permutation,2,0.8048780487804879,0.922077922077922,0.8668831168831168,0.8432055749128919,ok,-0.046761165663604665
B73,within_run_trial_index,2,0.8644736842105263,0.93296853625171,0.9712722298221614,0.8894736842105264,ok,0.006651846785225679
B73,random_within_run_split,2,0.8762755102040816,0.9102941176470588,0.9617647058823529,0.9311224489795918,ok,-0.0016881752701081165
B73,within_run_state_permutation,3,0.8725490196078431,0.9370988446726574,0.7830551989730423,0.8529411764705883,ok,-0.0672179012811801
B73,within_run_trial_index,3,0.8644736842105263,0.93296853625171,0.9712722298221614,0.8894736842105264,ok,0.006651846785225679
B73,random_within_run_split,3,0.9545454545454546,0.900854700854701,0.905982905982906,0.8733766233766234,ok,0.04314851814851811
B73,within_run_state_permutation,4,0.9368421052631579,0.9152777777777777,0.825,0.881578947368421,ok,-0.017507309941520444
B73,within_run_trial_index,4,0.8644736842105263,0.93296853625171,0.9712722298221614,0.8894736842105264,ok,0.006651846785225679
B73,random_within_run_split,4,0.9325681492109039,0.924812030075188,0.8972431077694236,0.8866571018651364,ok,0.009171062520001605
B77,observed_state,0,0.6153846153846154,0.7032967032967034,0.5510204081632654,0.5087719298245614,ok,-0.022831804786692
B77,within_run_state_permutation,0,0.5955882352941176,0.6944444444444444,0.6490740740740741,0.5686274509803921,ok,-0.009204793028322389
B77,within_run_trial_index,0,0.7240896358543418,0.4971014492753623,0.6927536231884058,0.7212885154061625,ok,0.09922664718061144
B77,random_within_run_split,0,0.6142506142506142,0.6549019607843137,0.4294117647058824,0.6584766584766584,ok,-0.13485812015223775
B77,within_run_state_permutation,1,0.7364864864864864,0.7254901960784315,0.7745098039215687,0.5461711711711712,ok,0.1196674615792262
B77,within_run_trial_index,1,0.7240896358543418,0.4971014492753623,0.6927536231884058,0.7212885154061625,ok,0.09922664718061144
B77,random_within_run_split,1,0.46412037037037035,0.7232142857142857,0.5392857142857143,0.568287037037037,ok,-0.14404761904761904
B77,within_run_state_permutation,2,0.4803921568627451,0.37826086956521743,0.5710144927536233,0.6358543417366946,ok,0.018645719157228152
B77,within_run_trial_index,2,0.7240896358543418,0.4971014492753623,0.6927536231884058,0.7212885154061625,ok,0.09922664718061144
B77,random_within_run_split,2,0.4160206718346253,0.6299516908212561,0.7971014492753623,0.6408268733850129,ok,-0.028828221548140687
B77,within_run_state_permutation,3,0.8066666666666666,0.713235294117647,0.5441176470588235,0.5349999999999999,ok,0.05127450980392162
B77,within_run_trial_index,3,0.7240896358543418,0.4971014492753623,0.6927536231884058,0.7212885154061625,ok,0.09922664718061144
B77,random_within_run_split,3,0.7525,0.5607638888888888,0.5572916666666666,0.58625,ok,0.08138888888888884
B77,within_run_state_permutation,4,0.7757575757575758,0.7874331550802138,0.5922459893048128,0.5196969696969697,ok,0.030436720142602514
B77,within_run_trial_index,4,0.7240896358543418,0.4971014492753623,0.6927536231884058,0.7212885154061625,ok,0.09922664718061144
B77,random_within_run_split,4,0.5243506493506493,0.7373737373737373,0.42803030303030304,0.4675324675324675,ok,-0.12626262626262624
B81,observed_state,0,0.4585365853658537,0.5181818181818182,0.6625,0.2634146341463415,ok,0.169720066518847
B81,within_run_state_permutation,0,0.5967365967365967,0.5443840579710144,0.5181159420289856,0.5314685314685315,ok,0.019499974663018227
B81,within_run_trial_index,0,0.5539772727272727,0.5121951219512195,0.5802310654685493,0.40198863636363635,ok,0.11001228994048307
B81,random_within_run_split,0,0.5193992490613267,0.564327485380117,0.4546783625730994,0.44180225281602004,ok,-0.016026063280855457
B81,within_run_state_permutation,1,0.35142118863049093,0.4705882352941177,0.5854341736694677,0.5607235142118864,ok,-0.04722819360302272
B81,within_run_trial_index,1,0.5539772727272727,0.5121951219512195,0.5802310654685493,0.40198863636363635,ok,0.11001228994048307
B81,random_within_run_split,1,0.5498320268756999,0.5148026315789473,0.3125,0.5386338185890257,ok,-0.09555221164613659
B81,within_run_state_permutation,2,0.6086309523809523,0.5226438188494491,0.41003671970624234,0.36011904761904767,ok,0.06795240280934894
B81,within_run_trial_index,2,0.5539772727272727,0.5121951219512195,0.5802310654685493,0.40198863636363635,ok,0.11001228994048307
B81,random_within_run_split,2,0.5823529411764706,0.30740740740740746,0.44814814814814813,0.6147058823529411,ok,0.054193899782135097
B81,within_run_state_permutation,3,0.4761904761904763,0.5335917312661499,0.6085271317829457,0.5056022408963585,ok,0.022761817905456783
B81,within_run_trial_index,3,0.5539772727272727,0.5121951219512195,0.5802310654685493,0.40198863636363635,ok,0.11001228994048307
B81,random_within_run_split,3,0.6627604166666666,0.3826458036984352,0.4480796586059744,0.44661458333333337,ok,0.14078984412043621
B81,within_run_state_permutation,4,0.39393939393939387,0.4776386404293381,0.4561717352415027,0.5627705627705628,ok,-0.0951490370095022
B81,within_run_trial_index,4,0.5539772727272727,0.5121951219512195,0.5802310654685493,0.40198863636363635,ok,0.11001228994048307
B81,random_within_run_split,4,0.48043478260869565,0.541880341880342,0.4307692307692308,0.5760869565217391,ok,-0.10338164251207732
C85,observed_state,0,0.6685606060606061,0.5482625482625483,0.5135135135135134,0.6357323232323232,ok,-0.0009603759603760142
C85,within_run_state_permutation,0,0.462037037037037,0.6049382716049383,0.5895061728395061,0.6425925925925926,ok,-0.09799382716049387
C85,within_run_trial_index,0,0.47089947089947093,0.5482295482295483,0.6666666666666665,0.6283068783068784,ok,-0.0194851444851446
C85,random_within_run_split,0,0.5880952380952381,0.5587044534412955,0.597165991902834,0.5333333333333333,ok,0.04661172161172167
C85,within_run_state_permutation,1,0.5843749999999999,0.5513478818998716,0.5866495507060333,0.548125,ok,0.0357758344030808
C85,within_run_trial_index,1,0.47089947089947093,0.5482295482295483,0.6666666666666665,0.6283068783068784,ok,-0.0194851444851446
C85,random_within_run_split,1,0.5946275946275946,0.6190476190476191,0.4616402116402117,0.5396825396825397,ok,-0.051231176231176206
C85,within_run_state_permutation,2,0.58625,0.6482670089858793,0.49422336328626437,0.55,ok,-0.05889682284980746
C85,within_run_trial_index,2,0.47089947089947093,0.5482295482295483,0.6666666666666665,0.6283068783068784,ok,-0.0194851444851446
C85,random_within_run_split,2,0.6355013550135502,0.5107142857142857,0.5273809523809524,0.4823848238482385,ok,0.08489159891598921
C85,within_run_state_permutation,3,0.5284090909090909,0.5954088952654233,0.4562410329985653,0.6522727272727273,ok,-0.1315157493152472
C85,within_run_trial_index,3,0.47089947089947093,0.5482295482295483,0.6666666666666665,0.6283068783068784,ok,-0.0194851444851446
C85,random_within_run_split,3,0.5803030303030303,0.5180180180180181,0.6216216216216217,0.5863636363636363,ok,0.048771498771498834
C85,within_run_state_permutation,4,0.5410052910052909,0.5617283950617283,0.6111111111111112,0.5701058201058201,ok,0.010141093474426821
C85,within_run_trial_index,4,0.47089947089947093,0.5482295482295483,0.6666666666666665,0.6283068783068784,ok,-0.0194851444851446
C85,random_within_run_split,4,0.5238095238095237,0.5168269230769231,0.6153846153846154,0.6128364389233956,ok,0.004765388596910225
A2,observed_state,0,0.5811965811965812,0.6245847176079734,0.5431893687707641,0.5405982905982906,ok,-0.02039852911945933
A2,within_run_state_permutation,0,0.5459459459459459,0.7580246913580246,0.5111111111111111,0.42162162162162165,ok,-0.061294627961294645
A2,within_run_trial_index,0,0.49000000000000005,0.5595238095238095,0.5529100529100529,0.66625,ok,-0.0914318783068783
A2,random_within_run_split,0,0.6275,0.6640211640211641,0.5502645502645502,0.465,ok,0.024371693121693044
A2,within_run_state_permutation,1,0.6277173913043479,0.6085858585858586,0.6098484848484848,0.5883152173913044,ok,0.020332400087834823
A2,within_run_trial_index,1,0.49000000000000005,0.5595238095238095,0.5529100529100529,0.66625,ok,-0.0914318783068783
A2,random_within_run_split,1,0.4841628959276018,0.681063122923588,0.5481727574750831,0.32428355957767724,ok,0.013494485450709859
A2,within_run_state_permutation,2,0.6052631578947368,0.5526315789473684,0.5828947368421052,0.5526315789473684,ok,0.04144736842105268
A2,within_run_trial_index,2,0.49000000000000005,0.5595238095238095,0.5529100529100529,0.66625,ok,-0.0914318783068783
A2,random_within_run_split,2,0.5486257928118393,0.5801282051282052,0.5160256410256411,0.5348837209302326,ok,-0.0251802461104787
A2,within_run_state_permutation,3,0.5739130434782609,0.611111111111111,0.4714285714285715,0.5510869565217391,ok,-0.0584282263630089
A2,within_run_trial_index,3,0.49000000000000005,0.5595238095238095,0.5529100529100529,0.66625,ok,-0.0914318783068783
A2,random_within_run_split,3,0.6375,0.5476190476190477,0.39880952380952384,0.5670454545454546,ok,-0.039177489177489255
A2,within_run_state_permutation,4,0.46457607433217185,0.6441893830703014,0.5710186513629842,0.6144018583042974,ok,-0.11149825783972134
A2,within_run_trial_index,4,0.49000000000000005,0.5595238095238095,0.5529100529100529,0.66625,ok,-0.0914318783068783
A2,random_within_run_split,4,0.5930232558139534,0.5524475524475524,0.4557109557109557,0.6511627906976744,ok,-0.0774380658101588
A6,observed_state,0,0.7124518613607189,0.6879432624113476,0.7570921985815603,0.6559691912708601,ok,0.06281580313003576
A6,within_run_state_permutation,0,0.6470588235294117,0.6411960132890365,0.6096345514950166,0.6666666666666666,ok,-0.02558465246563746
A6,within_run_trial_index,0,0.8059259259259259,0.6409883720930233,0.6962209302325582,0.554074074074074,ok,0.15354220499569338
A6,random_within_run_split,0,0.7087087087087087,0.65158371040724,0.6319758672699849,0.7597597597597597,ok,-0.03532944709415303
A6,within_run_state_permutation,1,0.5115089514066495,0.5782312925170068,0.8248299319727891,0.7659846547314578,ok,-0.00393853193451299
A6,within_run_trial_index,1,0.8059259259259259,0.6409883720930233,0.6962209302325582,0.554074074074074,ok,0.15354220499569338
A6,random_within_run_split,1,0.7510668563300142,0.8055555555555556,0.6143790849673202,0.631578947368421,ok,-0.03584428081332108
A6,within_run_state_permutation,2,0.8019639934533551,0.6314363143631436,0.6476964769647696,0.7675941080196399,ok,0.025315024017670607
A6,within_run_trial_index,2,0.8059259259259259,0.6409883720930233,0.6962209302325582,0.554074074074074,ok,0.15354220499569338
A6,random_within_run_split,2,0.7194444444444444,0.5426356589147286,0.6294573643410852,0.7819444444444444,ok,0.012160852713178294
A6,within_run_state_permutation,3,0.6481481481481481,0.7006688963210702,0.8729096989966556,0.7380952380952381,ok,0.0411468563642477
A6,within_run_trial_index,3,0.8059259259259259,0.6409883720930233,0.6962209302325582,0.554074074074074,ok,0.15354220499569338
A6,random_within_run_split,3,0.6531165311653117,0.5188216039279869,0.6841243862520459,0.8333333333333334,ok,-0.0074570099219813946
A6,within_run_state_permutation,4,0.6677740863787375,0.673202614379085,0.6209150326797386,0.7009966777408638,ok,-0.0427550865307364
A6,within_run_trial_index,4,0.8059259259259259,0.6409883720930233,0.6962209302325582,0.554074074074074,ok,0.15354220499569338
A6,random_within_run_split,4,0.7216117216117216,0.6194477791116447,0.6134453781512605,0.6263736263736264,ok,0.044617847138855526
A14,observed_state,0,0.5460704607046071,0.49210526315789477,0.5657894736842106,0.4607046070460705,ok,0.0795250320924262
A14,within_run_state_permutation,0,0.602981029810298,0.6578947368421053,0.543421052631579,0.6111111111111112,ok,-0.06130188275566972
A14,within_run_trial_index,0,0.5955882352941176,0.5995115995115995,0.6398046398046398,0.35000000000000003,ok,0.14294063779357893
A14,random_within_run_split,0,0.5767575322812051,0.6641604010025063,0.5350877192982456,0.5810616929698709,ok,-0.06668842119646323
A14,within_run_state_permutation,1,0.6437246963562753,0.5763157894736841,0.5171052631578947,0.562753036437247,ok,0.010880566801619473
A14,within_run_trial_index,1,0.5955882352941176,0.5995115995115995,0.6398046398046398,0.35000000000000003,ok,0.14294063779357893
A14,random_within_run_split,1,0.5475206611570248,0.5354497354497354,0.580952380952381,0.7272727272727273,ok,-0.06712471030652845
A14,within_run_state_permutation,2,0.7059620596205962,0.4526315789473684,0.6171052631578947,0.6531165311653117,ok,0.10865960633290545
A14,within_run_trial_index,2,0.5955882352941176,0.5995115995115995,0.6398046398046398,0.35000000000000003,ok,0.14294063779357893
A14,random_within_run_split,2,0.6196969696969696,0.49879227053140096,0.7053140096618358,0.6181818181818182,ok,0.10401844532279314
A14,within_run_state_permutation,3,0.4720744680851064,0.49857954545454547,0.5625,0.586436170212766,ok,-0.025220623791102514
A14,within_run_trial_index,3,0.5955882352941176,0.5995115995115995,0.6398046398046398,0.35000000000000003,ok,0.14294063779357893
A14,random_within_run_split,3,0.3878787878787879,0.35403726708074534,0.5552795031055902,0.5348484848484848,ok,0.027136269527573947
A14,within_run_state_permutation,4,0.6773255813953488,0.5795454545454545,0.5681818181818181,0.4476744186046512,ok,0.10914376321353064
A14,within_run_trial_index,4,0.5955882352941176,0.5995115995115995,0.6398046398046398,0.35000000000000003,ok,0.14294063779357893
A14,random_within_run_split,4,0.4984126984126984,0.5306818181818181,0.509090909090909,0.6492063492063492,ok,-0.08619227994227996
A18,observed_state,0,0.6203007518796992,0.882063882063882,0.8710073710073709,0.738095238095238,ok,-0.06442549863602492
A18,within_run_state_permutation,0,0.7542972699696664,0.8317901234567902,0.8672839506172839,0.7967644084934278,ok,-0.00348665568163381
A18,within_run_trial_index,0,0.865211810012837,0.7954545454545454,0.8169856459330144,0.7612323491655968,ok,0.06275528066285457
A18,random_within_run_split,0,0.8034188034188035,0.7467391304347826,0.8304347826086956,0.8646723646723647,ok,0.011221045460175882
A18,within_run_state_permutation,1,0.7592592592592593,0.7099863201094391,0.8030095759233926,0.8969907407407407,ok,-0.02235411283376393
A18,within_run_trial_index,1,0.865211810012837,0.7954545454545454,0.8169856459330144,0.7612323491655968,ok,0.06275528066285457
A18,random_within_run_split,1,0.7646341463414633,0.8533834586466166,0.8433583959899749,0.8524390243902439,ok,-0.04891497035271114
A18,within_run_state_permutation,2,0.9016203703703703,0.756838905775076,0.8100303951367781,0.7453703703703703,ok,0.10472074468085107
A18,within_run_trial_index,2,0.865211810012837,0.7954545454545454,0.8169856459330144,0.7612323491655968,ok,0.06275528066285457
A18,random_within_run_split,2,0.8071428571428572,0.8950216450216449,0.777056277056277,0.7642857142857142,ok,-0.037554112554112506
A18,within_run_state_permutation,3,0.8929618768328446,0.8717105263157895,0.868421052631579,0.8416422287390029,ok,0.0240150872048156
A18,within_run_trial_index,3,0.865211810012837,0.7954545454545454,0.8169856459330144,0.7612323491655968,ok,0.06275528066285457
A18,random_within_run_split,3,0.833943833943834,0.86125,0.7175,0.7081807081807081,ok,-0.008993437118437031
A18,within_run_state_permutation,4,0.8051801801801802,0.861344537815126,0.6470588235294117,0.7308558558558559,ok,-0.06998069498069498
A18,within_run_trial_index,4,0.865211810012837,0.7954545454545454,0.8169856459330144,0.7612323491655968,ok,0.06275528066285457
A18,random_within_run_split,4,0.8328947368421052,0.8869463869463869,0.7226107226107226,0.7618421052631579,ok,-0.046641516378358505
A22,observed_state,0,0.5892857142857143,0.8631578947368421,0.8236842105263158,0.7904761904761904,ok,-0.12033208020050123
A22,within_run_state_permutation,0,0.6752136752136753,0.8734756097560976,0.6021341463414633,0.7564102564102564,ok,-0.1762690223056077
A22,within_run_trial_index,0,0.6474074074074074,0.7565714285714286,0.838857142857143,0.68,ok,0.024846560846560894
A22,random_within_run_split,0,0.7400932400932401,0.7547425474254743,0.7764227642276422,0.8041958041958043,ok,-0.021211173650198145
A22,within_run_state_permutation,1,0.8340740740740741,0.7405714285714285,0.8125714285714286,0.8474074074074074,ok,0.029333333333333378
A22,within_run_trial_index,1,0.6474074074074074,0.7565714285714286,0.838857142857143,0.68,ok,0.024846560846560894
A22,random_within_run_split,1,0.7583417593528817,0.8807631160572337,0.6788553259141494,0.705763397371082,ok,-0.07466471408064224
A22,within_run_state_permutation,2,0.775609756097561,0.7987179487179488,0.608974358974359,0.6707317073170731,ok,-0.04243277048155092
A22,within_run_trial_index,2,0.6474074074074074,0.7565714285714286,0.838857142857143,0.68,ok,0.024846560846560894
A22,random_within_run_split,2,0.7727272727272727,0.6986111111111111,0.7472222222222222,0.8068181818181818,ok,0.00726010101010105
A22,within_run_state_permutation,3,0.8991452991452991,0.7551219512195122,0.7336585365853658,0.6700854700854701,ok,0.10379820721284128
A22,within_run_trial_index,3,0.6474074074074074,0.7565714285714286,0.838857142857143,0.68,ok,0.024846560846560894
A22,random_within_run_split,3,0.7992656058751529,0.6293436293436293,0.8648648648648648,0.8739290085679314,ok,0.0804289164142285
A22,within_run_state_permutation,4,0.7053140096618358,0.8409090909090908,0.8328877005347592,0.8381642512077294,ok,-0.07043581596011261
A22,within_run_trial_index,4,0.6474074074074074,0.7565714285714286,0.838857142857143,0.68,ok,0.024846560846560894
A22,random_within_run_split,4,0.75,0.7195121951219512,0.5548780487804879,0.7653846153846154,ok,-0.09000938086303939
A26,observed_state,0,0.55,0.6956521739130435,0.7109283196239717,0.7357142857142858,ok,-0.08521907000167872
A26,within_run_state_permutation,0,0.5819397993311037,0.7474747474747475,0.7803030303030303,0.6443701226309922,ok,-0.014801020235802875
A26,within_run_trial_index,0,0.6352941176470588,0.5849282296650717,0.6399521531100478,0.7517647058823529,ok,-0.03072333239515901
A26,random_within_run_split,0,0.6919191919191919,0.530920060331825,0.7812971342383107,0.7666666666666667,ok,0.08781479957950544
A26,within_run_state_permutation,1,0.6647058823529413,0.746588693957115,0.5428849902534112,0.44852941176470595,ok,0.006236383442265736
A26,within_run_trial_index,1,0.6352941176470588,0.5849282296650717,0.6399521531100478,0.7517647058823529,ok,-0.03072333239515901
A26,random_within_run_split,1,0.6308316430020284,0.5833333333333334,0.5336257309941521,0.5679513184584178,ok,0.006586361102214666
A26,within_run_state_permutation,2,0.7253333333333333,0.6655844155844156,0.7380952380952381,0.7053333333333334,ok,0.046255411255411216
A26,within_run_trial_index,2,0.6352941176470588,0.5849282296650717,0.6399521531100478,0.7517647058823529,ok,-0.03072333239515901
A26,random_within_run_split,2,0.7298534798534799,0.6714285714285714,0.6428571428571429,0.8269230769230769,ok,-0.06282051282051271
A26,within_run_state_permutation,3,0.8169191919191919,0.5685618729096991,0.6265328874024526,0.5934343434343434,ok,0.14072793148880103
A26,within_run_trial_index,3,0.6352941176470588,0.5849282296650717,0.6399521531100478,0.7517647058823529,ok,-0.03072333239515901
A26,random_within_run_split,3,0.6241956241956241,0.6967032967032967,0.6043956043956045,0.7477477477477477,ok,-0.10792990792990786
A26,within_run_state_permutation,4,0.6906832298136646,0.7150900900900901,0.7736486486486487,0.6770186335403726,ok,0.0361115774159253
A26,within_run_trial_index,4,0.6352941176470588,0.5849282296650717,0.6399521531100478,0.7517647058823529,ok,-0.03072333239515901
A26,random_within_run_split,4,0.6270270270270271,0.761904761904762,0.6296296296296297,0.6594594594594595,ok,-0.08235378235378238
A34,observed_state,0,0.5372023809523809,0.782608695652174,0.45819397993311034,0.5208333333333334,ok,-0.15402283405000802
A34,within_run_state_permutation,0,0.6102272727272727,0.6002844950213371,0.716927453769559,0.7454545454545455,ok,-0.009292156989525402
A34,within_run_trial_index,0,0.5340179717586649,0.59625,0.565,0.49165596919127086,ok,0.005556001283697043
A34,random_within_run_split,0,0.3164251207729468,0.4068027210884354,0.6802721088435374,0.640096618357488,ok,-0.02510105491471959
A34,within_run_state_permutation,1,0.6977124183006536,0.6312056737588652,0.5835866261398177,0.6127450980392157,ok,0.01867413632119519
A34,within_run_trial_index,1,0.5340179717586649,0.59625,0.565,0.49165596919127086,ok,0.005556001283697043
A34,random_within_run_split,1,0.6422136422136422,0.6022727272727273,0.6300505050505051,0.5662805662805662,ok,0.05185542685542688
A34,within_run_state_permutation,2,0.6583333333333333,0.6062717770034842,0.794425087108014,0.6833333333333333,ok,0.08157665505226486
A34,within_run_trial_index,2,0.5340179717586649,0.59625,0.565,0.49165596919127086,ok,0.005556001283697043
A34,random_within_run_split,2,0.6980609418282548,0.5918604651162791,0.48023255813953486,0.5526315789473685,ok,0.016900727952071065
A34,within_run_state_permutation,3,0.6638755980861244,0.5923392612859096,0.7181942544459644,0.6590909090909091,ok,0.06531984107763505
A34,within_run_trial_index,3,0.5340179717586649,0.59625,0.565,0.49165596919127086,ok,0.005556001283697043
A34,random_within_run_split,3,0.5307692307692308,0.6616541353383458,0.6165413533834586,0.7615384615384615,ok,-0.13794100636205897
A34,within_run_state_permutation,4,0.47442455242966747,0.7061170212765957,0.5571808510638298,0.5345268542199488,ok,-0.10451923600152366
A34,within_run_trial_index,4,0.5340179717586649,0.59625,0.565,0.49165596919127086,ok,0.005556001283697043
A34,random_within_run_split,4,0.5910256410256411,0.5902255639097744,0.6541353383458646,0.6205128205128205,ok,0.017211297474455378
A38,observed_state,0,0.592436974789916,0.625,0.7208333333333333,0.6176470588235294,ok,0.03531162464985993
A38,within_run_state_permutation,0,0.6661764705882353,0.7384615384615385,0.7346153846153847,0.6617647058823529,ok,0.0002828054298642524
A38,within_run_trial_index,0,0.7691428571428571,0.7094017094017093,0.7326007326007326,0.5874285714285713,ok,0.10245665445665453
A38,random_within_run_split,0,0.6322916666666667,0.6550802139037433,0.731283422459893,0.703125,ok,0.0026849376114082
A38,within_run_state_permutation,1,0.6928571428571428,0.5594405594405595,0.6771561771561772,0.7321428571428572,ok,0.03921495171495165
A38,within_run_trial_index,1,0.7691428571428571,0.7094017094017093,0.7326007326007326,0.5874285714285713,ok,0.10245665445665453
A38,random_within_run_split,1,0.7020460358056266,0.6184782608695653,0.6847826086956521,0.6074168797953964,ok,0.08046675191815855
A38,within_run_state_permutation,2,0.5653409090909092,0.5272727272727272,0.7378787878787878,0.7698863636363636,ok,0.00303030303030305
A38,within_run_trial_index,2,0.7691428571428571,0.7094017094017093,0.7326007326007326,0.5874285714285713,ok,0.10245665445665453
A38,random_within_run_split,2,0.746,0.6414565826330532,0.7324929971988796,0.611,ok,0.11301820728291323
A38,within_run_state_permutation,3,0.45956607495069035,0.6328571428571429,0.8471428571428572,0.7327416173570019,ok,-0.029444914060298644
A38,within_run_trial_index,3,0.7691428571428571,0.7094017094017093,0.7326007326007326,0.5874285714285713,ok,0.10245665445665453
A38,random_within_run_split,3,0.7261904761904762,0.6884210526315789,0.58,0.5476190476190477,ok,0.03507518796992476
A38,within_run_state_permutation,4,0.6512820512820513,0.8022727272727272,0.6045454545454545,0.36923076923076925,ok,0.04216200466200465
A38,within_run_trial_index,4,0.7691428571428571,0.7094017094017093,0.7326007326007326,0.5874285714285713,ok,0.10245665445665453
A38,random_within_run_split,4,0.5678571428571428,0.6141176470588234,0.6811764705882353,0.6035714285714285,ok,0.01567226890756307
A42,observed_state,0,0.6000000000000001,0.3850340136054422,0.6993197278911565,0.5046153846153847,ok,0.20483516483516484
A42,within_run_state_permutation,0,0.5327272727272726,0.6167247386759582,0.6167247386759582,0.4672727272727273,ok,0.03272727272727266
A42,within_run_trial_index,0,0.5920138888888888,0.5580143540669857,0.555622009569378,0.4079861111111111,ok,0.090817716640085
A42,random_within_run_split,0,0.5276145710928319,0.5252643948296123,0.5011750881316098,0.5775558166862516,ok,-0.03701527614571104
A42,within_run_state_permutation,1,0.4652631578947368,0.5780423280423279,0.626984126984127,0.4557894736842105,ok,0.029207741576162682
A42,within_run_trial_index,1,0.5920138888888888,0.5580143540669857,0.555622009569378,0.4079861111111111,ok,0.090817716640085
A42,random_within_run_split,1,0.43301435406698563,0.5231481481481481,0.5891203703703703,0.5729665071770335,ok,-0.03698996544391281
A42,within_run_state_permutation,2,0.5692640692640691,0.5101626016260162,0.4817073170731707,0.5351731601731601,ok,0.002817812269031772
A42,within_run_trial_index,2,0.5920138888888888,0.5580143540669857,0.555622009569378,0.4079861111111111,ok,0.090817716640085
A42,random_within_run_split,2,0.5915750915750916,0.557142857142857,0.5457142857142857,0.42002442002442,ok,0.08006105006105013
A42,within_run_state_permutation,3,0.48569157392686796,0.5060577819198508,0.5424044734389561,0.4817170111287758,ok,0.020160627158598732
A42,within_run_trial_index,3,0.5920138888888888,0.5580143540669857,0.555622009569378,0.4079861111111111,ok,0.090817716640085
A42,random_within_run_split,3,0.4946172248803829,0.5225694444444444,0.6116898148148147,0.5460526315789473,ok,0.018842481835902897
A42,within_run_state_permutation,4,0.5128205128205128,0.5637362637362637,0.5373626373626373,0.6102564102564103,ok,-0.06190476190476196
A42,within_run_trial_index,4,0.5920138888888888,0.5580143540669857,0.555622009569378,0.4079861111111111,ok,0.090817716640085
A42,random_within_run_split,4,0.5568421052631579,0.5390211640211641,0.5720899470899471,0.6063157894736843,ok,-0.008202450570871656
A50,observed_state,0,0.5426356589147288,0.4880952380952381,0.6106442577030812,0.6098191214470283,ok,0.027682778537771763
A50,within_run_state_permutation,0,0.5352941176470587,0.5901234567901235,0.48641975308641977,0.525,ok,-0.046704793028322505
A50,within_run_trial_index,0,0.543091655266758,0.4093915343915344,0.4702380952380953,0.5800273597811216,ok,0.011955428166098597
A50,random_within_run_split,0,0.44376693766937664,0.4933155080213904,0.5307486631016043,0.5846883468834687,ok,-0.051744127066939094
A50,within_run_state_permutation,1,0.5445665445665445,0.4673913043478261,0.4658385093167702,0.5445665445665445,ok,-0.0007763975155279657
A50,within_run_trial_index,1,0.543091655266758,0.4093915343915344,0.4702380952380953,0.5800273597811216,ok,0.011955428166098597
A50,random_within_run_split,1,0.5527210884353742,0.512735326688815,0.5326688815060908,0.37925170068027214,ok,0.09670147128618889
A50,within_run_state_permutation,2,0.4509615384615384,0.5277777777777779,0.5691919191919192,0.4759615384615385,ok,0.008207070707070635
A50,within_run_trial_index,2,0.543091655266758,0.4093915343915344,0.4702380952380953,0.5800273597811216,ok,0.011955428166098597
A50,random_within_run_split,2,0.4294573643410852,0.4357142857142857,0.5273809523809523,0.5798449612403103,ok,-0.02936046511627924
A50,within_run_state_permutation,3,0.49583333333333335,0.5372549019607844,0.4718954248366013,0.5027777777777778,ok,-0.036151960784313764
A50,within_run_trial_index,3,0.543091655266758,0.4093915343915344,0.4702380952380953,0.5800273597811216,ok,0.011955428166098597
A50,random_within_run_split,3,0.5242966751918159,0.5698005698005698,0.51994301994302,0.4437340153452686,ok,0.015352554994498724
A50,within_run_state_permutation,4,0.6164772727272727,0.4820282413350449,0.4974326059050064,0.5809659090909091,ok,0.02545786410316256
A50,within_run_trial_index,4,0.543091655266758,0.4093915343915344,0.4702380952380953,0.5800273597811216,ok,0.011955428166098597
A50,random_within_run_split,4,0.32073170731707323,0.5969696969696969,0.5454545454545454,0.6060975609756097,ok,-0.168440502586844
A54,observed_state,0,0.4855769230769231,0.5283333333333332,0.5700000000000001,0.4555288461538462,ok,0.03585737179487186
A54,within_run_state_permutation,0,0.47393048128342247,0.4931077694235589,0.49248120300751885,0.5240641711229946,ok,-0.0253801281278061
A54,within_run_trial_index,0,0.37962962962962965,0.5543750000000001,0.5674999999999999,0.5476190476190477,ok,-0.0774322089947091
A54,random_within_run_split,0,0.4238095238095238,0.5133053221288516,0.46288515406162467,0.5107142857142857,ok,-0.0686624649859944
A54,within_run_state_permutation,1,0.5984496124031008,0.4693422519509476,0.47658862876254193,0.5255813953488372,ok,0.040057296932928976
A54,within_run_trial_index,1,0.37962962962962965,0.5543750000000001,0.5674999999999999,0.5476190476190477,ok,-0.0774322089947091
A54,random_within_run_split,1,0.5173611111111112,0.39975845410628025,0.6050724637681159,0.5694444444444444,ok,0.07661533816425117
A54,within_run_state_permutation,2,0.5267441860465116,0.46153846153846156,0.4373219373219373,0.4755813953488372,ok,0.013473133240575086
A54,within_run_trial_index,2,0.37962962962962965,0.5543750000000001,0.5674999999999999,0.5476190476190477,ok,-0.0774322089947091
A54,random_within_run_split,2,0.6331632653061225,0.41414141414141414,0.4225589225589226,0.44285714285714284,ok,0.09936181543324407
A54,within_run_state_permutation,3,0.4292084726867335,0.5240310077519379,0.46511627906976744,0.44314381270903014,ok,-0.03642503435223354
A54,within_run_trial_index,3,0.37962962962962965,0.5543750000000001,0.5674999999999999,0.5476190476190477,ok,-0.0774322089947091
A54,random_within_run_split,3,0.5873983739837397,0.5097560975609756,0.4560975609756098,0.540650406504065,ok,-0.003455284552845578
A54,within_run_state_permutation,4,0.4727272727272727,0.5995423340961099,0.4038901601830664,0.5340909090909091,ok,-0.12850790513833993
A54,within_run_trial_index,4,0.37962962962962965,0.5543750000000001,0.5674999999999999,0.5476190476190477,ok,-0.0774322089947091
A54,random_within_run_split,4,0.44208037825059104,0.6271428571428571,0.4071428571428572,0.48817966903073284,ok,-0.13304964539007086
B62,observed_state,0,0.8833333333333333,0.7303523035230352,0.8672086720867209,0.9011904761904762,ok,0.05949961285327143
B62,within_run_state_permutation,0,0.853409090909091,0.7302725968436155,0.8751793400286944,0.7852272727272728,ok,0.10654428068344857
B62,within_run_trial_index,0,0.7496790757381258,0.7949999999999999,0.7999999999999999,0.6700898587933247,ok,0.04229460847240052
B62,random_within_run_split,0,0.9088235294117647,0.8314855875831485,0.7250554323725056,0.6455882352941177,ok,0.07840256945350205
B62,within_run_state_permutation,1,0.8923959827833572,0.8227272727272728,0.9636363636363637,0.8651362984218077,ok,0.08408438763532022
B62,within_run_trial_index,1,0.7496790757381258,0.7949999999999999,0.7999999999999999,0.6700898587933247,ok,0.04229460847240052
B62,random_within_run_split,1,0.6894586894586895,0.8117913832199546,0.8151927437641723,0.7321937321937322,ok,-0.0196668410954125
B62,within_run_state_permutation,2,0.9054054054054055,0.9090909090909092,0.8023715415019763,0.7854729729729729,ok,0.0066065324217498556
B62,within_run_trial_index,2,0.7496790757381258,0.7949999999999999,0.7999999999999999,0.6700898587933247,ok,0.04229460847240052
B62,random_within_run_split,2,0.7206632653061225,0.7282608695652173,0.8491847826086957,0.8214285714285715,ok,0.010079303460514666
B62,within_run_state_permutation,3,0.8363844393592678,0.8226744186046512,0.8997093023255813,0.8935926773455378,ok,0.009913322867330043
B62,within_run_trial_index,3,0.7496790757381258,0.7949999999999999,0.7999999999999999,0.6700898587933247,ok,0.04229460847240052
B62,random_within_run_split,3,0.8846153846153846,0.8879551820728292,0.7969187675070029,0.8508158508158508,ok,-0.02861844038314626
B62,within_run_state_permutation,4,0.6857142857142857,0.8326585695006747,0.8272604588394062,0.805952380952381,ok,-0.06281810294968188
B62,within_run_trial_index,4,0.7496790757381258,0.7949999999999999,0.7999999999999999,0.6700898587933247,ok,0.04229460847240052
B62,random_within_run_split,4,0.7862950058072009,0.9,0.8305555555555555,0.8118466898954704,ok,-0.047498064266357
B66,observed_state,0,0.5901162790697675,0.46894409937888204,0.5481366459627329,0.7194767441860466,ok,-0.025083959266214095
B66,within_run_state_permutation,0,0.46031746031746035,0.5397727272727273,0.7840909090909091,0.661904761904762,ok,0.02136544011544006
B66,within_run_trial_index,0,0.561624649859944,0.49427168576104746,0.7086743044189853,0.5882352941176471,ok,0.09389598720011735
B66,random_within_run_split,0,0.7648026315789473,0.7464985994397759,0.511204481792717,0.600328947368421,ok,-0.035410216718266274
B66,within_run_state_permutation,1,0.7230769230769231,0.4598930481283422,0.6002673796791443,0.7076923076923077,ok,0.07787947346770874
B66,within_run_trial_index,1,0.561624649859944,0.49427168576104746,0.7086743044189853,0.5882352941176471,ok,0.09389598720011735
B66,random_within_run_split,1,0.5124223602484472,0.4273255813953488,0.5668604651162791,0.5714285714285714,ok,0.040264336270403045
B66,within_run_state_permutation,2,0.6566347469220246,0.5351170568561873,0.5551839464882943,0.6580027359781121,ok,0.009349450288009764
B66,within_run_trial_index,2,0.561624649859944,0.49427168576104746,0.7086743044189853,0.5882352941176471,ok,0.09389598720011735
B66,random_within_run_split,2,0.5078909612625537,0.5801282051282051,0.6506410256410257,0.6226685796269728,ok,-0.022132398925799213
B66,within_run_state_permutation,3,0.7104072398190046,0.66,0.7461538461538462,0.6621417797888387,ok,0.067209653092006
B66,within_run_trial_index,3,0.561624649859944,0.49427168576104746,0.7086743044189853,0.5882352941176471,ok,0.09389598720011735
B66,random_within_run_split,3,0.7661064425770308,0.47626841243862517,0.5319148936170213,0.5560224089635855,ok,0.1328652573959207
B66,within_run_state_permutation,4,0.646031746031746,0.6803977272727273,0.637784090909091,0.7746031746031746,ok,-0.08559253246753246
B66,within_run_trial_index,4,0.561624649859944,0.49427168576104746,0.7086743044189853,0.5882352941176471,ok,0.09389598720011735
B66,random_within_run_split,4,0.5763888888888888,0.6192411924119241,0.6449864498644986,0.578125,ok,0.01200457317073167
B74,observed_state,0,0.6936090225563909,0.7481684981684982,0.6877289377289377,0.38721804511278196,ok,0.12297570850202424
B74,within_run_state_permutation,0,0.6922222222222222,0.6842857142857143,0.6157142857142857,0.6911111111111111,ok,-0.03373015873015878
B74,within_run_trial_index,0,0.7676508344030809,0.7484737484737485,0.7875457875457875,0.6662387676508345,ok,0.07024205291214275
B74,random_within_run_split,0,0.734920634920635,0.648421052631579,0.751578947368421,0.7111111111111111,ok,0.06348370927318292
B74,within_run_state_permutation,1,0.7773809523809523,0.6881578947368421,0.7039473684210527,0.5666666666666667,ok,0.1132518796992481
B74,within_run_trial_index,1,0.7676508344030809,0.7484737484737485,0.7875457875457875,0.6662387676508345,ok,0.07024205291214275
B74,random_within_run_split,1,0.6854942233632862,0.713064713064713,0.6788766788766789,0.6084724005134788,ok,0.02141689433088667
B74,within_run_state_permutation,2,0.4688311688311689,0.645679012345679,0.7148148148148148,0.6363636363636364,ok,-0.04919833253166586
B74,within_run_trial_index,2,0.7676508344030809,0.7484737484737485,0.7875457875457875,0.6662387676508345,ok,0.07024205291214275
B74,random_within_run_split,2,0.7725714285714286,0.7911111111111112,0.7525925925925927,0.6960000000000001,ok,0.019026455026455003
B74,within_run_state_permutation,3,0.6684210526315788,0.7107142857142857,0.7154761904761905,0.6618421052631579,ok,0.005670426065162826
B74,within_run_trial_index,3,0.7676508344030809,0.7484737484737485,0.7875457875457875,0.6662387676508345,ok,0.07024205291214275
B74,random_within_run_split,3,0.7994310099573256,0.70874861572536,0.7541528239202657,0.7667140825035561,ok,0.039060567824337644
B74,within_run_state_permutation,4,0.799043062200957,0.6547619047619048,0.656084656084656,0.6794258373205742,ok,0.06046998810156706
B74,within_run_trial_index,4,0.7676508344030809,0.7484737484737485,0.7875457875457875,0.6662387676508345,ok,0.07024205291214275
B74,random_within_run_split,4,0.6847619047619048,0.587719298245614,0.7333333333333333,0.7771428571428571,ok,0.026616541353383483
B78,observed_state,0,0.7886178861788619,0.8076923076923077,0.686070686070686,0.669918699186992,ok,-0.0014612173148759178
B78,within_run_state_permutation,0,0.881578947368421,0.7953703703703704,0.6342592592592592,0.5770676691729324,ok,0.07170008354218871
B78,within_run_trial_index,0,0.6716791979949874,0.7325,0.79125,0.7005012531328321,ok,0.014963972431077666
B78,random_within_run_split,0,0.7688492063492063,0.782051282051282,0.7161172161172161,0.6378968253968255,ok,0.03250915750915745
B78,within_run_state_permutation,1,0.805921052631579,0.7460474308300395,0.7905138339920948,0.712171052631579,ok,0.06910820158102765
B78,within_run_trial_index,1,0.6716791979949874,0.7325,0.79125,0.7005012531328321,ok,0.014963972431077666
B78,random_within_run_split,1,0.8729139922978176,0.7530712530712531,0.6068796068796068,0.7201540436456996,ok,0.003284151230235899
B78,within_run_state_permutation,2,0.7882775119617225,0.696524064171123,0.8275401069518716,0.7224880382775118,ok,0.09840275823247963
B78,within_run_trial_index,2,0.6716791979949874,0.7325,0.79125,0.7005012531328321,ok,0.014963972431077666
B78,random_within_run_split,2,0.6378737541528239,0.7873015873015874,0.7301587301587301,0.6694352159468439,ok,-0.04435215946843862
B78,within_run_state_permutation,3,0.7017543859649122,0.7525252525252525,0.8257575757575758,0.8007518796992481,ok,-0.012882585251006273
B78,within_run_trial_index,3,0.6716791979949874,0.7325,0.79125,0.7005012531328321,ok,0.014963972431077666
B78,random_within_run_split,3,0.7264957264957266,0.6003016591251885,0.7782805429864253,0.7243589743589743,ok,0.09005781799899454
B78,within_run_state_permutation,4,0.7671957671957672,0.7053140096618358,0.7415458937198067,0.708994708994709,ok,0.0472164711295146
B78,within_run_trial_index,4,0.6716791979949874,0.7325,0.79125,0.7005012531328321,ok,0.014963972431077666
B78,random_within_run_split,4,0.7706766917293233,0.7222222222222222,0.7967171717171717,0.8333333333333334,ok,0.005919153945469713
C82,observed_state,0,0.53125,0.5792592592592593,0.42666666666666664,0.61125,ok,-0.11629629629629629
C82,within_run_state_permutation,0,0.45921052631578946,0.6236111111111111,0.7124999999999999,0.5394736842105263,ok,0.004312865497075963
C82,within_run_trial_index,0,0.5321477428180574,0.5238095238095238,0.5806878306878307,0.5526675786593707,ok,0.018179235518496817
C82,random_within_run_split,0,0.43521594684385384,0.5555555555555556,0.6587301587301587,0.6312292358803986,ok,-0.0464193429309708
C82,within_run_state_permutation,1,0.5183673469387755,0.5442857142857143,0.47857142857142854,0.4884353741496599,ok,-0.017891156462585045
C82,within_run_trial_index,1,0.5321477428180574,0.5238095238095238,0.5806878306878307,0.5526675786593707,ok,0.018179235518496817
C82,random_within_run_split,1,0.5697674418604651,0.5789473684210527,0.6203007518796992,0.49709302325581395,ok,0.057013901031648884
C82,within_run_state_permutation,2,0.6719576719576719,0.45554035567715456,0.6114911080711355,0.6309523809523809,ok,0.09847802169963593
C82,within_run_trial_index,2,0.5321477428180574,0.5238095238095238,0.5806878306878307,0.5526675786593707,ok,0.018179235518496817
C82,random_within_run_split,2,0.5789473684210527,0.6405375139977603,0.5565509518477043,0.6101973684210525,ok,-0.05761828107502792
C82,within_run_state_permutation,3,0.5795454545454545,0.5353016688061618,0.5481386392811296,0.5255681818181818,ok,0.03340712160112025
C82,within_run_trial_index,3,0.5321477428180574,0.5238095238095238,0.5806878306878307,0.5526675786593707,ok,0.018179235518496817
C82,random_within_run_split,3,0.5944444444444444,0.4256756756756757,0.6432432432432433,0.5888888888888889,ok,0.11156156156156158
C82,within_run_state_permutation,4,0.6235697940503432,0.5528846153846153,0.6810897435897436,0.528604118993135,ok,0.11158540163116826
C82,within_run_trial_index,4,0.5321477428180574,0.5238095238095238,0.5806878306878307,0.5526675786593707,ok,0.018179235518496817
C82,random_within_run_split,4,0.6478405315614618,0.5034013605442177,0.4710884353741497,0.6245847176079734,ok,-0.004528555608289797
A3,observed_state,0,0.9291819291819291,0.8426812585499316,0.8426812585499316,0.945054945054945,ok,-0.007936507936507964
A3,within_run_state_permutation,0,0.9230769230769231,0.760797342192691,0.9152823920265781,0.8664529914529915,ok,0.10555449072890938
A3,within_run_trial_index,0,0.851037851037851,0.7127222982216141,0.9343365253077975,0.9377289377289377,ok,0.06746157019754834
A3,random_within_run_split,0,0.9112554112554112,0.8637770897832817,0.8962848297213621,0.8474025974025974,ok,0.04818027689544713
A3,within_run_state_permutation,1,0.8317460317460318,0.8887122416534181,0.8441971383147854,0.9809523809523809,ok,-0.09686072627249093
A3,within_run_trial_index,1,0.851037851037851,0.7127222982216141,0.9343365253077975,0.9377289377289377,ok,0.06746157019754834
A3,random_within_run_split,1,0.9360119047619048,0.9011363636363637,0.8829545454545453,0.8139880952380952,ok,0.05192099567099556
A3,within_run_state_permutation,2,0.8609625668449198,0.8308270676691729,0.7944862155388471,0.6804812834224598,ok,0.07207021564606708
A3,within_run_trial_index,2,0.851037851037851,0.7127222982216141,0.9343365253077975,0.9377289377289377,ok,0.06746157019754834
A3,random_within_run_split,2,0.7005012531328321,0.7901069518716576,0.6283422459893049,0.8032581453634086,ok,-0.1322607990564646
A3,within_run_state_permutation,3,0.7985347985347986,0.7428180574555404,0.8344733242134064,0.9181929181929183,ok,-0.014001426450126864
A3,within_run_trial_index,3,0.851037851037851,0.7127222982216141,0.9343365253077975,0.9377289377289377,ok,0.06746157019754834
A3,random_within_run_split,3,0.7645502645502645,0.71875,0.86375,0.8796296296296297,ok,0.014960317460317452
A3,within_run_state_permutation,4,0.8064864864864865,0.8102564102564103,0.8341880341880341,0.9221621621621622,ok,-0.045872025872025934
A3,within_run_trial_index,4,0.851037851037851,0.7127222982216141,0.9343365253077975,0.9377289377289377,ok,0.06746157019754834
A3,random_within_run_split,4,0.8746803069053708,0.6851851851851852,0.8928571428571428,0.9437340153452686,ok,0.0693091246160299
A15,observed_state,0,0.6974025974025975,0.7057416267942584,0.6973684210526316,0.6142857142857143,ok,0.03737183868762817
A15,within_run_state_permutation,0,0.7159574468085106,0.7619047619047619,0.8913690476190477,0.7712765957446809,ok,0.03707256838905776
A15,within_run_trial_index,0,0.7727856225930679,0.7834928229665071,0.715311004784689,0.7894736842105263,ok,-0.04243493989963826
A15,random_within_run_split,0,0.7384868421052633,0.8019512195121952,0.6858536585365854,0.5723684210526315,ok,0.025010430038511
A15,within_run_state_permutation,1,0.7539473684210526,0.6817653890824622,0.7746806039488966,0.7605263157894737,ok,0.04316813374900663
A15,within_run_trial_index,1,0.7727856225930679,0.7834928229665071,0.715311004784689,0.7894736842105263,ok,-0.04243493989963826
A15,random_within_run_split,1,0.7238095238095237,0.7361647361647361,0.8378378378378379,0.6928571428571428,ok,0.06631274131274134
A15,within_run_state_permutation,2,0.8119047619047619,0.875668449197861,0.7967914438502673,0.705952380952381,ok,0.013537687802393616
A15,within_run_trial_index,2,0.7727856225930679,0.7834928229665071,0.715311004784689,0.7894736842105263,ok,-0.04243493989963826
A15,random_within_run_split,2,0.7185185185185186,0.7122762148337596,0.717391304347826,0.7530864197530863,ok,-0.014726405860250646
A15,within_run_state_permutation,3,0.583916083916084,0.7236842105263158,0.8197368421052631,0.655011655011655,ok,0.012478530241688102
A15,within_run_trial_index,3,0.7727856225930679,0.7834928229665071,0.715311004784689,0.7894736842105263,ok,-0.04243493989963826
A15,random_within_run_split,3,0.7924324324324323,0.8110119047619048,0.8764880952380952,0.7135135135135134,ok,0.07219755469755468
A15,within_run_state_permutation,4,0.6515151515151515,0.7490820073439413,0.8335373317013464,0.6502525252525252,ok,0.0428589753100157
A15,within_run_trial_index,4,0.7727856225930679,0.7834928229665071,0.715311004784689,0.7894736842105263,ok,-0.04243493989963826
A15,random_within_run_split,4,0.7050739957716702,0.7763157894736841,0.7631578947368421,0.7452431289640592,ok,-0.02666351396461547
A19,observed_state,0,0.8753387533875339,0.9451871657754011,0.9799465240641712,0.9742547425474255,ok,-0.03207831543556078
A19,within_run_state_permutation,0,0.774468085106383,0.9221052631578948,0.9894736842105263,0.946808510638298,ok,-0.05248600223964173
A19,within_run_trial_index,0,0.9630642954856361,0.8571428571428572,0.8624338624338624,0.9124487004103967,ok,0.02795330018312231
A19,random_within_run_split,0,0.8665850673194614,0.9032738095238095,0.9226190476190477,0.8763769889840881,ok,0.004776658215305707
A19,within_run_state_permutation,1,0.9361111111111111,0.8932432432432433,0.8905405405405405,0.8652777777777778,ok,0.03406531531531526
A19,within_run_trial_index,1,0.9630642954856361,0.8571428571428572,0.8624338624338624,0.9124487004103967,ok,0.02795330018312231
A19,random_within_run_split,1,0.8846153846153846,0.8946784922394679,0.9035476718403548,0.8828671328671329,ok,0.005308715674569253
A19,within_run_state_permutation,2,0.9285714285714286,0.9097744360902256,0.8032581453634086,0.8708206686930091,ok,-0.02438276542419876
A19,within_run_trial_index,2,0.9630642954856361,0.8571428571428572,0.8624338624338624,0.9124487004103967,ok,0.02795330018312231
A19,random_within_run_split,2,0.9308390022675738,0.8139534883720931,0.9833887043189369,0.7845804988662132,ok,0.15784685967410217
A19,within_run_state_permutation,3,0.8792613636363636,0.8793324775353016,0.9486521181001283,0.9502840909090908,ok,-0.0008515433539502681
A19,within_run_trial_index,3,0.9630642954856361,0.8571428571428572,0.8624338624338624,0.9124487004103967,ok,0.02795330018312231
A19,random_within_run_split,3,0.9722222222222223,0.8877551020408163,0.8244897959183675,0.8577777777777778,ok,0.02558956916099786
A19,within_run_state_permutation,4,0.8920454545454545,0.9409499358151475,0.8870346598202824,0.9360795454545455,ok,-0.048974683451978085
A19,within_run_trial_index,4,0.9630642954856361,0.8571428571428572,0.8624338624338624,0.9124487004103967,ok,0.02795330018312231
A19,random_within_run_split,4,0.9715099715099715,0.9795396419437341,0.9462915601023018,0.8803418803418803,ok,0.02896000466332943
A23,observed_state,0,0.7173913043478262,0.8260869565217391,0.7141304347826086,0.6841432225063938,ok,-0.03935421994884908
A23,within_run_state_permutation,0,0.7309523809523809,0.78,0.7611764705882352,0.7952380952380952,ok,-0.04155462184873954
A23,within_run_trial_index,0,0.6839012925969448,0.7602820211515864,0.8472385428907168,0.5487661574618096,ok,0.11104582843713279
A23,random_within_run_split,0,0.7131242740998839,0.6642424242424242,0.795151515151515,0.7317073170731707,ok,0.056163023967902015
A23,within_run_state_permutation,1,0.6710158434296365,0.6311605723370429,0.7503974562798092,0.7036346691519105,ok,0.043309029110246144
A23,within_run_trial_index,1,0.6839012925969448,0.7602820211515864,0.8472385428907168,0.5487661574618096,ok,0.11104582843713279
A23,random_within_run_split,1,0.7464607464607464,0.6118918918918919,0.7600000000000001,0.528957528957529,ok,0.18280566280566285
A23,within_run_state_permutation,2,0.7701754385964912,0.7154882154882155,0.6237373737373737,0.6350877192982456,ok,0.021668438773701892
A23,within_run_trial_index,2,0.6839012925969448,0.7602820211515864,0.8472385428907168,0.5487661574618096,ok,0.11104582843713279
A23,random_within_run_split,2,0.6835748792270532,0.7551487414187643,0.6178489702517163,0.7741545893719807,ok,-0.11393974065598778
A23,within_run_state_permutation,3,0.6476190476190475,0.7156177156177156,0.7156177156177156,0.7440476190476191,ok,-0.048214285714285765
A23,within_run_trial_index,3,0.6839012925969448,0.7602820211515864,0.8472385428907168,0.5487661574618096,ok,0.11104582843713279
A23,random_within_run_split,3,0.6924342105263157,0.5611111111111112,0.6490740740740741,0.8338815789473684,ok,-0.026742202729044873
A23,within_run_state_permutation,4,0.6961063627730294,0.6466165413533834,0.6962406015037594,0.8385565052231719,ok,-0.04641304114988326
A23,within_run_trial_index,4,0.6839012925969448,0.7602820211515864,0.8472385428907168,0.5487661574618096,ok,0.11104582843713279
A23,random_within_run_split,4,0.6778846153846154,0.6178571428571429,0.8095238095238094,0.8641826923076924,ok,0.002684294871794779
A27,observed_state,0,0.4545454545454545,0.5941176470588235,0.4152941176470588,0.3890374331550802,ok,-0.05665775401069523
A27,within_run_state_permutation,0,0.5372960372960374,0.4358974358974359,0.4371794871794872,0.4230769230769231,ok,0.057750582750582785
A27,within_run_trial_index,0,0.5018315018315018,0.4786324786324787,0.46886446886446886,0.5543345543345543,ok,-0.031135531135531136
A27,random_within_run_split,0,0.41908212560386476,0.531328320802005,0.5639097744360902,0.3792270531400966,ok,0.036218263048926724
A27,within_run_state_permutation,1,0.5922865013774106,0.6277777777777778,0.5388888888888889,0.41873278236914596,ok,0.04233241505968785
A27,within_run_trial_index,1,0.5018315018315018,0.4786324786324787,0.46886446886446886,0.5543345543345543,ok,-0.031135531135531136
A27,random_within_run_split,1,0.5576496674057649,0.5054054054054054,0.44459459459459455,0.48226164079822614,ok,0.007288607898363997
A27,within_run_state_permutation,2,0.518796992481203,0.7222222222222222,0.3876811594202899,0.4862155388471177,ok,-0.1509798045839235
A27,within_run_trial_index,2,0.5018315018315018,0.4786324786324787,0.46886446886446886,0.5543345543345543,ok,-0.031135531135531136
A27,random_within_run_split,2,0.49473684210526314,0.3704545454545455,0.6954545454545454,0.44605263157894737,ok,0.18684210526315786
A27,within_run_state_permutation,3,0.562937062937063,0.5346153846153846,0.5294871794871795,0.493006993006993,ok,0.03240093240093245
A27,within_run_trial_index,3,0.5018315018315018,0.4786324786324787,0.46886446886446886,0.5543345543345543,ok,-0.031135531135531136
A27,random_within_run_split,3,0.5638528138528138,0.5364145658263306,0.5210084033613445,0.6309523809523809,ok,-0.04125286478227663
A27,within_run_state_permutation,4,0.5363636363636364,0.5453488372093023,0.44418604651162785,0.3597402597402597,ok,0.03773029296285113
A27,within_run_trial_index,4,0.5018315018315018,0.4786324786324787,0.46886446886446886,0.5543345543345543,ok,-0.031135531135531136
A27,random_within_run_split,4,0.43402777777777773,0.58994708994709,0.5277777777777778,0.4895833333333333,ok,-0.058862433862433894
A31,observed_state,0,0.5432372505543237,0.6367346938775511,0.5469387755102041,0.5532150776053215,ok,-0.049886872709172414
A31,within_run_state_permutation,0,0.6162162162162161,0.6310541310541311,0.6182336182336183,0.46162162162162157,ok,0.0708870408870409
A31,within_run_trial_index,0,0.5196560196560196,0.5396825396825397,0.6336996336996337,0.6265356265356266,ok,-0.006431256431256471
A31,random_within_run_split,0,0.6703030303030303,0.5801033591731266,0.5891472868217054,0.5818181818181818,ok,0.048764388066713626
A31,within_run_state_permutation,1,0.7010869565217391,0.47916666666666663,0.5666666666666667,0.5010869565217392,ok,0.14375
A31,within_run_trial_index,1,0.5196560196560196,0.5396825396825397,0.6336996336996337,0.6265356265356266,ok,-0.006431256431256471
A31,random_within_run_split,1,0.5604575163398693,0.6548076923076923,0.47500000000000003,0.6830065359477124,ok,-0.1511783559577677
A31,within_run_state_permutation,2,0.6329670329670329,0.6556671449067432,0.5351506456241033,0.5505494505494506,ok,-0.019049458432528754
A31,within_run_trial_index,2,0.5196560196560196,0.5396825396825397,0.6336996336996337,0.6265356265356266,ok,-0.006431256431256471
A31,random_within_run_split,2,0.47863247863247865,0.4911764705882353,0.7485294117647059,0.6923076923076923,ok,0.021838863750628462
A31,within_run_state_permutation,3,0.606280193236715,0.7037500000000001,0.49874999999999997,0.6280193236714976,ok,-0.11336956521739136
A31,within_run_trial_index,3,0.5196560196560196,0.5396825396825397,0.6336996336996337,0.6265356265356266,ok,-0.006431256431256471
A31,random_within_run_split,3,0.5137254901960785,0.5961538461538461,0.4790969899665552,0.4686274509803921,ok,-0.03597940848580228
A31,within_run_state_permutation,4,0.5536842105263158,0.7207602339181287,0.5657894736842105,0.6568421052631579,ok,-0.12906432748538016
A31,within_run_trial_index,4,0.5196560196560196,0.5396825396825397,0.6336996336996337,0.6265356265356266,ok,-0.006431256431256471
A31,random_within_run_split,4,0.548494983277592,0.6243243243243243,0.6135135135135135,0.5050167224080268,ok,0.016333725029377244
A35,observed_state,0,0.92125,0.8738425925925927,0.8645833333333333,0.82,ok,0.045995370370370325
A35,within_run_state_permutation,0,0.7763347763347764,0.8685540950455005,0.8109201213346815,0.9047619047619048,ok,-0.09303055106897368
A35,within_run_trial_index,0,0.81375,0.8981481481481481,0.8981481481481481,0.88375,ok,-0.03500000000000003
A35,random_within_run_split,0,0.7265446224256293,0.8771929824561403,0.8696741854636593,0.8638443935926773,ok,-0.07240928407976449
A35,within_run_state_permutation,1,0.7942857142857143,0.8792569659442725,0.8219814241486068,0.8647619047619047,ok,-0.0638758661359281
A35,within_run_trial_index,1,0.81375,0.8981481481481481,0.8981481481481481,0.88375,ok,-0.03500000000000003
A35,random_within_run_split,1,0.7450058754406581,0.8351648351648352,0.8278388278388279,0.9095182138660399,ok,-0.08591917287569456
A35,within_run_state_permutation,2,0.9029411764705882,0.9588477366255145,0.6697530864197531,0.7058823529411765,ok,-0.04601791333817484
A35,within_run_trial_index,2,0.81375,0.8981481481481481,0.8981481481481481,0.88375,ok,-0.03500000000000003
A35,random_within_run_split,2,0.9292929292929293,0.9382518043303929,0.5613472333600642,0.7212121212121212,ok,-0.0844118814447603
A35,within_run_state_permutation,3,0.9673295454545455,0.7190082644628099,0.8099173553719008,0.8579545454545454,ok,0.10014204545454553
A35,within_run_trial_index,3,0.81375,0.8981481481481481,0.8981481481481481,0.88375,ok,-0.03500000000000003
A35,random_within_run_split,3,0.7327586206896551,0.7833333333333333,0.7616666666666667,0.8668582375478927,ok,-0.07788314176245209
A35,within_run_state_permutation,4,0.9015837104072398,0.8822751322751322,0.8412698412698414,0.9117647058823529,ok,-0.025593143240201954
A35,within_run_trial_index,4,0.81375,0.8981481481481481,0.8981481481481481,0.88375,ok,-0.03500000000000003
A35,random_within_run_split,4,0.9457671957671958,0.9106334841628959,0.7352941176470589,0.6917989417989417,ok,0.039314443726208514
A43,observed_state,0,0.5253077975376197,0.6833333333333332,0.6243589743589744,0.5061559507523941,ok,-0.01991125609456662
A43,within_run_state_permutation,0,0.6477272727272727,0.726086956521739,0.518840579710145,0.452020202020202,ok,-0.005769653052261681
A43,within_run_trial_index,0,0.5772357723577235,0.6296534017971758,0.641206675224647,0.44715447154471544,ok,0.07081728712023966
A43,random_within_run_split,0,0.5725000000000001,0.5793650793650793,0.5515873015873016,0.651,ok,-0.05313888888888879
A43,within_run_state_permutation,1,0.6173780487804879,0.5911730545876887,0.6167247386759582,0.5434451219512195,ok,0.049742305458768954
A43,within_run_trial_index,1,0.5772357723577235,0.6296534017971758,0.641206675224647,0.44715447154471544,ok,0.07081728712023966
A43,random_within_run_split,1,0.641711229946524,0.5715277777777777,0.6020833333333334,0.49598930481283426,ok,0.08813874034462268
A43,within_run_state_permutation,2,0.45666666666666667,0.5596184419713831,0.589825119236884,0.6888888888888889,ok,-0.10100777247836068
A43,within_run_trial_index,2,0.5772357723577235,0.6296534017971758,0.641206675224647,0.44715447154471544,ok,0.07081728712023966
A43,random_within_run_split,2,0.6317512274959084,0.551190476190476,0.5351190476190476,0.4942716857610475,ok,0.06070405658171624
A43,within_run_state_permutation,3,0.5714285714285714,0.6337209302325582,0.5581395348837209,0.7191697191697192,ok,-0.1116612715449925
A43,within_run_trial_index,3,0.5772357723577235,0.6296534017971758,0.641206675224647,0.44715447154471544,ok,0.07081728712023966
A43,random_within_run_split,3,0.6953488372093023,0.6365007541478129,0.5098039215686274,0.6982558139534885,ok,-0.06480190466168584
A43,within_run_state_permutation,4,0.5964912280701755,0.44069069069069067,0.6223723723723724,0.6573099415204677,ok,0.06043148411569477
A43,within_run_trial_index,4,0.5772357723577235,0.6296534017971758,0.641206675224647,0.44715447154471544,ok,0.07081728712023966
A43,random_within_run_split,4,0.6157894736842107,0.7063492063492063,0.585978835978836,0.5263157894736842,ok,-0.015448343079921878
A51,observed_state,0,0.5434210526315789,0.5588235294117647,0.5013368983957218,0.5381578947368422,ok,-0.026111736560653076
A51,within_run_state_permutation,0,0.5182724252491695,0.5094235033259423,0.5548780487804879,0.48504983388704315,ok,0.03933856840833594
A51,within_run_trial_index,0,0.4909983633387889,0.6022326674500588,0.4430082256169212,0.5253682487725042,ok,-0.09679716363342644
A51,random_within_run_split,0,0.487987987987988,0.4893617021276595,0.5248226950354609,0.4294294294294294,ok,0.047009775733179965
A51,within_run_state_permutation,1,0.5560975609756098,0.5116279069767442,0.42296511627906974,0.5219512195121951,ok,-0.0272582246171299
A51,within_run_trial_index,1,0.4909983633387889,0.6022326674500588,0.4430082256169212,0.5253682487725042,ok,-0.09679716363342644
A51,random_within_run_split,1,0.5473856209150327,0.350328947368421,0.6091008771929824,0.5604575163398693,ok,0.12285001719986244
A51,within_run_state_permutation,2,0.564625850340136,0.519047619047619,0.40476190476190477,0.602607709750567,ok,-0.0761337868480726
A51,within_run_trial_index,2,0.4909983633387889,0.6022326674500588,0.4430082256169212,0.5253682487725042,ok,-0.09679716363342644
A51,random_within_run_split,2,0.6166666666666667,0.4241452991452992,0.5683760683760684,0.5770833333333334,ok,0.09190705128205123
A51,within_run_state_permutation,3,0.4766746411483253,0.5705882352941176,0.4117647058823529,0.4802631578947369,ok,-0.08120602307908814
A51,within_run_trial_index,3,0.4909983633387889,0.6022326674500588,0.4430082256169212,0.5253682487725042,ok,-0.09679716363342644
A51,random_within_run_split,3,0.44783057851239666,0.40714285714285714,0.4982142857142857,0.49845041322314054,ok,0.02022579693034235
A51,within_run_state_permutation,4,0.5046542553191489,0.4932432432432432,0.5216216216216216,0.5777925531914895,ok,-0.022379959746981093
A51,within_run_trial_index,4,0.4909983633387889,0.6022326674500588,0.4430082256169212,0.5253682487725042,ok,-0.09679716363342644
A51,random_within_run_split,4,0.5163584637268847,0.513767209011264,0.4461827284105132,0.5049786628733997,ok,-0.02810233987363292
A55,observed_state,0,0.6848072562358276,0.5779411764705882,0.6352941176470588,0.6598639455782314,ok,0.04114812591703343
A55,within_run_state_permutation,0,0.7441860465116279,0.6269230769230769,0.5012820512820513,0.7183462532299743,ok,-0.049900616179686
A55,within_run_trial_index,0,0.678125,0.6078042328042327,0.5628306878306878,0.6118750000000001,ok,0.010638227513227516
A55,random_within_run_split,0,0.6611039794608471,0.5789473684210527,0.6444159178433889,0.5982028241335045,ok,0.06418485237483945
A55,within_run_state_permutation,1,0.6329849012775841,0.7302725968436156,0.5738880918220948,0.7131242740998838,ok,-0.11826193892191023
A55,within_run_trial_index,1,0.678125,0.6078042328042327,0.5628306878306878,0.6118750000000001,ok,0.010638227513227516
A55,random_within_run_split,1,0.6324728260869565,0.456439393939394,0.5978535353535354,0.6963315217391305,ok,0.03877772288098372
A55,within_run_state_permutation,2,0.5819088319088319,0.6953488372093024,0.5145348837209303,0.6331908831908831,ok,-0.11604800238521168
A55,within_run_trial_index,2,0.678125,0.6078042328042327,0.5628306878306878,0.6118750000000001,ok,0.010638227513227516
A55,random_within_run_split,2,0.6590909090909092,0.5657894736842104,0.7763157894736843,0.5041322314049587,ok,0.1827424967377122
A55,within_run_state_permutation,3,0.5907859078590785,0.6475609756097561,0.5658536585365854,0.7059620596205961,ok,-0.09844173441734416
A55,within_run_trial_index,3,0.678125,0.6078042328042327,0.5628306878306878,0.6118750000000001,ok,0.010638227513227516
A55,random_within_run_split,3,0.6961451247165533,0.4970588235294117,0.6441176470588235,0.6768707482993197,ok,0.08316659997332268
A55,within_run_state_permutation,4,0.6841463414634146,0.5745257452574525,0.5609756097560976,0.5548780487804879,ok,0.05785907859078593
A55,within_run_trial_index,4,0.678125,0.6078042328042327,0.5628306878306878,0.6118750000000001,ok,0.010638227513227516
A55,random_within_run_split,4,0.6091825307950729,0.6360902255639097,0.6812030075187969,0.444568868980963,ok,0.10486322188449856
B63,observed_state,0,0.3904761904761904,0.6130820399113083,0.44235033259423506,0.5873015873015873,ok,-0.18377855207123506
B63,within_run_state_permutation,0,0.4911764705882354,0.6651162790697674,0.5395348837209303,0.7044117647058824,ok,-0.1694083447332421
B63,within_run_trial_index,0,0.613607188703466,0.7367724867724867,0.5224867724867726,0.6354300385109114,ok,-0.1180542820465798
B63,random_within_run_split,0,0.4634146341463415,0.6206349206349207,0.6761904761904762,0.5399113082039911,ok,-0.010470559251047035
B63,within_run_state_permutation,1,0.6552631578947369,0.5006535947712418,0.6470588235294118,0.65,ok,0.07583419332645341
B63,within_run_trial_index,1,0.613607188703466,0.7367724867724867,0.5224867724867726,0.6354300385109114,ok,-0.1180542820465798
B63,random_within_run_split,1,0.5787500000000001,0.5540355677154583,0.5362517099863202,0.61375,ok,-0.02639192886456898
B63,within_run_state_permutation,2,0.5102272727272728,0.45271317829457364,0.6387596899224806,0.5897727272727272,ok,0.05325052854122622
B63,within_run_trial_index,2,0.613607188703466,0.7367724867724867,0.5224867724867726,0.6354300385109114,ok,-0.1180542820465798
B63,random_within_run_split,2,0.5045454545454545,0.6212121212121213,0.6083916083916084,0.696969696969697,ok,-0.10262237762237769
B63,within_run_state_permutation,3,0.563953488372093,0.49264705882352944,0.6485294117647059,0.5930232558139534,ok,0.06340629274965803
B63,within_run_trial_index,3,0.613607188703466,0.7367724867724867,0.5224867724867726,0.6354300385109114,ok,-0.1180542820465798
B63,random_within_run_split,3,0.4609756097560975,0.561624649859944,0.7492997198879552,0.6621951219512195,ok,-0.0067722210835554075
B63,within_run_state_permutation,4,0.5873015873015873,0.5710227272727273,0.6775568181818182,0.6642246642246642,ok,0.014805506993007034
B63,within_run_trial_index,4,0.613607188703466,0.7367724867724867,0.5224867724867726,0.6354300385109114,ok,-0.1180542820465798
B63,random_within_run_split,4,0.5510204081632653,0.5365853658536586,0.696712619300106,0.4421768707482993,ok,0.13448539543070667
B67,observed_state,0,0.6426767676767677,0.6236111111111111,0.6763888888888889,0.5555555555555556,ok,0.06994949494949498
B67,within_run_state_permutation,0,0.6018306636155606,0.6068111455108359,0.7352941176470589,0.6212814645308925,ok,0.05451608561044552
B67,within_run_trial_index,0,0.66625,0.5909090909090908,0.5909090909090909,0.65,ok,0.008125000000000049
B67,random_within_run_split,0,0.5626598465473146,0.6745152354570637,0.6578947368421052,0.5537084398976982,ok,-0.003834545982671078
B67,within_run_state_permutation,1,0.5726744186046512,0.5195121951219512,0.6585365853658537,0.6468023255813954,ok,0.03244824163357912
B67,within_run_trial_index,1,0.66625,0.5909090909090908,0.5909090909090909,0.65,ok,0.008125000000000049
B67,random_within_run_split,1,0.6582125603864734,0.6169590643274854,0.6798245614035088,0.47705314009661837,ok,0.1220124586829392
B67,within_run_state_permutation,2,0.5492424242424243,0.6152777777777778,0.6125,0.5265151515151514,ok,0.00997474747474758
B67,within_run_trial_index,2,0.66625,0.5909090909090908,0.5909090909090909,0.65,ok,0.008125000000000049
B67,random_within_run_split,2,0.5583333333333333,0.591025641025641,0.6243589743589744,0.625,ok,-0.016666666666666663
B67,within_run_state_permutation,3,0.5943152454780362,0.6409214092140921,0.5840108401084011,0.5723514211886305,ok,-0.017473372408142673
B67,within_run_trial_index,3,0.66625,0.5909090909090908,0.5909090909090909,0.65,ok,0.008125000000000049
B67,random_within_run_split,3,0.5029761904761905,0.5511904761904762,0.6928571428571428,0.7113095238095237,ok,-0.033333333333333326
B67,within_run_state_permutation,4,0.5352272727272728,0.56875,0.5046875,0.6397727272727273,ok,-0.08430397727272726
B67,within_run_trial_index,4,0.66625,0.5909090909090908,0.5909090909090909,0.65,ok,0.008125000000000049
B67,random_within_run_split,4,0.4900568181818181,0.66125,0.7175,0.8252840909090908,ok,-0.13948863636363634
B79,observed_state,0,0.7918552036199095,0.8931475029036005,0.8792102206736353,0.9336349924585219,ok,-0.07785853553428879
B79,within_run_state_permutation,0,0.7789855072463767,0.906060606060606,0.9424242424242424,0.9649758454106281,ok,-0.0748133509003075
B79,within_run_trial_index,0,0.8490259740259739,0.9479166666666667,0.931712962962963,0.7905844155844155,ok,0.021118927368927343
B79,random_within_run_split,0,0.8787499999999999,0.8777777777777778,0.8222222222222222,0.9149999999999999,ok,-0.04590277777777779
B79,within_run_state_permutation,1,0.8531976744186047,0.9422604422604423,0.9582309582309583,0.9316860465116279,ok,-0.03125892806125358
B79,within_run_trial_index,1,0.8490259740259739,0.9479166666666667,0.931712962962963,0.7905844155844155,ok,0.021118927368927343
B79,random_within_run_split,1,0.911111111111111,0.8975,0.84875,0.8569444444444444,ok,0.0027083333333333126
B79,within_run_state_permutation,2,0.8850931677018633,0.9350490196078431,0.9497549019607843,0.8509316770186335,ok,0.024433686518085473
B79,within_run_trial_index,2,0.8490259740259739,0.9479166666666667,0.931712962962963,0.7905844155844155,ok,0.021118927368927343
B79,random_within_run_split,2,0.936969696969697,0.9509001636661212,0.8887070376432078,0.9466666666666665,ok,-0.03594504785994146
B79,within_run_state_permutation,3,0.8896103896103896,0.819078947368421,0.743421052631579,0.9004329004329005,ok,-0.04324020277967644
B79,within_run_trial_index,3,0.8490259740259739,0.9479166666666667,0.931712962962963,0.7905844155844155,ok,0.021118927368927343
B79,random_within_run_split,3,0.7638326585695007,0.834403080872914,0.8125802310654685,0.9838056680161944,ok,-0.12089792962706963
B79,within_run_state_permutation,4,0.8709677419354838,0.9398496240601504,0.8442534908700322,0.6213921901528013,ok,0.07698970929628213
B79,within_run_trial_index,4,0.8490259740259739,0.9479166666666667,0.931712962962963,0.7905844155844155,ok,0.021118927368927343
B79,random_within_run_split,4,0.9041666666666667,0.8362499999999999,0.82875,0.8833333333333333,ok,0.00666666666666671
C83,observed_state,0,0.6126596980255516,0.5876068376068375,0.6545584045584044,0.5720092915214866,ok,0.05380098672781597
C83,within_run_state_permutation,0,0.6116557734204793,0.6259057971014493,0.5769927536231885,0.6454248366013072,ok,-0.04134105332954441
C83,within_run_trial_index,0,0.4954545454545455,0.6267361111111112,0.5862268518518519,0.6174242424242424,ok,-0.08123947811447813
C83,random_within_run_split,0,0.6447368421052632,0.5734126984126984,0.5866402116402116,0.6447368421052632,ok,0.006613756613756627
C83,within_run_state_permutation,1,0.6183006535947713,0.5155844155844156,0.538961038961039,0.6797385620915032,ok,-0.019030642560054267
C83,within_run_trial_index,1,0.4954545454545455,0.6267361111111112,0.5862268518518519,0.6174242424242424,ok,-0.08123947811447813
C83,random_within_run_split,1,0.6215384615384615,0.3937282229965156,0.6254355400696864,0.5835897435897436,ok,0.13482801751094434
C83,within_run_state_permutation,2,0.6395502645502646,0.5413533834586466,0.6660401002506265,0.45965608465608454,ok,0.15229044834308003
C83,within_run_trial_index,2,0.4954545454545455,0.6267361111111112,0.5862268518518519,0.6174242424242424,ok,-0.08123947811447813
C83,random_within_run_split,2,0.6249999999999999,0.5233918128654971,0.6359649122807017,0.5943181818181819,ok,0.07162745879851135
C83,within_run_state_permutation,3,0.5076726342710998,0.5802139037433156,0.5962566844919787,0.5498721227621484,ok,-0.013078353871192772
C83,within_run_trial_index,3,0.4954545454545455,0.6267361111111112,0.5862268518518519,0.6174242424242424,ok,-0.08123947811447813
C83,random_within_run_split,3,0.6405405405405404,0.6370869033047736,0.6046511627906976,0.5986486486486486,ok,0.004728075688907929
C83,within_run_state_permutation,4,0.5687134502923975,0.6488636363636364,0.5897727272727273,0.5453216374269004,ok,-0.017849548112706004
C83,within_run_trial_index,4,0.4954545454545455,0.6267361111111112,0.5862268518518519,0.6174242424242424,ok,-0.08123947811447813
C83,random_within_run_split,4,0.6069444444444444,0.6785714285714285,0.5119047619047619,0.6694444444444444,ok,-0.11458333333333331
C87,observed_state,0,0.8352638352638353,0.5957696827262045,0.63572267920094,0.8082368082368081,ok,0.0334900117508814
C87,within_run_state_permutation,0,0.8292682926829268,0.7703962703962705,0.7342657342657342,0.7913279132791328,ok,0.0009049216366288637
C87,within_run_trial_index,0,0.8075880758807589,0.7657342657342657,0.8193473193473193,0.8062330623306233,ok,0.02748403358159457
C87,random_within_run_split,0,0.8135135135135135,0.7207207207207207,0.7173423423423423,0.8783783783783784,ok,-0.034121621621621634
C87,within_run_state_permutation,1,0.8331428571428572,0.6936572199730094,0.835357624831309,0.8457142857142856,ok,0.06456448814343557
C87,within_run_trial_index,1,0.8075880758807589,0.7657342657342657,0.8193473193473193,0.8062330623306233,ok,0.02748403358159457
C87,random_within_run_split,1,0.833943833943834,0.8434782608695652,0.8298136645962733,0.8229548229548229,ok,-0.0013377926421404562
C87,within_run_state_permutation,2,0.7754820936639119,0.8082039911308204,0.7560975609756098,0.7988980716253444,ok,-0.03776120405832162
C87,within_run_trial_index,2,0.8075880758807589,0.7657342657342657,0.8193473193473193,0.8062330623306233,ok,0.02748403358159457
C87,random_within_run_split,2,0.6915584415584416,0.6306818181818182,0.875,0.8441558441558441,ok,0.04586038961038963
C87,within_run_state_permutation,3,0.7013888888888888,0.7794117647058825,0.8382352941176471,0.6736111111111112,ok,0.043300653594771144
C87,within_run_trial_index,3,0.8075880758807589,0.7657342657342657,0.8193473193473193,0.8062330623306233,ok,0.02748403358159457
C87,random_within_run_split,3,0.8021164021164021,0.8200899550224888,0.9040479760119939,0.8285714285714286,ok,0.0287514972672393
C87,within_run_state_permutation,4,0.694078947368421,0.7472222222222222,0.7263888888888889,0.6929824561403509,ok,-0.009868421052631637
C87,within_run_trial_index,4,0.8075880758807589,0.7657342657342657,0.8193473193473193,0.8062330623306233,ok,0.02748403358159457
C87,random_within_run_split,4,0.7926315789473685,0.7163742690058479,0.6885964912280701,0.7726315789473684,ok,-0.003888888888888886
A4,observed_state,0,0.5838235294117647,0.526241134751773,0.4581560283687943,0.6279411764705883,ok,-0.05610137672090115
A4,within_run_state_permutation,0,0.5924713584288053,0.7105263157894737,0.4921052631578947,0.5450081833060556,ok,-0.08547893875441465
A4,within_run_trial_index,0,0.6636363636363636,0.6730506155950752,0.5868673050615595,0.5318181818181819,ok,0.022817435642333017
A4,random_within_run_split,0,0.6821862348178138,0.6960257787325457,0.5542427497314715,0.5182186234817814,ok,0.011092291167479118
A4,within_run_state_permutation,1,0.6785714285714286,0.5814814814814815,0.6074074074074073,0.7159863945578231,ok,-0.005744520030234346
A4,within_run_trial_index,1,0.6636363636363636,0.6730506155950752,0.5868673050615595,0.5318181818181819,ok,0.022817435642333017
A4,random_within_run_split,1,0.5820000000000001,0.38943488943488946,0.6117936117936118,0.384,ok,0.2101793611793612
A4,within_run_state_permutation,2,0.5902777777777778,0.7524509803921569,0.5379901960784313,0.3836805555555555,ok,-0.00393178104575162
A4,within_run_trial_index,2,0.6636363636363636,0.6730506155950752,0.5868673050615595,0.5318181818181819,ok,0.022817435642333017
A4,random_within_run_split,2,0.6477272727272727,0.6691331923890064,0.675475687103594,0.7727272727272727,ok,-0.059328752642706206
A4,within_run_state_permutation,3,0.5460992907801419,0.5392857142857144,0.7410714285714286,0.6146572104018913,ok,0.06661389733198242
A4,within_run_trial_index,3,0.6636363636363636,0.6730506155950752,0.5868673050615595,0.5318181818181819,ok,0.022817435642333017
A4,random_within_run_split,3,0.6,0.579185520361991,0.6093514328808447,0.5722222222222222,ok,0.028971845148315745
A4,within_run_state_permutation,4,0.5514950166112957,0.47348484848484845,0.6047979797979798,0.6960132890365449,ok,-0.006602570556058923
A4,within_run_trial_index,4,0.6636363636363636,0.6730506155950752,0.5868673050615595,0.5318181818181819,ok,0.022817435642333017
A4,random_within_run_split,4,0.5869565217391305,0.5673940949935815,0.6020539152759948,0.5702341137123746,ok,0.025691114154584582
A8,observed_state,0,0.6210670314637483,0.5482295482295483,0.5384615384615384,0.682626538987688,ok,-0.035663758645974764
A8,within_run_state_permutation,0,0.47301136363636365,0.6818181818181819,0.6423444976076556,0.6363636363636364,ok,-0.10141297846889952
A8,within_run_trial_index,0,0.6744186046511628,0.5763125763125763,0.5934065934065934,0.5020519835841313,ok,0.09473031908052432
A8,random_within_run_split,0,0.49322493224932246,0.6158536585365854,0.573170731707317,0.516260162601626,ok,-0.032859078590785934
A8,within_run_state_permutation,1,0.5815789473684211,0.5681818181818181,0.5580808080808081,0.6276315789473684,ok,-0.0280768208399787
A8,within_run_trial_index,1,0.6744186046511628,0.5763125763125763,0.5934065934065934,0.5020519835841313,ok,0.09473031908052432
A8,random_within_run_split,1,0.6940836940836941,0.4777911164465786,0.5450180072028812,0.6147186147186148,ok,0.07329598506069093
A8,within_run_state_permutation,2,0.6368286445012787,0.541005291005291,0.5132275132275133,0.6035805626598466,ok,0.0027351520318271705
A8,within_run_trial_index,2,0.6744186046511628,0.5763125763125763,0.5934065934065934,0.5020519835841313,ok,0.09473031908052432
A8,random_within_run_split,2,0.7187878787878788,0.6687598116169545,0.6357927786499215,0.6096969696969696,ok,0.03806193806193803
A8,within_run_state_permutation,3,0.5279411764705882,0.6984126984126984,0.7301587301587301,0.7323529411764705,ok,-0.08633286647992527
A8,within_run_trial_index,3,0.6744186046511628,0.5763125763125763,0.5934065934065934,0.5020519835841313,ok,0.09473031908052432
A8,random_within_run_split,3,0.625,0.6402777777777777,0.48750000000000004,0.555952380952381,ok,-0.04186507936507933
A8,within_run_state_permutation,4,0.6613756613756615,0.60375,0.505,0.48280423280423285,ok,0.03991071428571433
A8,within_run_trial_index,4,0.6744186046511628,0.5763125763125763,0.5934065934065934,0.5020519835841313,ok,0.09473031908052432
A8,random_within_run_split,4,0.45578231292517,0.5472370766488412,0.393939393939394,0.4509232264334305,ok,-0.07421929810885389
A12,observed_state,0,0.6394557823129251,0.5339366515837104,0.5007541478129713,0.4884353741496599,ok,0.058918952196263086
A12,within_run_state_permutation,0,0.5978112175102599,0.4518518518518519,0.42518518518518517,0.4240766073871409,ok,0.07353397172822612
A12,within_run_trial_index,0,0.62125,0.6180555555555556,0.4184027777777778,0.59,ok,-0.0842013888888889
A12,random_within_run_split,0,0.6063596491228069,0.5807692307692308,0.6307692307692309,0.47478070175438597,ok,0.0907894736842105
A12,within_run_state_permutation,1,0.41854636591478694,0.6939799331103679,0.5836120401337792,0.6917293233082706,ok,-0.19177542518503618
A12,within_run_trial_index,1,0.62125,0.6180555555555556,0.4184027777777778,0.59,ok,-0.0842013888888889
A12,random_within_run_split,1,0.5837264150943396,0.6160714285714286,0.6035714285714286,0.6497641509433962,ok,-0.03926886792452827
A12,within_run_state_permutation,2,0.6018518518518519,0.6181318681318682,0.5274725274725275,0.5540123456790124,ok,-0.021409917243250587
A12,within_run_trial_index,2,0.62125,0.6180555555555556,0.4184027777777778,0.59,ok,-0.0842013888888889
A12,random_within_run_split,2,0.6245059288537549,0.6235827664399093,0.5589569160997732,0.6284584980237155,ok,-0.034289209755048344
A12,within_run_state_permutation,3,0.7916666666666667,0.5761904761904763,0.5964285714285714,0.46920289855072467,ok,0.17135093167701862
A12,within_run_trial_index,3,0.62125,0.6180555555555556,0.4184027777777778,0.59,ok,-0.0842013888888889
A12,random_within_run_split,3,0.5155555555555555,0.533515731874145,0.7181942544459644,0.4237037037037038,ok,0.13826518721183556
A12,within_run_state_permutation,4,0.48376068376068376,0.5177478580171359,0.45777233782129745,0.49572649572649574,ok,-0.03597066608082519
A12,within_run_trial_index,4,0.62125,0.6180555555555556,0.4184027777777778,0.59,ok,-0.0842013888888889
A12,random_within_run_split,4,0.5657596371882087,0.5897435897435896,0.7454212454212453,0.5204081632653061,ok,0.1005145648002791
A16,observed_state,0,0.712962962962963,0.5686777920410783,0.5096277278562259,0.4880952380952381,ok,0.08290883034143628
A16,within_run_state_permutation,0,0.6174603174603175,0.7228381374722839,0.5077605321507761,0.7904761904761904,ok,-0.19404673916869036
A16,within_run_trial_index,0,0.666267942583732,0.56,0.5214814814814814,0.6650717703349283,ok,-0.018661173134857434
A16,random_within_run_split,0,0.5284552845528455,0.512531328320802,0.5864661654135338,0.5772357723577235,ok,0.012577174643926936
A16,within_run_state_permutation,1,0.4705882352941176,0.6666666666666666,0.5858974358974359,0.7406417112299465,ok,-0.1754113533525298
A16,within_run_trial_index,1,0.666267942583732,0.56,0.5214814814814814,0.6650717703349283,ok,-0.018661173134857434
A16,random_within_run_split,1,0.6788766788766789,0.6292613636363636,0.6079545454545454,0.7264957264957266,ok,-0.03446293290043295
A16,within_run_state_permutation,2,0.32777777777777783,0.6783479349186483,0.6082603254067585,0.6208333333333333,ok,-0.1815715825337227
A16,within_run_trial_index,2,0.666267942583732,0.56,0.5214814814814814,0.6650717703349283,ok,-0.018661173134857434
A16,random_within_run_split,2,0.6472868217054264,0.6328947368421052,0.611842105263158,0.6356589147286822,ok,-0.0047123623011015026
A16,within_run_state_permutation,3,0.6729323308270677,0.5375,0.41944444444444445,0.7205513784461153,ok,-0.08283730158730154
A16,within_run_trial_index,3,0.666267942583732,0.56,0.5214814814814814,0.6650717703349283,ok,-0.018661173134857434
A16,random_within_run_split,3,0.49883720930232556,0.7911764705882354,0.5294117647058824,0.2813953488372093,ok,-0.022161422708618372
A16,within_run_state_permutation,4,0.6408268733850129,0.3263157894736842,0.5644736842105262,0.7131782945736433,ok,0.08290323677410577
A16,within_run_trial_index,4,0.666267942583732,0.56,0.5214814814814814,0.6650717703349283,ok,-0.018661173134857434
A16,random_within_run_split,4,0.6168067226890757,0.5875,0.7239583333333334,0.4890756302521009,ok,0.13209471288515406
A20,observed_state,0,0.8307254623044097,0.9046153846153847,0.803076923076923,0.7894736842105263,ok,-0.030143341722289163
A20,within_run_state_permutation,0,0.8029411764705883,0.8297872340425532,0.7375886524822695,0.7411764705882353,ok,-0.015216937838965383
A20,within_run_trial_index,0,0.8199404761904763,0.8138888888888889,0.8375,0.7797619047619048,ok,0.03189484126984132
A20,random_within_run_split,0,0.6897727272727273,0.7751937984496124,0.9147286821705427,0.8102272727272728,ok,0.009540169133192389
A20,within_run_state_permutation,1,0.8551282051282051,0.8229166666666666,0.8090277777777778,0.7230769230769231,ok,0.05908119658119659
A20,within_run_trial_index,1,0.8199404761904763,0.8138888888888889,0.8375,0.7797619047619048,ok,0.03189484126984132
A20,random_within_run_split,1,0.8425760286225402,0.722488038277512,0.8289473684210527,0.59391771019678,ok,0.17755882428465047
A20,within_run_state_permutation,2,0.9249999999999999,0.9200603318250377,0.7858220211161387,0.8208333333333333,ok,-0.01503582202111614
A20,within_run_trial_index,2,0.8199404761904763,0.8138888888888889,0.8375,0.7797619047619048,ok,0.03189484126984132
A20,random_within_run_split,2,0.5791962174940898,0.7464285714285714,0.8482142857142857,0.7872340425531915,ok,-0.05312605538669374
A20,within_run_state_permutation,3,0.7307221542227662,0.8881118881118881,0.7884615384615385,0.8445532435740515,ok,-0.10674071950081743
A20,within_run_trial_index,3,0.8199404761904763,0.8138888888888889,0.8375,0.7797619047619048,ok,0.03189484126984132
A20,random_within_run_split,3,0.8546875,0.6183510638297873,0.8497340425531914,0.7453125,ok,0.17037898936170204
A20,within_run_state_permutation,4,0.8676122931442081,0.8228260869565217,0.7793478260869565,0.8865248226950355,ok,-0.03119539521019632
A20,within_run_trial_index,4,0.8199404761904763,0.8138888888888889,0.8375,0.7797619047619048,ok,0.03189484126984132
A20,random_within_run_split,4,0.7345911949685535,0.7058823529411764,0.828719723183391,0.879245283018868,ok,-0.010908358904049897
A40,observed_state,0,0.668918918918919,0.31025641025641026,0.6294871794871795,0.5689189189189189,ok,0.20961538461538465
A40,within_run_state_permutation,0,0.47922437673130186,0.581453634085213,0.6691729323308271,0.5623268698060941,ok,0.0023084025854109014
A40,within_run_trial_index,0,0.4727272727272727,0.5472868217054263,0.6263565891472869,0.5115151515151515,ok,0.0201409443269909
A40,random_within_run_split,0,0.5660000000000001,0.4740740740740741,0.6018518518518519,0.6280000000000001,ok,0.032888888888888856
A40,within_run_state_permutation,1,0.5351351351351351,0.49230769230769234,0.42692307692307696,0.5027027027027027,ok,-0.01647609147609147
A40,within_run_trial_index,1,0.4727272727272727,0.5472868217054263,0.6263565891472869,0.5115151515151515,ok,0.0201409443269909
A40,random_within_run_split,1,0.5272727272727273,0.40432098765432095,0.6172839506172839,0.7136363636363636,ok,0.013299663299663339
A40,within_run_state_permutation,2,0.4876615746180963,0.726998491704374,0.6470588235294117,0.4018801410105758,ok,0.0029208827162790774
A40,within_run_trial_index,2,0.4727272727272727,0.5472868217054263,0.6263565891472869,0.5115151515151515,ok,0.0201409443269909
A40,random_within_run_split,2,0.43154761904761907,0.6531100478468899,0.46650717703349287,0.42857142857142855,ok,-0.09181334016860324
A40,within_run_state_permutation,3,0.45227272727272727,0.5216049382716049,0.45679012345679015,0.5556818181818182,ok,-0.08411195286195283
A40,within_run_trial_index,3,0.4727272727272727,0.5472868217054263,0.6263565891472869,0.5115151515151515,ok,0.0201409443269909
A40,random_within_run_split,3,0.4569961489088575,0.5591836734693878,0.4965986394557823,0.6572528883183568,ok,-0.13142088671155241
A40,within_run_state_permutation,4,0.5817923186344239,0.5604395604395604,0.43956043956043955,0.5732574679943101,ok,-0.05617213511950353
A40,within_run_trial_index,4,0.4727272727272727,0.5472868217054263,0.6263565891472869,0.5115151515151515,ok,0.0201409443269909
A40,random_within_run_split,4,0.5560053981106613,0.5057915057915057,0.7065637065637065,0.48448043184885287,ok,0.13614858351700462
A44,observed_state,0,0.6416666666666666,0.5726190476190476,0.6291666666666667,0.6027777777777779,ok,0.04771825396825391
A44,within_run_state_permutation,0,0.5711111111111111,0.5113636363636364,0.6068181818181817,0.6188888888888889,ok,0.02383838383838377
A44,within_run_trial_index,0,0.59625,0.556875,0.581875,0.5775,ok,0.021874999999999978
A44,random_within_run_split,0,0.557948717948718,0.5219512195121951,0.6154471544715447,0.6430769230769231,ok,0.004183864915572266
A44,within_run_state_permutation,1,0.7152439024390245,0.5243589743589744,0.5294871794871795,0.5237804878048781,ok,0.09829580988117576
A44,within_run_trial_index,1,0.59625,0.556875,0.581875,0.5775,ok,0.021874999999999978
A44,random_within_run_split,1,0.6074074074074074,0.5876623376623377,0.6922077922077922,0.4604938271604938,ok,0.12572951739618404
A44,within_run_state_permutation,2,0.5827027027027026,0.5976744186046512,0.569767441860465,0.6616216216216216,ok,-0.05341294783155259
A44,within_run_trial_index,2,0.59625,0.556875,0.581875,0.5775,ok,0.021874999999999978
A44,random_within_run_split,2,0.6178266178266177,0.5186136071887035,0.680359435173299,0.6282051282051281,ok,0.07568365880304256
A44,within_run_state_permutation,3,0.469017094017094,0.6455792682926829,0.6623475609756098,0.5822649572649573,ok,-0.048239785282468195
A44,within_run_trial_index,3,0.59625,0.556875,0.581875,0.5775,ok,0.021874999999999978
A44,random_within_run_split,3,0.6351351351351351,0.606312292358804,0.5946843853820598,0.4376299376299376,ok,0.09293864526422663
A44,within_run_state_permutation,4,0.5063025210084033,0.49656750572082375,0.7265446224256293,0.6659663865546217,ok,0.03515662557929361
A44,within_run_trial_index,4,0.59625,0.556875,0.581875,0.5775,ok,0.021874999999999978
A44,random_within_run_split,4,0.649749373433584,0.6979949874686717,0.47869674185463656,0.5895989974937343,ok,-0.07957393483709277
A48,observed_state,0,0.52875,0.5311004784688995,0.6255980861244018,0.6874999999999999,ok,-0.03212619617224877
A48,within_run_state_permutation,0,0.6854942233632862,0.627497062279671,0.43360752056404234,0.4094993581514762,ok,0.04105266174809072
A48,within_run_trial_index,0,0.6662387676508343,0.662749706227967,0.5793184488836663,0.4531450577663672,ok,0.06483122627008323
A48,random_within_run_split,0,0.5764705882352941,0.509297520661157,0.6084710743801653,0.6941176470588235,ok,-0.00923675255226053
A48,within_run_state_permutation,1,0.6348814229249011,0.5061919504643964,0.6331269349845202,0.5375494071146245,ok,0.11213350016520024
A48,within_run_trial_index,1,0.6662387676508343,0.662749706227967,0.5793184488836663,0.4531450577663672,ok,0.06483122627008323
A48,random_within_run_split,1,0.5633971291866029,0.65625,0.50375,0.6100478468899523,ok,-0.09957535885167468
A48,within_run_state_permutation,2,0.6754385964912281,0.6761904761904761,0.594047619047619,0.48872180451127817,ok,0.05228696741854641
A48,within_run_trial_index,2,0.6662387676508343,0.662749706227967,0.5793184488836663,0.4531450577663672,ok,0.06483122627008323
A48,random_within_run_split,2,0.6255208333333333,0.594298245614035,0.6571637426900584,0.5463541666666667,ok,0.071016081871345
A48,within_run_state_permutation,3,0.608695652173913,0.5951417004048583,0.6761133603238867,0.5785953177257526,ok,0.05553599718359442
A48,within_run_trial_index,3,0.6662387676508343,0.662749706227967,0.5793184488836663,0.4531450577663672,ok,0.06483122627008323
A48,random_within_run_split,3,0.5761363636363636,0.6605263157894737,0.5947368421052631,0.5602272727272727,ok,-0.024940191387559874
A48,within_run_state_permutation,4,0.5856950067476383,0.6298773690078038,0.6800445930880713,0.534412955465587,ok,0.050724637681159424
A48,within_run_trial_index,4,0.6662387676508343,0.662749706227967,0.5793184488836663,0.4531450577663672,ok,0.06483122627008323
A48,random_within_run_split,4,0.5714285714285714,0.5865272938443671,0.48083623693379796,0.6138996138996139,ok,-0.07408104969080581
A52,observed_state,0,0.6010575793184488,0.5,0.56265664160401,0.49294947121034083,ok,0.08538237485605898
A52,within_run_state_permutation,0,0.47391304347826085,0.544973544973545,0.4984126984126985,0.5326086956521738,ok,-0.052628249367379754
A52,within_run_trial_index,0,0.582720588235294,0.6445121951219512,0.5920731707317073,0.44546568627450983,ok,0.04240793878527013
A52,random_within_run_split,0,0.46904761904761905,0.510576923076923,0.5,0.5357142857142857,ok,-0.038621794871794846
A52,within_run_state_permutation,1,0.5897435897435898,0.7516339869281045,0.5294117647058822,0.590693257359924,ok,-0.1115859449192782
A52,within_run_trial_index,1,0.582720588235294,0.6445121951219512,0.5920731707317073,0.44546568627450983,ok,0.04240793878527013
A52,random_within_run_split,1,0.5349999999999999,0.5535714285714286,0.46666666666666673,0.40499999999999997,ok,0.021547619047619038
A52,within_run_state_permutation,2,0.6734375,0.5387596899224807,0.4893410852713178,0.515625,ok,0.05419694767441857
A52,within_run_trial_index,2,0.582720588235294,0.6445121951219512,0.5920731707317073,0.44546568627450983,ok,0.04240793878527013
A52,random_within_run_split,2,0.5195473251028806,0.6199095022624433,0.5279034690799398,0.6003086419753085,ok,-0.08638367502746574
A52,within_run_state_permutation,3,0.6450742240215923,0.6622222222222222,0.6255555555555555,0.3522267206477733,ok,0.1280904183535762
A52,within_run_trial_index,3,0.582720588235294,0.6445121951219512,0.5920731707317073,0.44546568627450983,ok,0.04240793878527013
A52,random_within_run_split,3,0.49223946784922396,0.5260695187165776,0.5467914438502673,0.5360310421286031,ok,-0.011534824572844687
A52,within_run_state_permutation,4,0.4845201238390093,0.5092682926829268,0.6190243902439025,0.48606811145510836,ok,0.05410405497243831
A52,within_run_trial_index,4,0.582720588235294,0.6445121951219512,0.5920731707317073,0.44546568627450983,ok,0.04240793878527013
A52,random_within_run_split,4,0.445983379501385,0.6627027027027027,0.5124324324324324,0.37049861495844877,ok,-0.03739275286366703
A56,observed_state,0,0.5440476190476191,0.5614035087719298,0.5614035087719298,0.5785714285714284,ok,-0.017261904761904645
A56,within_run_state_permutation,0,0.45429362880886426,0.5603260869565218,0.5233695652173913,0.6191135734072023,ok,-0.10088823316873424
A56,within_run_trial_index,0,0.5725288831835686,0.5329024676850764,0.5740305522914219,0.5789473684210525,ok,0.017354799684430766
A56,random_within_run_split,0,0.6167846309403437,0.5225563909774437,0.5706766917293233,0.49848331648129424,ok,0.08321080760546459
A56,within_run_state_permutation,1,0.7609649122807017,0.5208333333333333,0.47187500000000004,0.5767543859649122,ok,0.06762609649122814
A56,within_run_trial_index,1,0.5725288831835686,0.5329024676850764,0.5740305522914219,0.5789473684210525,ok,0.017354799684430766
A56,random_within_run_split,1,0.578512396694215,0.5683333333333334,0.6166666666666667,0.40909090909090906,ok,0.10887741046831961
A56,within_run_state_permutation,2,0.5521390374331552,0.5857954545454546,0.5073863636363636,0.5387700534759359,ok,-0.03252005347593584
A56,within_run_trial_index,2,0.5725288831835686,0.5329024676850764,0.5740305522914219,0.5789473684210525,ok,0.017354799684430766
A56,random_within_run_split,2,0.43915343915343913,0.5090702947845804,0.5136054421768708,0.6812169312169312,ok,-0.11876417233560085
A56,within_run_state_permutation,3,0.625,0.430952380952381,0.6857142857142857,0.5694444444444444,ok,0.15515873015873016
A56,within_run_trial_index,3,0.5725288831835686,0.5329024676850764,0.5740305522914219,0.5789473684210525,ok,0.017354799684430766
A56,random_within_run_split,3,0.4901098901098902,0.6359011627906976,0.5457848837209303,0.5505494505494506,ok,-0.07527791975466389
A56,within_run_state_permutation,4,0.553763440860215,0.5106382978723404,0.6514690982776089,0.5798771121351767,ok,0.057358564565153425
A56,within_run_trial_index,4,0.5725288831835686,0.5329024676850764,0.5740305522914219,0.5789473684210525,ok,0.017354799684430766
A56,random_within_run_split,4,0.5657894736842106,0.606280193236715,0.5857487922705314,0.5532581453634084,ok,-0.004000036322690692
A60,observed_state,0,0.44782608695652176,0.3252032520325203,0.42818428184281837,0.508695652173913,ok,0.02105573229645341
A60,within_run_state_permutation,0,0.3578336557059961,0.3647727272727273,0.6261363636363637,0.46808510638297873,ok,0.0755560928433269
A60,within_run_trial_index,0,0.36718749999999994,0.3645690834473325,0.542407660738714,0.5205965909090909,ok,0.012214743191145266
A60,random_within_run_split,0,0.4124040920716112,0.35060975609756095,0.6166158536585367,0.4111253196930946,ok,0.13364243496974615
A60,within_run_state_permutation,1,0.35582010582010576,0.5318518518518518,0.32296296296296295,0.3320105820105819,ok,-0.0925396825396825
A60,within_run_trial_index,1,0.36718749999999994,0.3645690834473325,0.542407660738714,0.5205965909090909,ok,0.012214743191145266
A60,random_within_run_split,1,0.45121951219512196,0.3746803069053709,0.40281329923273657,0.47256097560975613,ok,0.0033957644563657463
A60,within_run_state_permutation,2,0.5142857142857142,0.5560640732265446,0.4359267734553776,0.4306122448979592,ok,-0.018231915191705972
A60,within_run_trial_index,2,0.36718749999999994,0.3645690834473325,0.542407660738714,0.5205965909090909,ok,0.012214743191145266
A60,random_within_run_split,2,0.36251709986320113,0.38778409090909083,0.5298295454545454,0.5266757865937073,ok,-0.011056616092525784
A60,within_run_state_permutation,3,0.4210069444444444,0.43771626297577854,0.47577854671280273,0.5442708333333333,ok,-0.04260080257593232
A60,within_run_trial_index,3,0.36718749999999994,0.3645690834473325,0.542407660738714,0.5205965909090909,ok,0.012214743191145266
A60,random_within_run_split,3,0.4281798245614035,0.5204081632653061,0.4750566893424036,0.5005482456140351,ok,-0.05885994748776707
A60,within_run_state_permutation,4,0.43874643874643876,0.5458333333333333,0.601388888888889,0.5,ok,-0.002849002849002774
A60,within_run_trial_index,4,0.36718749999999994,0.3645690834473325,0.542407660738714,0.5205965909090909,ok,0.012214743191145266
A60,random_within_run_split,4,0.43021680216802166,0.3978260869565217,0.5079710144927536,0.6239837398373983,ok,-0.04181100506657237
B64,observed_state,0,0.6993197278911565,0.46210526315789474,0.4231578947368421,0.6122448979591836,ok,0.024063730755460144
B64,within_run_state_permutation,0,0.5736842105263158,0.5251700680272109,0.39591836734693875,0.5652631578947368,ok,-0.06041532402434657
B64,within_run_trial_index,0,0.46794871794871806,0.5871040723981901,0.5282805429864252,0.6115384615384615,ok,-0.10120663650075412
B64,random_within_run_split,0,0.5631578947368421,0.4725274725274725,0.489010989010989,0.5855263157894737,ok,-0.0029424522845575563
B64,within_run_state_permutation,1,0.5569917743830788,0.5410628019323671,0.6425120772946861,0.46886016451233836,ok,0.09479044261652969
B64,within_run_trial_index,1,0.46794871794871806,0.5871040723981901,0.5282805429864252,0.6115384615384615,ok,-0.10120663650075412
B64,random_within_run_split,1,0.4490196078431372,0.5961538461538461,0.41346153846153844,0.6872549019607843,ok,-0.2104638009049774
B64,within_run_state_permutation,2,0.46514285714285725,0.6365914786967419,0.5939849624060151,0.4811428571428572,ok,-0.029303258145363414
B64,within_run_trial_index,2,0.46794871794871806,0.5871040723981901,0.5282805429864252,0.6115384615384615,ok,-0.10120663650075412
B64,random_within_run_split,2,0.52,0.537037037037037,0.4391534391534392,0.5286486486486486,ok,-0.05326612326612318
B64,within_run_state_permutation,3,0.44717444717444715,0.6319444444444444,0.6030092592592593,0.46068796068796064,ok,-0.021224349349349303
B64,within_run_trial_index,3,0.46794871794871806,0.5871040723981901,0.5282805429864252,0.6115384615384615,ok,-0.10120663650075412
B64,random_within_run_split,3,0.5448648648648649,0.4894179894179894,0.4378306878306878,0.4118918918918919,ok,0.04069283569283566
B64,within_run_state_permutation,4,0.5033783783783783,0.4772727272727273,0.5505050505050505,0.5551801801801801,ok,0.010715260715260688
B64,within_run_trial_index,4,0.46794871794871806,0.5871040723981901,0.5282805429864252,0.6115384615384615,ok,-0.10120663650075412
B64,random_within_run_split,4,0.4495798319327731,0.44,0.64,0.453781512605042,ok,0.09789915966386556
B68,observed_state,0,0.4814814814814815,0.47283950617283954,0.3296296296296296,0.6521164021164021,ok,-0.15692239858906526
B68,within_run_state_permutation,0,0.2777777777777778,0.44715447154471544,0.4343786295005807,0.3875,ok,-0.06124903213317848
B68,within_run_trial_index,0,0.3791866028708134,0.4774281805745554,0.46238030095759236,0.3791866028708134,ok,-0.007523939808481511
B68,random_within_run_split,0,0.36130536130536134,0.6470588235294117,0.4495798319327732,0.479020979020979,ok,-0.1575973046561281
B68,within_run_state_permutation,1,0.5753086419753086,0.4867724867724868,0.533068783068783,0.5234567901234568,ok,0.04907407407407402
B68,within_run_trial_index,1,0.3791866028708134,0.4774281805745554,0.46238030095759236,0.3791866028708134,ok,-0.007523939808481511
B68,random_within_run_split,1,0.49431818181818177,0.6499282639885222,0.3873744619799139,0.4897727272727273,ok,-0.12900417373157694
B68,within_run_state_permutation,2,0.4040404040404041,0.26157407407407407,0.5810185185185185,0.49206349206349204,ok,0.11571067821067824
B68,within_run_trial_index,2,0.3791866028708134,0.4774281805745554,0.46238030095759236,0.3791866028708134,ok,-0.007523939808481511
B68,random_within_run_split,2,0.4945887445887446,0.6063348416289592,0.6591251885369532,0.49242424242424243,ok,0.027477424536248074
B68,within_run_state_permutation,3,0.4224021592442645,0.37857142857142856,0.5071428571428571,0.4898785425101214,ok,0.03054752265278582
B68,within_run_trial_index,3,0.3791866028708134,0.4774281805745554,0.46238030095759236,0.3791866028708134,ok,-0.007523939808481511
B68,random_within_run_split,3,0.443609022556391,0.6371794871794871,0.5384615384615384,0.5714285714285714,ok,-0.11326874879506454
B68,within_run_state_permutation,4,0.49868421052631573,0.6731946144430845,0.423500611995104,0.5631578947368421,ok,-0.1570838433292534
B68,within_run_trial_index,4,0.3791866028708134,0.4774281805745554,0.46238030095759236,0.3791866028708134,ok,-0.007523939808481511
B68,random_within_run_split,4,0.5992063492063492,0.5222222222222221,0.5530864197530864,0.5436507936507936,ok,0.0432098765432099
B80,observed_state,0,0.5136054421768708,0.5740740740740741,0.4708994708994708,0.5034013605442177,ok,-0.04648526077097509
B80,within_run_state_permutation,0,0.6864801864801866,0.5743589743589743,0.458974358974359,0.5606060606060607,ok,0.005244755244755317
B80,within_run_trial_index,0,0.5946275946275946,0.5592185592185592,0.5091575091575091,0.42612942612942617,ok,0.059218559218559175
B80,random_within_run_split,0,0.48648648648648646,0.5342624854819977,0.5110336817653891,0.43758043758043763,ok,0.0128386225947201
B80,within_run_state_permutation,1,0.5882352941176471,0.6266666666666667,0.49939393939393945,0.5803921568627451,ok,-0.05971479500891266
B80,within_run_trial_index,1,0.5946275946275946,0.5592185592185592,0.5091575091575091,0.42612942612942617,ok,0.059218559218559175
B80,random_within_run_split,1,0.48717948717948717,0.5833333333333333,0.45384615384615384,0.4941724941724941,ok,-0.06824009324009317
B80,within_run_state_permutation,2,0.4711168164313222,0.7320799059929495,0.472385428907168,0.5263157894736842,ok,-0.15744672506407173
B80,within_run_trial_index,2,0.5946275946275946,0.5592185592185592,0.5091575091575091,0.42612942612942617,ok,0.059218559218559175
B80,random_within_run_split,2,0.5348484848484849,0.6040404040404039,0.49696969696969695,0.5803030303030303,ok,-0.0762626262626262
B80,within_run_state_permutation,3,0.3151515151515151,0.6437499999999999,0.6072916666666667,0.4909090909090909,ok,-0.10610795454545452
B80,within_run_trial_index,3,0.5946275946275946,0.5592185592185592,0.5091575091575091,0.42612942612942617,ok,0.059218559218559175
B80,random_within_run_split,3,0.4025641025641026,0.5361305361305361,0.6258741258741257,0.4615384615384615,ok,0.015384615384615358
B80,within_run_state_permutation,4,0.5760233918128654,0.44895833333333335,0.5708333333333333,0.5921052631578947,ok,0.05289656432748535
B80,within_run_trial_index,4,0.5946275946275946,0.5592185592185592,0.5091575091575091,0.42612942612942617,ok,0.059218559218559175
B80,random_within_run_split,4,0.5648648648648649,0.5277161862527717,0.5022172949002217,0.6162162162162161,ok,-0.03842512135195064
