subject,component,feature,loading,explained_variance_ratio,latent_dimension
A1,1,posterior_alpha_logpower,0.032115340040954704,0.23661478147941484,1
A1,1,frontal_midline_theta_logpower,0.23318663096130987,0.23661478147941484,1
A1,1,aperiodic_offset,0.3152104126171381,0.23661478147941484,1
A1,1,aperiodic_exponent,-0.12775049582630427,0.23661478147941484,1
A1,1,alpha_peak_hz,-0.002597739938271726,0.23661478147941484,1
A1,1,slow_eye_logpower,0.6112703532218685,0.23661478147941484,1
A1,1,blink_amplitude,0.5675492528417143,0.23661478147941484,1
A1,1,blink_event_count,-0.36453124277272275,0.23661478147941484,1
A1,1,emg_rms_20_45hz,0.016168869145527915,0.23661478147941484,1
A5,1,posterior_alpha_logpower,0.4095676609388576,0.6397460073980412,1
A5,1,frontal_midline_theta_logpower,0.4124862565480715,0.6397460073980412,1
A5,1,aperiodic_offset,0.4141745294175615,0.6397460073980412,1
A5,1,aperiodic_exponent,-0.0787639832775699,0.6397460073980412,1
A5,1,alpha_peak_hz,0.0026635682270093565,0.6397460073980412,1
A5,1,slow_eye_logpower,0.4123048568938941,0.6397460073980412,1
A5,1,blink_amplitude,0.3788401043910153,0.6397460073980412,1
A5,1,blink_event_count,-0.05182650978108373,0.6397460073980412,1
A5,1,emg_rms_20_45hz,0.41006939896430267,0.6397460073980412,1
A9,1,posterior_alpha_logpower,0.4058669567579917,0.6612468524773856,1
A9,1,frontal_midline_theta_logpower,0.40674413903465356,0.6612468524773856,1
A9,1,aperiodic_offset,0.40839711516493316,0.6612468524773856,1
A9,1,aperiodic_exponent,-0.13204768655503885,0.6612468524773856,1
A9,1,alpha_peak_hz,-0.009024393729643643,0.6612468524773856,1
A9,1,slow_eye_logpower,0.40544133932413473,0.6612468524773856,1
A9,1,blink_amplitude,0.395748537170423,0.6612468524773856,1
A9,1,blink_event_count,0.029783321739408473,0.6612468524773856,1
A9,1,emg_rms_20_45hz,0.40452237679995906,0.6612468524773856,1
A13,1,posterior_alpha_logpower,0.4035045179517221,0.6741810552542837,1
A13,1,frontal_midline_theta_logpower,0.4017102116817065,0.6741810552542837,1
A13,1,aperiodic_offset,0.4044483071699659,0.6741810552542837,1
A13,1,aperiodic_exponent,-0.080139614366131,0.6741810552542837,1
A13,1,alpha_peak_hz,0.10112422065508488,0.6741810552542837,1
A13,1,slow_eye_logpower,0.40394640042099195,0.6741810552542837,1
A13,1,blink_amplitude,0.40101322125775546,0.6741810552542837,1
A13,1,blink_event_count,-0.10114896638709335,0.6741810552542837,1
A13,1,emg_rms_20_45hz,0.4017097203440689,0.6741810552542837,1
A17,1,posterior_alpha_logpower,0.4807634133492804,0.35039921213501063,1
A17,1,frontal_midline_theta_logpower,0.45479791565211436,0.35039921213501063,1
A17,1,aperiodic_offset,0.5364438449527551,0.35039921213501063,1
A17,1,aperiodic_exponent,-0.44059534839848286,0.35039921213501063,1
A17,1,alpha_peak_hz,-0.153961023681183,0.35039921213501063,1
A17,1,slow_eye_logpower,0.14062211358203575,0.35039921213501063,1
A17,1,blink_amplitude,0.16700121172309343,0.35039921213501063,1
A17,1,blink_event_count,-0.0036370822830712884,0.35039921213501063,1
A17,1,emg_rms_20_45hz,0.09353035742160419,0.35039921213501063,1
A21,1,posterior_alpha_logpower,0.41855902841472115,0.6069636148254124,1
A21,1,frontal_midline_theta_logpower,0.42454184689330066,0.6069636148254124,1
A21,1,aperiodic_offset,0.42094648158299997,0.6069636148254124,1
A21,1,aperiodic_exponent,0.003179803256886715,0.6069636148254124,1
A21,1,alpha_peak_hz,0.0009992685228601404,0.6069636148254124,1
A21,1,slow_eye_logpower,0.41898346762638583,0.6069636148254124,1
A21,1,blink_amplitude,0.338010679294444,0.6069636148254124,1
A21,1,blink_event_count,0.04725803679005403,0.6069636148254124,1
A21,1,emg_rms_20_45hz,0.4187288172826623,0.6069636148254124,1
A25,1,posterior_alpha_logpower,0.4086328532314744,0.6550223241502702,1
A25,1,frontal_midline_theta_logpower,0.40966924115435654,0.6550223241502702,1
A25,1,aperiodic_offset,0.40984675723059927,0.6550223241502702,1
A25,1,aperiodic_exponent,-0.0511004717211817,0.6550223241502702,1
A25,1,alpha_peak_hz,0.09917013435120649,0.6550223241502702,1
A25,1,slow_eye_logpower,0.40843609915218965,0.6550223241502702,1
A25,1,blink_amplitude,0.3885495323499464,0.6550223241502702,1
A25,1,blink_event_count,0.01514684900385247,0.6550223241502702,1
A25,1,emg_rms_20_45hz,0.4083500370115714,0.6550223241502702,1
A29,1,posterior_alpha_logpower,0.4215630123197851,0.6005645020886398,1
A29,1,frontal_midline_theta_logpower,0.42547085466626755,0.6005645020886398,1
A29,1,aperiodic_offset,0.4267044252863361,0.6005645020886398,1
A29,1,aperiodic_exponent,-0.14456566431304155,0.6005645020886398,1
A29,1,alpha_peak_hz,-0.03722292233747905,0.6005645020886398,1
A29,1,slow_eye_logpower,0.4247152264701049,0.6005645020886398,1
A29,1,blink_amplitude,0.2803042761984365,0.6005645020886398,1
A29,1,blink_event_count,-0.022793900323838642,0.6005645020886398,1
A29,1,emg_rms_20_45hz,0.42121806932539463,0.6005645020886398,1
A33,1,posterior_alpha_logpower,0.4055845522830484,0.6681703580908235,1
A33,1,frontal_midline_theta_logpower,0.40620016607623655,0.6681703580908235,1
A33,1,aperiodic_offset,0.4049267934955085,0.6681703580908235,1
A33,1,aperiodic_exponent,0.11491456481823466,0.6681703580908235,1
A33,1,alpha_peak_hz,-0.0009639869861735304,0.6681703580908235,1
A33,1,slow_eye_logpower,0.40240719944794384,0.6681703580908235,1
A33,1,blink_amplitude,0.3809537446834977,0.6681703580908235,1
A33,1,blink_event_count,0.1451079616151941,0.6681703580908235,1
A33,1,emg_rms_20_45hz,0.4064689055513793,0.6681703580908235,1
A37,1,posterior_alpha_logpower,0.4193458862326029,0.624468371139752,1
A37,1,frontal_midline_theta_logpower,0.41934482213461255,0.624468371139752,1
A37,1,aperiodic_offset,0.41828503679358553,0.624468371139752,1
A37,1,aperiodic_exponent,-0.0022445649594770396,0.624468371139752,1
A37,1,alpha_peak_hz,-0.0110151656792844,0.624468371139752,1
A37,1,slow_eye_logpower,0.4194330983603948,0.624468371139752,1
A37,1,blink_amplitude,0.4088096484439748,0.624468371139752,1
A37,1,blink_event_count,0.03575119685166205,0.624468371139752,1
A37,1,emg_rms_20_45hz,0.3590022328051169,0.624468371139752,1
A41,1,posterior_alpha_logpower,0.4561791360626048,0.38849748244345556,1
A41,1,frontal_midline_theta_logpower,0.4512973135381826,0.38849748244345556,1
A41,1,aperiodic_offset,0.4306777826411748,0.38849748244345556,1
A41,1,aperiodic_exponent,-0.269465851069432,0.38849748244345556,1
A41,1,alpha_peak_hz,-0.10584443597366963,0.38849748244345556,1
A41,1,slow_eye_logpower,0.30601512935396313,0.38849748244345556,1
A41,1,blink_amplitude,0.4411580694457727,0.38849748244345556,1
A41,1,blink_event_count,-0.172378467885914,0.38849748244345556,1
A41,1,emg_rms_20_45hz,-0.030871521070057265,0.38849748244345556,1
A45,1,posterior_alpha_logpower,0.3936627033681982,0.7109699138194772,1
A45,1,frontal_midline_theta_logpower,0.3938230180825172,0.7109699138194772,1
A45,1,aperiodic_offset,0.39394923765061995,0.7109699138194772,1
A45,1,aperiodic_exponent,-0.11079521984030721,0.7109699138194772,1
A45,1,alpha_peak_hz,-0.1124368698448936,0.7109699138194772,1
A45,1,slow_eye_logpower,0.39357535810563954,0.7109699138194772,1
A45,1,blink_amplitude,0.3825588398253392,0.7109699138194772,1
A45,1,blink_event_count,0.23235742409020316,0.7109699138194772,1
A45,1,emg_rms_20_45hz,0.3931624004828126,0.7109699138194772,1
A49,1,posterior_alpha_logpower,0.40026369328413874,0.6875523080711161,1
A49,1,frontal_midline_theta_logpower,0.40040005294619607,0.6875523080711161,1
A49,1,aperiodic_offset,0.4000945609634932,0.6875523080711161,1
A49,1,aperiodic_exponent,0.1294329173046972,0.6875523080711161,1
A49,1,alpha_peak_hz,-0.04991508116105257,0.6875523080711161,1
A49,1,slow_eye_logpower,0.4000981805364684,0.6875523080711161,1
A49,1,blink_amplitude,0.3433381476182776,0.6875523080711161,1
A49,1,blink_event_count,0.25284903874991316,0.6875523080711161,1
A49,1,emg_rms_20_45hz,0.39781458776927425,0.6875523080711161,1
A53,1,posterior_alpha_logpower,0.3952126746483546,0.7060048410822178,1
A53,1,frontal_midline_theta_logpower,0.39533073660693707,0.7060048410822178,1
A53,1,aperiodic_offset,0.39534325009530946,0.7060048410822178,1
A53,1,aperiodic_exponent,-0.02341544254221011,0.7060048410822178,1
A53,1,alpha_peak_hz,0.10203124378065001,0.7060048410822178,1
A53,1,slow_eye_logpower,0.3952414207578999,0.7060048410822178,1
A53,1,blink_amplitude,0.3558539472124825,0.7060048410822178,1
A53,1,blink_event_count,0.28536977259653434,0.7060048410822178,1
A53,1,emg_rms_20_45hz,0.3949454239475224,0.7060048410822178,1
A57,1,posterior_alpha_logpower,0.4039077230605783,0.6746676522751605,1
A57,1,frontal_midline_theta_logpower,0.4043000224093718,0.6746676522751605,1
A57,1,aperiodic_offset,0.40411037549266815,0.6746676522751605,1
A57,1,aperiodic_exponent,0.02996633334651771,0.6746676522751605,1
A57,1,alpha_peak_hz,0.0551635748741381,0.6746676522751605,1
A57,1,slow_eye_logpower,0.4043486419892802,0.6746676522751605,1
A57,1,blink_amplitude,0.331065435857779,0.6746676522751605,1
A57,1,blink_event_count,0.26501359617205084,0.6746676522751605,1
A57,1,emg_rms_20_45hz,0.4035089753271012,0.6746676522751605,1
B61,1,posterior_alpha_logpower,0.08951416417606939,0.4103128435595705,1
B61,1,frontal_midline_theta_logpower,0.3483007801344213,0.4103128435595705,1
B61,1,aperiodic_offset,0.4451007930998833,0.4103128435595705,1
B61,1,aperiodic_exponent,-0.40066007691809724,0.4103128435595705,1
B61,1,alpha_peak_hz,-0.04556262909108044,0.4103128435595705,1
B61,1,slow_eye_logpower,0.46215498259848375,0.4103128435595705,1
B61,1,blink_amplitude,0.40332999770902916,0.4103128435595705,1
B61,1,blink_event_count,-0.36520158902525834,0.4103128435595705,1
B61,1,emg_rms_20_45hz,-0.017891308689342023,0.4103128435595705,1
B65,1,posterior_alpha_logpower,0.11861842321322565,0.35887702908580127,1
B65,1,frontal_midline_theta_logpower,0.3356086769427734,0.35887702908580127,1
B65,1,aperiodic_offset,0.4782043234071912,0.35887702908580127,1
B65,1,aperiodic_exponent,-0.3732579567851262,0.35887702908580127,1
B65,1,alpha_peak_hz,0.09288954328110516,0.35887702908580127,1
B65,1,slow_eye_logpower,0.48424954982584845,0.35887702908580127,1
B65,1,blink_amplitude,0.4277450823661666,0.35887702908580127,1
B65,1,blink_event_count,-0.2759758074913896,0.35887702908580127,1
B65,1,emg_rms_20_45hz,-0.055145379134789396,0.35887702908580127,1
B69,1,posterior_alpha_logpower,0.13615393252216043,0.490746261753354,1
B69,1,frontal_midline_theta_logpower,0.4269403642577069,0.490746261753354,1
B69,1,aperiodic_offset,0.43522771040109764,0.490746261753354,1
B69,1,aperiodic_exponent,-0.3922064246586565,0.490746261753354,1
B69,1,alpha_peak_hz,-0.10358628516415773,0.490746261753354,1
B69,1,slow_eye_logpower,0.4301927450598762,0.490746261753354,1
B69,1,blink_amplitude,0.4240759075752076,0.490746261753354,1
B69,1,blink_event_count,-0.28164128677442496,0.490746261753354,1
B69,1,emg_rms_20_45hz,0.031255182030954703,0.490746261753354,1
B73,1,posterior_alpha_logpower,0.09649317947273574,0.26198237653528955,1
B73,1,frontal_midline_theta_logpower,-0.4266643210292159,0.26198237653528955,1
B73,1,aperiodic_offset,-0.5824135842511671,0.26198237653528955,1
B73,1,aperiodic_exponent,0.4733146198656563,0.26198237653528955,1
B73,1,alpha_peak_hz,0.20773694015848088,0.26198237653528955,1
B73,1,slow_eye_logpower,-0.20063999344753483,0.26198237653528955,1
B73,1,blink_amplitude,-0.2069479743015195,0.26198237653528955,1
B73,1,blink_event_count,-0.344296177234897,0.26198237653528955,1
B73,1,emg_rms_20_45hz,0.025217969267114823,0.26198237653528955,1
B77,1,posterior_alpha_logpower,0.1281748582848077,0.47333950514096024,1
B77,1,frontal_midline_theta_logpower,0.4085305507154684,0.47333950514096024,1
B77,1,aperiodic_offset,0.43933362157914213,0.47333950514096024,1
B77,1,aperiodic_exponent,-0.4067512461990048,0.47333950514096024,1
B77,1,alpha_peak_hz,-0.07902108132449806,0.47333950514096024,1
B77,1,slow_eye_logpower,0.436220122926093,0.47333950514096024,1
B77,1,blink_amplitude,0.40706784152181485,0.47333950514096024,1
B77,1,blink_event_count,-0.30432387655817544,0.47333950514096024,1
B77,1,emg_rms_20_45hz,0.05799837167992722,0.47333950514096024,1
B81,1,posterior_alpha_logpower,0.14125979101636013,0.443325785728217,1
B81,1,frontal_midline_theta_logpower,0.37859875203602944,0.443325785728217,1
B81,1,aperiodic_offset,0.44981437237920446,0.443325785728217,1
B81,1,aperiodic_exponent,-0.37792615452253114,0.443325785728217,1
B81,1,alpha_peak_hz,-0.11016878709860538,0.443325785728217,1
B81,1,slow_eye_logpower,0.4281220584735359,0.443325785728217,1
B81,1,blink_amplitude,0.42139543732756124,0.443325785728217,1
B81,1,blink_event_count,-0.34324944425793996,0.443325785728217,1
B81,1,emg_rms_20_45hz,0.026973215259265892,0.443325785728217,1
C85,1,posterior_alpha_logpower,0.40405367524583635,0.676303982852484,1
C85,1,frontal_midline_theta_logpower,0.4039494464370278,0.676303982852484,1
C85,1,aperiodic_offset,0.40376075743894535,0.676303982852484,1
C85,1,aperiodic_exponent,0.09442054114401342,0.676303982852484,1
C85,1,alpha_peak_hz,0.017462660946101168,0.676303982852484,1
C85,1,slow_eye_logpower,0.40384310527022654,0.676303982852484,1
C85,1,blink_amplitude,0.33295770729710794,0.676303982852484,1
C85,1,blink_event_count,0.25442099265934953,0.676303982852484,1
C85,1,emg_rms_20_45hz,0.40328948641145845,0.676303982852484,1
A2,1,posterior_alpha_logpower,0.4128051044418092,0.621742573548533,1
A2,1,frontal_midline_theta_logpower,0.4186907935584583,0.621742573548533,1
A2,1,aperiodic_offset,0.4195449522931931,0.621742573548533,1
A2,1,aperiodic_exponent,-0.12904260442573479,0.621742573548533,1
A2,1,alpha_peak_hz,0.04383896693225723,0.621742573548533,1
A2,1,slow_eye_logpower,0.4172430624710456,0.621742573548533,1
A2,1,blink_amplitude,0.337588205841035,0.621742573548533,1
A2,1,blink_event_count,0.007298676407265191,0.621742573548533,1
A2,1,emg_rms_20_45hz,0.41423098481684123,0.621742573548533,1
A6,1,posterior_alpha_logpower,0.41651847764649513,0.6211395660776514,1
A6,1,frontal_midline_theta_logpower,0.41934319422892474,0.6211395660776514,1
A6,1,aperiodic_offset,0.4196644283165411,0.6211395660776514,1
A6,1,aperiodic_exponent,-0.03662002716875447,0.6211395660776514,1
A6,1,alpha_peak_hz,0.041692531049726096,0.6211395660776514,1
A6,1,slow_eye_logpower,0.41098771885295304,0.6211395660776514,1
A6,1,blink_amplitude,0.34210873479794324,0.6211395660776514,1
A6,1,blink_event_count,0.10093680718474371,0.6211395660776514,1
A6,1,emg_rms_20_45hz,0.41872256541277125,0.6211395660776514,1
A10,1,posterior_alpha_logpower,0.4125178834086297,0.6406815144621902,1
A10,1,frontal_midline_theta_logpower,0.4127338527388571,0.6406815144621902,1
A10,1,aperiodic_offset,0.4137465687396972,0.6406815144621902,1
A10,1,aperiodic_exponent,-0.07914916456467559,0.6406815144621902,1
A10,1,alpha_peak_hz,-0.016086303960619046,0.6406815144621902,1
A10,1,slow_eye_logpower,0.4108891592727569,0.6406815144621902,1
A10,1,blink_amplitude,0.37804395048768025,0.6406815144621902,1
A10,1,blink_event_count,-0.0007665786131035961,0.6406815144621902,1
A10,1,emg_rms_20_45hz,0.4123378017477371,0.6406815144621902,1
A14,1,posterior_alpha_logpower,0.41532224150964997,0.6189226761281874,1
A14,1,frontal_midline_theta_logpower,0.41465635607132145,0.6189226761281874,1
A14,1,aperiodic_offset,0.41989778670023536,0.6189226761281874,1
A14,1,aperiodic_exponent,-0.06633989030769896,0.6189226761281874,1
A14,1,alpha_peak_hz,0.0217610133406334,0.6189226761281874,1
A14,1,slow_eye_logpower,0.41908692790981966,0.6189226761281874,1
A14,1,blink_amplitude,0.35215201333444796,0.6189226761281874,1
A14,1,blink_event_count,-0.04197735579020245,0.6189226761281874,1
A14,1,emg_rms_20_45hz,0.41589887714938,0.6189226761281874,1
A18,1,posterior_alpha_logpower,0.4222449172778206,0.6052640403883754,1
A18,1,frontal_midline_theta_logpower,0.4227477126677932,0.6052640403883754,1
A18,1,aperiodic_offset,0.4251238883479221,0.6052640403883754,1
A18,1,aperiodic_exponent,-0.08287338465178332,0.6052640403883754,1
A18,1,alpha_peak_hz,0.025646450106037395,0.6052640403883754,1
A18,1,slow_eye_logpower,0.4233304055772188,0.6052640403883754,1
A18,1,blink_amplitude,0.4048125336225656,0.6052640403883754,1
A18,1,blink_event_count,-0.023211966465739683,0.6052640403883754,1
A18,1,emg_rms_20_45hz,0.3333420577802248,0.6052640403883754,1
A22,1,posterior_alpha_logpower,0.40659026879413546,0.662967079426076,1
A22,1,frontal_midline_theta_logpower,0.4061493206464891,0.662967079426076,1
A22,1,aperiodic_offset,0.4082040656591528,0.662967079426076,1
A22,1,aperiodic_exponent,-0.10884309454085685,0.662967079426076,1
A22,1,alpha_peak_hz,0.0538062097677171,0.662967079426076,1
A22,1,slow_eye_logpower,0.40630919624882167,0.662967079426076,1
A22,1,blink_amplitude,0.39163026405406803,0.662967079426076,1
A22,1,blink_event_count,0.06775879567018414,0.662967079426076,1
A22,1,emg_rms_20_45hz,0.4065733819752006,0.662967079426076,1
A26,1,posterior_alpha_logpower,0.4209629415538671,0.6158503030286884,1
A26,1,frontal_midline_theta_logpower,0.42168350872125515,0.6158503030286884,1
A26,1,aperiodic_offset,0.42062549949675565,0.6158503030286884,1
A26,1,aperiodic_exponent,0.058341766212656083,0.6158503030286884,1
A26,1,alpha_peak_hz,-0.011473881671915107,0.6158503030286884,1
A26,1,slow_eye_logpower,0.4168050666107751,0.6158503030286884,1
A26,1,blink_amplitude,0.3339301190693533,0.6158503030286884,1
A26,1,blink_event_count,0.05225680891686603,0.6158503030286884,1
A26,1,emg_rms_20_45hz,0.4201731021689257,0.6158503030286884,1
A30,1,posterior_alpha_logpower,0.41022947775705737,0.6543054052953452,1
A30,1,frontal_midline_theta_logpower,0.4097286763031206,0.6543054052953452,1
A30,1,aperiodic_offset,0.40800261006379784,0.6543054052953452,1
A30,1,aperiodic_exponent,0.1325009498656932,0.6543054052953452,1
A30,1,alpha_peak_hz,-0.02260408614861976,0.6543054052953452,1
A30,1,slow_eye_logpower,0.405635039120344,0.6543054052953452,1
A30,1,blink_amplitude,0.37727212619541906,0.6543054052953452,1
A30,1,blink_event_count,0.0653460804425711,0.6543054052953452,1
A30,1,emg_rms_20_45hz,0.41006884635861646,0.6543054052953452,1
A34,1,posterior_alpha_logpower,0.4124500661229277,0.6434022558819327,1
A34,1,frontal_midline_theta_logpower,0.4136807181364719,0.6434022558819327,1
A34,1,aperiodic_offset,0.4133979024476714,0.6434022558819327,1
A34,1,aperiodic_exponent,0.06473232864983068,0.6434022558819327,1
A34,1,alpha_peak_hz,0.019815214298877656,0.6434022558819327,1
A34,1,slow_eye_logpower,0.4106968547317825,0.6434022558819327,1
A34,1,blink_amplitude,0.3752392156138966,0.6434022558819327,1
A34,1,blink_event_count,0.05967475499831455,0.6434022558819327,1
A34,1,emg_rms_20_45hz,0.4125954577474054,0.6434022558819327,1
A38,1,posterior_alpha_logpower,0.4096020962275765,0.6547069059684563,1
A38,1,frontal_midline_theta_logpower,0.41000172028097304,0.6547069059684563,1
A38,1,aperiodic_offset,0.40963862044606236,0.6547069059684563,1
A38,1,aperiodic_exponent,0.03462057999201718,0.6547069059684563,1
A38,1,alpha_peak_hz,-0.050696140314769364,0.6547069059684563,1
A38,1,slow_eye_logpower,0.4088656435123996,0.6547069059684563,1
A38,1,blink_amplitude,0.3971788044889053,0.6547069059684563,1
A38,1,blink_event_count,-0.008113309241092707,0.6547069059684563,1
A38,1,emg_rms_20_45hz,0.40934616964493536,0.6547069059684563,1
A42,1,posterior_alpha_logpower,0.40387080288630856,0.6787108233143992,1
A42,1,frontal_midline_theta_logpower,0.40373493824401074,0.6787108233143992,1
A42,1,aperiodic_offset,0.4037594377316189,0.6787108233143992,1
A42,1,aperiodic_exponent,-0.0072198055993161325,0.6787108233143992,1
A42,1,alpha_peak_hz,0.01600109504180571,0.6787108233143992,1
A42,1,slow_eye_logpower,0.40354443093268677,0.6787108233143992,1
A42,1,blink_amplitude,0.34755641321089376,0.6787108233143992,1
A42,1,blink_event_count,0.25464546383820064,0.6787108233143992,1
A42,1,emg_rms_20_45hz,0.4025776318551636,0.6787108233143992,1
A46,1,posterior_alpha_logpower,0.37994225353421524,0.7647993853520992,1
A46,1,frontal_midline_theta_logpower,0.3800917787827436,0.7647993853520992,1
A46,1,aperiodic_offset,0.3799547502441834,0.7647993853520992,1
A46,1,aperiodic_exponent,0.026094326610090396,0.7647993853520992,1
A46,1,alpha_peak_hz,0.09555863877962686,0.7647993853520992,1
A46,1,slow_eye_logpower,0.3799401787741106,0.7647993853520992,1
A46,1,blink_amplitude,0.3768385649746399,0.7647993853520992,1
A46,1,blink_event_count,0.3559016899165106,0.7647993853520992,1
A46,1,emg_rms_20_45hz,0.37943153234393456,0.7647993853520992,1
A50,1,posterior_alpha_logpower,0.39915820758702697,0.6913794805597429,1
A50,1,frontal_midline_theta_logpower,0.39939881450157755,0.6913794805597429,1
A50,1,aperiodic_offset,0.3992972633015052,0.6913794805597429,1
A50,1,aperiodic_exponent,-0.042943684807650116,0.6913794805597429,1
A50,1,alpha_peak_hz,0.052595351243661576,0.6913794805597429,1
A50,1,slow_eye_logpower,0.39940485769341233,0.6913794805597429,1
A50,1,blink_amplitude,0.3546926642846372,0.6913794805597429,1
A50,1,blink_event_count,0.2705405901308594,0.6913794805597429,1
A50,1,emg_rms_20_45hz,0.3982226003361549,0.6913794805597429,1
A54,1,posterior_alpha_logpower,0.4110218814239725,0.6497604422484988,1
A54,1,frontal_midline_theta_logpower,0.41107515113483617,0.6497604422484988,1
A54,1,aperiodic_offset,0.41119315360263586,0.6497604422484988,1
A54,1,aperiodic_exponent,-0.02340436857901726,0.6497604422484988,1
A54,1,alpha_peak_hz,0.02677765590260832,0.6497604422484988,1
A54,1,slow_eye_logpower,0.4116306827920895,0.6497604422484988,1
A54,1,blink_amplitude,0.24465718412574097,0.6497604422484988,1
A54,1,blink_event_count,0.3070254244543473,0.6497604422484988,1
A54,1,emg_rms_20_45hz,0.41008785423940136,0.6497604422484988,1
A58,1,posterior_alpha_logpower,0.4014836776657522,0.6865551220746521,1
A58,1,frontal_midline_theta_logpower,0.40142238462321556,0.6865551220746521,1
A58,1,aperiodic_offset,0.401301295523249,0.6865551220746521,1
A58,1,aperiodic_exponent,0.006749746434958793,0.6865551220746521,1
A58,1,alpha_peak_hz,-0.040275628604876816,0.6865551220746521,1
A58,1,slow_eye_logpower,0.40123180023760835,0.6865551220746521,1
A58,1,blink_amplitude,0.36524836066590793,0.6865551220746521,1
A58,1,blink_event_count,0.24443967571389605,0.6865551220746521,1
A58,1,emg_rms_20_45hz,0.40101924269558625,0.6865551220746521,1
B62,1,posterior_alpha_logpower,0.1261544156180024,0.3589250153778151,1
B62,1,frontal_midline_theta_logpower,0.2463364911086221,0.3589250153778151,1
B62,1,aperiodic_offset,0.44757333664338705,0.3589250153778151,1
B62,1,aperiodic_exponent,-0.4102269680988105,0.3589250153778151,1
B62,1,alpha_peak_hz,0.044346869958700366,0.3589250153778151,1
B62,1,slow_eye_logpower,0.48656708688600486,0.3589250153778151,1
B62,1,blink_amplitude,0.42471512251530985,0.3589250153778151,1
B62,1,blink_event_count,-0.3678866663554265,0.3589250153778151,1
B62,1,emg_rms_20_45hz,0.018911109104589707,0.3589250153778151,1
B66,1,posterior_alpha_logpower,0.13695915180247611,0.4550585894180976,1
B66,1,frontal_midline_theta_logpower,0.4165899756316658,0.4550585894180976,1
B66,1,aperiodic_offset,0.46017293830520545,0.4550585894180976,1
B66,1,aperiodic_exponent,-0.4012763681887536,0.4550585894180976,1
B66,1,alpha_peak_hz,-0.12807371344519347,0.4550585894180976,1
B66,1,slow_eye_logpower,0.42826688030990134,0.4550585894180976,1
B66,1,blink_amplitude,0.4304298707623666,0.4550585894180976,1
B66,1,blink_event_count,-0.22222621378799176,0.4550585894180976,1
B66,1,emg_rms_20_45hz,-0.02105624706545066,0.4550585894180976,1
B70,1,posterior_alpha_logpower,0.04293547549010564,0.3498856523391471,1
B70,1,frontal_midline_theta_logpower,0.3919094413624059,0.3498856523391471,1
B70,1,aperiodic_offset,0.49912737047204275,0.3498856523391471,1
B70,1,aperiodic_exponent,-0.40935642302350556,0.3498856523391471,1
B70,1,alpha_peak_hz,-0.06755259575744516,0.3498856523391471,1
B70,1,slow_eye_logpower,0.4344197405477717,0.3498856523391471,1
B70,1,blink_amplitude,0.4210257739829512,0.3498856523391471,1
B70,1,blink_event_count,-0.22435850308737126,0.3498856523391471,1
B70,1,emg_rms_20_45hz,-0.08354290666357769,0.3498856523391471,1
B74,1,posterior_alpha_logpower,0.20525676579210012,0.4192087054484798,1
B74,1,frontal_midline_theta_logpower,0.36654857210705327,0.4192087054484798,1
B74,1,aperiodic_offset,0.4588756592947094,0.4192087054484798,1
B74,1,aperiodic_exponent,-0.377603678746587,0.4192087054484798,1
B74,1,alpha_peak_hz,-0.15675298429885692,0.4192087054484798,1
B74,1,slow_eye_logpower,0.41324080115518147,0.4192087054484798,1
B74,1,blink_amplitude,0.4216951036803749,0.4192087054484798,1
B74,1,blink_event_count,-0.29226142370888514,0.4192087054484798,1
B74,1,emg_rms_20_45hz,-0.10852390245663579,0.4192087054484798,1
B78,1,posterior_alpha_logpower,0.01750665101290996,0.3499129067203456,1
B78,1,frontal_midline_theta_logpower,0.197904785445651,0.3499129067203456,1
B78,1,aperiodic_offset,0.43130769792699386,0.3499129067203456,1
B78,1,aperiodic_exponent,-0.4186006570404472,0.3499129067203456,1
B78,1,alpha_peak_hz,-0.13585826094286066,0.3499129067203456,1
B78,1,slow_eye_logpower,0.48535397915481326,0.3499129067203456,1
B78,1,blink_amplitude,0.47167272144156447,0.3499129067203456,1
B78,1,blink_event_count,-0.3460768495459608,0.3499129067203456,1
B78,1,emg_rms_20_45hz,0.05480947555549187,0.3499129067203456,1
C82,1,posterior_alpha_logpower,0.18937681653447663,0.3991250956165041,1
C82,1,frontal_midline_theta_logpower,0.2983871193416938,0.3991250956165041,1
C82,1,aperiodic_offset,0.4850386185213594,0.3991250956165041,1
C82,1,aperiodic_exponent,-0.4278873151672151,0.3991250956165041,1
C82,1,alpha_peak_hz,-0.06119977007516941,0.3991250956165041,1
C82,1,slow_eye_logpower,0.47150795580367333,0.3991250956165041,1
C82,1,blink_amplitude,0.38498233113288105,0.3991250956165041,1
C82,1,blink_event_count,-0.26511124970148453,0.3991250956165041,1
C82,1,emg_rms_20_45hz,-0.11041285335464268,0.3991250956165041,1
C86,1,posterior_alpha_logpower,0.303221908686522,0.3319038033162776,1
C86,1,frontal_midline_theta_logpower,0.29534793923332503,0.3319038033162776,1
C86,1,aperiodic_offset,0.48240093017842806,0.3319038033162776,1
C86,1,aperiodic_exponent,-0.36773677576608976,0.3319038033162776,1
C86,1,alpha_peak_hz,0.01773689535930009,0.3319038033162776,1
C86,1,slow_eye_logpower,0.4721143515265603,0.3319038033162776,1
C86,1,blink_amplitude,0.43755256168380907,0.3319038033162776,1
C86,1,blink_event_count,-0.11842658158690901,0.3319038033162776,1
C86,1,emg_rms_20_45hz,-0.15556804735716928,0.3319038033162776,1
A3,1,posterior_alpha_logpower,0.41787763112414505,0.6246044171534071,1
A3,1,frontal_midline_theta_logpower,0.4194480801165691,0.6246044171534071,1
A3,1,aperiodic_offset,0.419176292911187,0.6246044171534071,1
A3,1,aperiodic_exponent,0.009388986626764566,0.6246044171534071,1
A3,1,alpha_peak_hz,-0.04044083363978926,0.6246044171534071,1
A3,1,slow_eye_logpower,0.4153791414541463,0.6246044171534071,1
A3,1,blink_amplitude,0.34718633609738836,0.6246044171534071,1
A3,1,blink_event_count,0.06890239730602202,0.6246044171534071,1
A3,1,emg_rms_20_45hz,0.41735295778998055,0.6246044171534071,1
A7,1,posterior_alpha_logpower,0.40958934626051996,0.6566889202263488,1
A7,1,frontal_midline_theta_logpower,0.4101781551463368,0.6566889202263488,1
A7,1,aperiodic_offset,0.4095086705600186,0.6566889202263488,1
A7,1,aperiodic_exponent,0.025319424983567342,0.6566889202263488,1
A7,1,alpha_peak_hz,-0.03169242459507056,0.6566889202263488,1
A7,1,slow_eye_logpower,0.40866017831764834,0.6566889202263488,1
A7,1,blink_amplitude,0.39877962541737605,0.6566889202263488,1
A7,1,blink_event_count,0.023446085856186655,0.6566889202263488,1
A7,1,emg_rms_20_45hz,0.4099628815099857,0.6566889202263488,1
A11,1,posterior_alpha_logpower,0.4117025058427707,0.6425735775309082,1
A11,1,frontal_midline_theta_logpower,0.4131155011370079,0.6425735775309082,1
A11,1,aperiodic_offset,0.413655761118466,0.6425735775309082,1
A11,1,aperiodic_exponent,-0.0475565235260622,0.6425735775309082,1
A11,1,alpha_peak_hz,-0.05410328411760532,0.6425735775309082,1
A11,1,slow_eye_logpower,0.41248035767433494,0.6425735775309082,1
A11,1,blink_amplitude,0.3707205737814611,0.6425735775309082,1
A11,1,blink_event_count,0.07613556917353187,0.6425735775309082,1
A11,1,emg_rms_20_45hz,0.4125122279751587,0.6425735775309082,1
A15,1,posterior_alpha_logpower,0.40807813727030656,0.6585515742726852,1
A15,1,frontal_midline_theta_logpower,0.4089964417727828,0.6585515742726852,1
A15,1,aperiodic_offset,0.408835251122564,0.6585515742726852,1
A15,1,aperiodic_exponent,-0.004586408390365473,0.6585515742726852,1
A15,1,alpha_peak_hz,0.04055043528184926,0.6585515742726852,1
A15,1,slow_eye_logpower,0.4083852079965199,0.6585515742726852,1
A15,1,blink_amplitude,0.4028635058120937,0.6585515742726852,1
A15,1,blink_event_count,-0.029920318048558027,0.6585515742726852,1
A15,1,emg_rms_20_45hz,0.40915742830551166,0.6585515742726852,1
A19,1,posterior_alpha_logpower,0.4143805681791313,0.6264235479380407,1
A19,1,frontal_midline_theta_logpower,0.4180676358991119,0.6264235479380407,1
A19,1,aperiodic_offset,0.41901125431141456,0.6264235479380407,1
A19,1,aperiodic_exponent,-0.043282306109698604,0.6264235479380407,1
A19,1,alpha_peak_hz,0.07076638413116919,0.6264235479380407,1
A19,1,slow_eye_logpower,0.41192308663461635,0.6264235479380407,1
A19,1,blink_amplitude,0.34891984849001223,0.6264235479380407,1
A19,1,blink_event_count,0.08323866180995984,0.6264235479380407,1
A19,1,emg_rms_20_45hz,0.4155744955500436,0.6264235479380407,1
A23,1,posterior_alpha_logpower,0.4329859688054879,0.5734120588091056,1
A23,1,frontal_midline_theta_logpower,0.4363092130453202,0.5734120588091056,1
A23,1,aperiodic_offset,0.4371611441171189,0.5734120588091056,1
A23,1,aperiodic_exponent,-0.07383549588461587,0.5734120588091056,1
A23,1,alpha_peak_hz,0.010992361971166778,0.5734120588091056,1
A23,1,slow_eye_logpower,0.43261463381626053,0.5734120588091056,1
A23,1,blink_amplitude,0.22283974179014032,0.5734120588091056,1
A23,1,blink_event_count,-0.03780267555440504,0.5734120588091056,1
A23,1,emg_rms_20_45hz,0.4327043203357,0.5734120588091056,1
A27,1,posterior_alpha_logpower,0.40968504871126654,0.6514502450834724,1
A27,1,frontal_midline_theta_logpower,0.4106448248294754,0.6514502450834724,1
A27,1,aperiodic_offset,0.4109259045851041,0.6514502450834724,1
A27,1,aperiodic_exponent,-0.013415843794992461,0.6514502450834724,1
A27,1,alpha_peak_hz,0.06773345257947529,0.6514502450834724,1
A27,1,slow_eye_logpower,0.40849761038228216,0.6514502450834724,1
A27,1,blink_amplitude,0.38383511077042826,0.6514502450834724,1
A27,1,blink_event_count,0.08616498125802251,0.6514502450834724,1
A27,1,emg_rms_20_45hz,0.4102157849689422,0.6514502450834724,1
A31,1,posterior_alpha_logpower,0.43469814185440214,0.5784206880392362,1
A31,1,frontal_midline_theta_logpower,0.43419641441427326,0.5784206880392362,1
A31,1,aperiodic_offset,0.4342846790539789,0.5784206880392362,1
A31,1,aperiodic_exponent,0.026004749486199123,0.5784206880392362,1
A31,1,alpha_peak_hz,0.05565426138669119,0.5784206880392362,1
A31,1,slow_eye_logpower,0.42948511183522076,0.5784206880392362,1
A31,1,blink_amplitude,0.22503306161298167,0.5784206880392362,1
A31,1,blink_event_count,0.09039015005169124,0.5784206880392362,1
A31,1,emg_rms_20_45hz,0.4322805264841006,0.5784206880392362,1
A35,1,posterior_alpha_logpower,0.408869766526805,0.6559230549827865,1
A35,1,frontal_midline_theta_logpower,0.40998412596462985,0.6559230549827865,1
A35,1,aperiodic_offset,0.41036597278246856,0.6559230549827865,1
A35,1,aperiodic_exponent,-0.04589996602524908,0.6559230549827865,1
A35,1,alpha_peak_hz,0.016302877354065107,0.6559230549827865,1
A35,1,slow_eye_logpower,0.40843331964031593,0.6559230549827865,1
A35,1,blink_amplitude,0.399605842090476,0.6559230549827865,1
A35,1,blink_event_count,0.009305087671222206,0.6559230549827865,1
A35,1,emg_rms_20_45hz,0.40911675336836995,0.6559230549827865,1
A39,1,posterior_alpha_logpower,0.41627108286208975,0.6276923997885456,1
A39,1,frontal_midline_theta_logpower,0.4171823411484089,0.6276923997885456,1
A39,1,aperiodic_offset,0.41726675929076473,0.6276923997885456,1
A39,1,aperiodic_exponent,0.03636059369462878,0.6276923997885456,1
A39,1,alpha_peak_hz,-0.004152896406336699,0.6276923997885456,1
A39,1,slow_eye_logpower,0.4118209390605602,0.6276923997885456,1
A39,1,blink_amplitude,0.3639022258014629,0.6276923997885456,1
A39,1,blink_event_count,0.048607821482689426,0.6276923997885456,1
A39,1,emg_rms_20_45hz,0.4157431370138019,0.6276923997885456,1
A43,1,posterior_alpha_logpower,0.3970571983604875,0.7011663533125824,1
A43,1,frontal_midline_theta_logpower,0.39715855576855164,0.7011663533125824,1
A43,1,aperiodic_offset,0.3969313849195181,0.7011663533125824,1
A43,1,aperiodic_exponent,0.04424151502307795,0.7011663533125824,1
A43,1,alpha_peak_hz,-0.029034485279795318,0.7011663533125824,1
A43,1,slow_eye_logpower,0.3968160311645391,0.7011663533125824,1
A43,1,blink_amplitude,0.3621700921939354,0.7011663533125824,1
A43,1,blink_event_count,0.28051367074564965,0.7011663533125824,1
A43,1,emg_rms_20_45hz,0.39615371731777754,0.7011663533125824,1
A47,1,posterior_alpha_logpower,0.3979295915929368,0.6981713867330955,1
A47,1,frontal_midline_theta_logpower,0.3979788300530944,0.6981713867330955,1
A47,1,aperiodic_offset,0.3977741204293781,0.6981713867330955,1
A47,1,aperiodic_exponent,0.09449704018142484,0.6981713867330955,1
A47,1,alpha_peak_hz,0.03846332242336358,0.6981713867330955,1
A47,1,slow_eye_logpower,0.3977077844343113,0.6981713867330955,1
A47,1,blink_amplitude,0.34535482958430525,0.6981713867330955,1
A47,1,blink_event_count,0.2815315496469186,0.6981713867330955,1
A47,1,emg_rms_20_45hz,0.3974041629657917,0.6981713867330955,1
A51,1,posterior_alpha_logpower,0.41055044500346816,0.6519204273909777,1
A51,1,frontal_midline_theta_logpower,0.4106069084172306,0.6519204273909777,1
A51,1,aperiodic_offset,0.4103614069117497,0.6519204273909777,1
A51,1,aperiodic_exponent,0.013015963137416573,0.6519204273909777,1
A51,1,alpha_peak_hz,-0.006618179817152762,0.6519204273909777,1
A51,1,slow_eye_logpower,0.41077939891141907,0.6519204273909777,1
A51,1,blink_amplitude,0.2913735719816656,0.6519204273909777,1
A51,1,blink_event_count,0.2695834756310906,0.6519204273909777,1
A51,1,emg_rms_20_45hz,0.4097890623622127,0.6519204273909777,1
A55,1,posterior_alpha_logpower,0.39552610239588454,0.705004790331027,1
A55,1,frontal_midline_theta_logpower,0.395452047348562,0.705004790331027,1
A55,1,aperiodic_offset,0.3949469937112739,0.705004790331027,1
A55,1,aperiodic_exponent,0.20795293589013017,0.705004790331027,1
A55,1,alpha_peak_hz,-0.05607442271089558,0.705004790331027,1
A55,1,slow_eye_logpower,0.39510257525868514,0.705004790331027,1
A55,1,blink_amplitude,0.3432250276107018,0.705004790331027,1
A55,1,blink_event_count,0.23406326744884468,0.705004790331027,1
A55,1,emg_rms_20_45hz,0.395107340578293,0.705004790331027,1
A59,1,posterior_alpha_logpower,0.4033094937441148,0.6778475653419045,1
A59,1,frontal_midline_theta_logpower,0.403286239948739,0.6778475653419045,1
A59,1,aperiodic_offset,0.4031326738813128,0.6778475653419045,1
A59,1,aperiodic_exponent,0.028709547816596896,0.6778475653419045,1
A59,1,alpha_peak_hz,-0.08989680514085077,0.6778475653419045,1
A59,1,slow_eye_logpower,0.40335880414373326,0.6778475653419045,1
A59,1,blink_amplitude,0.3602479024257475,0.6778475653419045,1
A59,1,blink_event_count,0.22153336878496827,0.6778475653419045,1
A59,1,emg_rms_20_45hz,0.40215186794938734,0.6778475653419045,1
B63,1,posterior_alpha_logpower,0.09440647311214187,0.3842051115988146,1
B63,1,frontal_midline_theta_logpower,-0.30401620798506473,0.3842051115988146,1
B63,1,aperiodic_offset,-0.424684829903724,0.3842051115988146,1
B63,1,aperiodic_exponent,0.39409111362229887,0.3842051115988146,1
B63,1,alpha_peak_hz,-0.10823861422273715,0.3842051115988146,1
B63,1,slow_eye_logpower,-0.46476818748614235,0.3842051115988146,1
B63,1,blink_amplitude,-0.43820743658016215,0.3842051115988146,1
B63,1,blink_event_count,0.373033205489158,0.3842051115988146,1
B63,1,emg_rms_20_45hz,0.0639684058798018,0.3842051115988146,1
B67,1,posterior_alpha_logpower,0.010998193607886241,0.3667127483570097,1
B67,1,frontal_midline_theta_logpower,-0.23195296062230014,0.3667127483570097,1
B67,1,aperiodic_offset,-0.4704453159722524,0.3667127483570097,1
B67,1,aperiodic_exponent,0.4438832050402424,0.3667127483570097,1
B67,1,alpha_peak_hz,0.12169627664989242,0.3667127483570097,1
B67,1,slow_eye_logpower,-0.4462242855596838,0.3667127483570097,1
B67,1,blink_amplitude,-0.41257935765456827,0.3667127483570097,1
B67,1,blink_event_count,0.35209633175013655,0.3667127483570097,1
B67,1,emg_rms_20_45hz,-0.1400218511184167,0.3667127483570097,1
B71,1,posterior_alpha_logpower,0.3125788146360063,0.31797955661907373,1
B71,1,frontal_midline_theta_logpower,0.23903753455601628,0.31797955661907373,1
B71,1,aperiodic_offset,0.519145148076934,0.31797955661907373,1
B71,1,aperiodic_exponent,-0.3994792365598877,0.31797955661907373,1
B71,1,alpha_peak_hz,0.1704681493478096,0.31797955661907373,1
B71,1,slow_eye_logpower,0.4532619666589492,0.31797955661907373,1
B71,1,blink_amplitude,0.2492357683503045,0.31797955661907373,1
B71,1,blink_event_count,-0.31912062618765746,0.31797955661907373,1
B71,1,emg_rms_20_45hz,-0.13265727968967153,0.31797955661907373,1
B75,1,posterior_alpha_logpower,0.17150838868747575,0.32364110569950966,1
B75,1,frontal_midline_theta_logpower,0.25372475992934557,0.32364110569950966,1
B75,1,aperiodic_offset,0.4548924974639543,0.32364110569950966,1
B75,1,aperiodic_exponent,-0.3253285303848424,0.32364110569950966,1
B75,1,alpha_peak_hz,-0.07054575706493615,0.32364110569950966,1
B75,1,slow_eye_logpower,0.4889317784381512,0.32364110569950966,1
B75,1,blink_amplitude,0.463669782346905,0.32364110569950966,1
B75,1,blink_event_count,-0.3655187876495455,0.32364110569950966,1
B75,1,emg_rms_20_45hz,-0.028603197099084057,0.32364110569950966,1
B79,1,posterior_alpha_logpower,0.09589093835891342,0.39694312689952643,1
B79,1,frontal_midline_theta_logpower,0.31800393242880276,0.39694312689952643,1
B79,1,aperiodic_offset,0.4390182266629348,0.39694312689952643,1
B79,1,aperiodic_exponent,-0.45316405060250187,0.39694312689952643,1
B79,1,alpha_peak_hz,0.018170993566708038,0.39694312689952643,1
B79,1,slow_eye_logpower,0.4587461789782483,0.39694312689952643,1
B79,1,blink_amplitude,0.41216376695202894,0.39694312689952643,1
B79,1,blink_event_count,-0.27723400053675495,0.39694312689952643,1
B79,1,emg_rms_20_45hz,0.1845748174147468,0.39694312689952643,1
C83,1,posterior_alpha_logpower,0.4114444810517378,0.6470558091731746,1
C83,1,frontal_midline_theta_logpower,0.4114867340112518,0.6470558091731746,1
C83,1,aperiodic_offset,0.4113446128886587,0.6470558091731746,1
C83,1,aperiodic_exponent,0.12641709421734637,0.6470558091731746,1
C83,1,alpha_peak_hz,0.09952502309048346,0.6470558091731746,1
C83,1,slow_eye_logpower,0.4109274657567201,0.6470558091731746,1
C83,1,blink_amplitude,0.2320064631828832,0.6470558091731746,1
C83,1,blink_event_count,0.27258679191958773,0.6470558091731746,1
C83,1,emg_rms_20_45hz,0.4114720695987716,0.6470558091731746,1
C87,1,posterior_alpha_logpower,0.0025024846730749627,0.4352337167834466,1
C87,1,frontal_midline_theta_logpower,0.37580973668079815,0.4352337167834466,1
C87,1,aperiodic_offset,0.4515666137979401,0.4352337167834466,1
C87,1,aperiodic_exponent,-0.39899300845804153,0.4352337167834466,1
C87,1,alpha_peak_hz,-0.16257223827824346,0.4352337167834466,1
C87,1,slow_eye_logpower,0.4604264244571913,0.4352337167834466,1
C87,1,blink_amplitude,0.4084931489090078,0.4352337167834466,1
C87,1,blink_event_count,-0.29819576825875316,0.4352337167834466,1
C87,1,emg_rms_20_45hz,0.03799155143946381,0.4352337167834466,1
A4,1,posterior_alpha_logpower,0.43146415549591666,0.5794493617234778,1
A4,1,frontal_midline_theta_logpower,0.431392016201784,0.5794493617234778,1
A4,1,aperiodic_offset,0.43077425597707986,0.5794493617234778,1
A4,1,aperiodic_exponent,0.01427091205210168,0.5794493617234778,1
A4,1,alpha_peak_hz,0.04580675088495938,0.5794493617234778,1
A4,1,slow_eye_logpower,0.43061265180262465,0.5794493617234778,1
A4,1,blink_amplitude,0.3366547052601706,0.5794493617234778,1
A4,1,blink_event_count,0.017692475809704566,0.5794493617234778,1
A4,1,emg_rms_20_45hz,0.3752260168790732,0.5794493617234778,1
A8,1,posterior_alpha_logpower,0.4111934575907863,0.6379854454642389,1
A8,1,frontal_midline_theta_logpower,0.4134061402567496,0.6379854454642389,1
A8,1,aperiodic_offset,0.41434989626168933,0.6379854454642389,1
A8,1,aperiodic_exponent,-0.08490636855410852,0.6379854454642389,1
A8,1,alpha_peak_hz,-0.0635012492543513,0.6379854454642389,1
A8,1,slow_eye_logpower,0.4113206275072972,0.6379854454642389,1
A8,1,blink_amplitude,0.37111062941079503,0.6379854454642389,1
A8,1,blink_event_count,-0.046859936700271304,0.6379854454642389,1
A8,1,emg_rms_20_45hz,0.4098589458342252,0.6379854454642389,1
A12,1,posterior_alpha_logpower,0.4151573931713097,0.6333767293212582,1
A12,1,frontal_midline_theta_logpower,0.41664534791027297,0.6333767293212582,1
A12,1,aperiodic_offset,0.4168763900521302,0.6333767293212582,1
A12,1,aperiodic_exponent,-0.012602326589099419,0.6333767293212582,1
A12,1,alpha_peak_hz,0.024516395789217153,0.6333767293212582,1
A12,1,slow_eye_logpower,0.4116270894564474,0.6333767293212582,1
A12,1,blink_amplitude,0.36420736641316953,0.6333767293212582,1
A12,1,blink_event_count,0.07701183404868735,0.6333767293212582,1
A12,1,emg_rms_20_45hz,0.41411412312494034,0.6333767293212582,1
A16,1,posterior_alpha_logpower,0.4162478763321729,0.630338156503554,1
A16,1,frontal_midline_theta_logpower,0.41755610350337435,0.630338156503554,1
A16,1,aperiodic_offset,0.4173876524211857,0.630338156503554,1
A16,1,aperiodic_exponent,0.04447094262983162,0.630338156503554,1
A16,1,alpha_peak_hz,-0.010904790359714683,0.630338156503554,1
A16,1,slow_eye_logpower,0.41529956444096117,0.630338156503554,1
A16,1,blink_amplitude,0.3599699898435246,0.630338156503554,1
A16,1,blink_event_count,0.02921015446119198,0.630338156503554,1
A16,1,emg_rms_20_45hz,0.4161372602336204,0.630338156503554,1
A20,1,posterior_alpha_logpower,0.4129853237277859,0.6346509981966524,1
A20,1,frontal_midline_theta_logpower,0.4156612188969362,0.6346509981966524,1
A20,1,aperiodic_offset,0.41510314339961685,0.6346509981966524,1
A20,1,aperiodic_exponent,-0.0239322453098535,0.6346509981966524,1
A20,1,alpha_peak_hz,0.032711003293918905,0.6346509981966524,1
A20,1,slow_eye_logpower,0.4136617207297239,0.6346509981966524,1
A20,1,blink_amplitude,0.37393615576196526,0.6346509981966524,1
A20,1,blink_event_count,0.005014888236599041,0.6346509981966524,1
A20,1,emg_rms_20_45hz,0.41442258003289545,0.6346509981966524,1
A24,1,posterior_alpha_logpower,0.4133372994231052,0.6401908255791783,1
A24,1,frontal_midline_theta_logpower,0.4134220654642192,0.6401908255791783,1
A24,1,aperiodic_offset,0.4125108657006502,0.6401908255791783,1
A24,1,aperiodic_exponent,0.07923004243849636,0.6401908255791783,1
A24,1,alpha_peak_hz,0.0029421897524951053,0.6401908255791783,1
A24,1,slow_eye_logpower,0.41253848891450556,0.6401908255791783,1
A24,1,blink_amplitude,0.37416982762168016,0.6401908255791783,1
A24,1,blink_event_count,-0.02081154599952701,0.6401908255791783,1
A24,1,emg_rms_20_45hz,0.41371368974361417,0.6401908255791783,1
A28,1,posterior_alpha_logpower,0.40783909434420273,0.6610562000453343,1
A28,1,frontal_midline_theta_logpower,0.40838469469722893,0.6610562000453343,1
A28,1,aperiodic_offset,0.405493166603001,0.6610562000453343,1
A28,1,aperiodic_exponent,0.08962352379577357,0.6610562000453343,1
A28,1,alpha_peak_hz,0.03791001849764464,0.6610562000453343,1
A28,1,slow_eye_logpower,0.40818115365408575,0.6610562000453343,1
A28,1,blink_amplitude,0.39810561954880475,0.6610562000453343,1
A28,1,blink_event_count,-0.03606362919315894,0.6610562000453343,1
A28,1,emg_rms_20_45hz,0.4081598176137128,0.6610562000453343,1
A32,1,posterior_alpha_logpower,0.4125716817657726,0.6213777403849255,1
A32,1,frontal_midline_theta_logpower,0.41865145799322345,0.6213777403849255,1
A32,1,aperiodic_offset,0.41998490177070247,0.6213777403849255,1
A32,1,aperiodic_exponent,-0.07093946293195191,0.6213777403849255,1
A32,1,alpha_peak_hz,-0.0018705067765236241,0.6213777403849255,1
A32,1,slow_eye_logpower,0.4179989337190381,0.6213777403849255,1
A32,1,blink_amplitude,0.35514177169080274,0.6213777403849255,1
A32,1,blink_event_count,-0.03865890954145343,0.6213777403849255,1
A32,1,emg_rms_20_45hz,0.4132179114416738,0.6213777403849255,1
A36,1,posterior_alpha_logpower,0.41280133163283217,0.6316011616150813,1
A36,1,frontal_midline_theta_logpower,0.4151714253091662,0.6316011616150813,1
A36,1,aperiodic_offset,0.417191558646135,0.6316011616150813,1
A36,1,aperiodic_exponent,-0.06836628662484673,0.6316011616150813,1
A36,1,alpha_peak_hz,0.009310270404727065,0.6316011616150813,1
A36,1,slow_eye_logpower,0.4150714252461831,0.6316011616150813,1
A36,1,blink_amplitude,0.3676519627706196,0.6316011616150813,1
A36,1,blink_event_count,-0.001630668683636427,0.6316011616150813,1
A36,1,emg_rms_20_45hz,0.41347721636881246,0.6316011616150813,1
A40,1,posterior_alpha_logpower,0.4052255805160088,0.667892717619048,1
A40,1,frontal_midline_theta_logpower,0.40656659992628363,0.667892717619048,1
A40,1,aperiodic_offset,0.4070575226153528,0.667892717619048,1
A40,1,aperiodic_exponent,-0.11711783058676141,0.667892717619048,1
A40,1,alpha_peak_hz,0.038593374338054806,0.667892717619048,1
A40,1,slow_eye_logpower,0.40562259943877704,0.667892717619048,1
A40,1,blink_amplitude,0.40109420990057976,0.667892717619048,1
A40,1,blink_event_count,-0.021326535990330235,0.667892717619048,1
A40,1,emg_rms_20_45hz,0.4046392068118968,0.667892717619048,1
A44,1,posterior_alpha_logpower,0.4062173601028099,0.6666352856248117,1
A44,1,frontal_midline_theta_logpower,0.406430387801639,0.6666352856248117,1
A44,1,aperiodic_offset,0.40656466762974264,0.6666352856248117,1
A44,1,aperiodic_exponent,-0.10971333673389769,0.6666352856248117,1
A44,1,alpha_peak_hz,0.07285583076086316,0.6666352856248117,1
A44,1,slow_eye_logpower,0.4065268687362436,0.6666352856248117,1
A44,1,blink_amplitude,0.3397959795886231,0.6666352856248117,1
A44,1,blink_event_count,0.20464828191226997,0.6666352856248117,1
A44,1,emg_rms_20_45hz,0.40565460293919736,0.6666352856248117,1
A48,1,posterior_alpha_logpower,0.402247063355154,0.682635981790868,1
A48,1,frontal_midline_theta_logpower,0.40224327588042486,0.682635981790868,1
A48,1,aperiodic_offset,0.4023477658290823,0.682635981790868,1
A48,1,aperiodic_exponent,-0.0346617345464148,0.682635981790868,1
A48,1,alpha_peak_hz,0.007079865222795133,0.682635981790868,1
A48,1,slow_eye_logpower,0.4022590501363939,0.682635981790868,1
A48,1,blink_amplitude,0.3749117046395211,0.682635981790868,1
A48,1,blink_event_count,0.2231644569415078,0.682635981790868,1
A48,1,emg_rms_20_45hz,0.40135876407000626,0.682635981790868,1
A52,1,posterior_alpha_logpower,0.39396331437111387,0.7081938347220069,1
A52,1,frontal_midline_theta_logpower,0.39409915322219213,0.7081938347220069,1
A52,1,aperiodic_offset,0.394307181471911,0.7081938347220069,1
A52,1,aperiodic_exponent,-0.19290795704191405,0.7081938347220069,1
A52,1,alpha_peak_hz,0.02780312959846679,0.7081938347220069,1
A52,1,slow_eye_logpower,0.3942282389694951,0.7081938347220069,1
A52,1,blink_amplitude,0.33867316814163567,0.7081938347220069,1
A52,1,blink_event_count,0.26676476603220745,0.7081938347220069,1
A52,1,emg_rms_20_45hz,0.3933640266688109,0.7081938347220069,1
A56,1,posterior_alpha_logpower,0.39310742138243393,0.7123463734955361,1
A56,1,frontal_midline_theta_logpower,0.3934109387685535,0.7123463734955361,1
A56,1,aperiodic_offset,0.39352682666384253,0.7123463734955361,1
A56,1,aperiodic_exponent,-0.16796400955207996,0.7123463734955361,1
A56,1,alpha_peak_hz,-0.055619164174661534,0.7123463734955361,1
A56,1,slow_eye_logpower,0.3932254738914091,0.7123463734955361,1
A56,1,blink_amplitude,0.3496193610934825,0.7123463734955361,1
A56,1,blink_event_count,0.2714669059177792,0.7123463734955361,1
A56,1,emg_rms_20_45hz,0.39239186192093256,0.7123463734955361,1
A60,1,posterior_alpha_logpower,0.3870905748582093,0.7368044369651561,1
A60,1,frontal_midline_theta_logpower,0.3869751630167878,0.7368044369651561,1
A60,1,aperiodic_offset,0.3868634728039845,0.7368044369651561,1
A60,1,aperiodic_exponent,0.15909724293773891,0.7368044369651561,1
A60,1,alpha_peak_hz,-0.004209619982336739,0.7368044369651561,1
A60,1,slow_eye_logpower,0.3868319081060168,0.7368044369651561,1
A60,1,blink_amplitude,0.34961701406498585,0.7368044369651561,1
A60,1,blink_event_count,0.32252694517507524,0.7368044369651561,1
A60,1,emg_rms_20_45hz,0.3866826836654331,0.7368044369651561,1
B64,1,posterior_alpha_logpower,0.09611429737248252,0.28747742105713836,1
B64,1,frontal_midline_theta_logpower,0.20088827079434807,0.28747742105713836,1
B64,1,aperiodic_offset,0.4398785201332618,0.28747742105713836,1
B64,1,aperiodic_exponent,-0.3439535032765123,0.28747742105713836,1
B64,1,alpha_peak_hz,0.031840722407852434,0.28747742105713836,1
B64,1,slow_eye_logpower,0.5005376813260175,0.28747742105713836,1
B64,1,blink_amplitude,0.44493044339498566,0.28747742105713836,1
B64,1,blink_event_count,-0.43475685910898276,0.28747742105713836,1
B64,1,emg_rms_20_45hz,0.008966134863552674,0.28747742105713836,1
B68,1,posterior_alpha_logpower,0.07910133978593947,0.25341398018947225,1
B68,1,frontal_midline_theta_logpower,0.2797370132538892,0.25341398018947225,1
B68,1,aperiodic_offset,0.5612442486979037,0.25341398018947225,1
B68,1,aperiodic_exponent,-0.4839875432581074,0.25341398018947225,1
B68,1,alpha_peak_hz,0.01273962236216522,0.25341398018947225,1
B68,1,slow_eye_logpower,0.4269442420797042,0.25341398018947225,1
B68,1,blink_amplitude,0.38106481136281767,0.25341398018947225,1
B68,1,blink_event_count,-0.12581756072337674,0.25341398018947225,1
B68,1,emg_rms_20_45hz,0.150887374773589,0.25341398018947225,1
B72,1,posterior_alpha_logpower,0.16803963953028617,0.38092170146514387,1
B72,1,frontal_midline_theta_logpower,0.2079269471427877,0.38092170146514387,1
B72,1,aperiodic_offset,0.45013567697976714,0.38092170146514387,1
B72,1,aperiodic_exponent,-0.43239841004481905,0.38092170146514387,1
B72,1,alpha_peak_hz,-0.02360567383798562,0.38092170146514387,1
B72,1,slow_eye_logpower,0.46781149319561033,0.38092170146514387,1
B72,1,blink_amplitude,0.43818730493521485,0.38092170146514387,1
B72,1,blink_event_count,-0.3545229595607451,0.38092170146514387,1
B72,1,emg_rms_20_45hz,0.04288458270454723,0.38092170146514387,1
B76,1,posterior_alpha_logpower,0.01031608789717323,0.34177766694910894,1
B76,1,frontal_midline_theta_logpower,0.25519327079944226,0.34177766694910894,1
B76,1,aperiodic_offset,0.4808174799830088,0.34177766694910894,1
B76,1,aperiodic_exponent,-0.45161288951932554,0.34177766694910894,1
B76,1,alpha_peak_hz,-0.14474678058756868,0.34177766694910894,1
B76,1,slow_eye_logpower,0.4428273066287368,0.34177766694910894,1
B76,1,blink_amplitude,0.39823956193495935,0.34177766694910894,1
B76,1,blink_event_count,-0.3494877046228051,0.34177766694910894,1
B76,1,emg_rms_20_45hz,-0.042968168133885584,0.34177766694910894,1
B80,1,posterior_alpha_logpower,0.019545446717390863,0.43158991659103446,1
B80,1,frontal_midline_theta_logpower,-0.40081025552558347,0.43158991659103446,1
B80,1,aperiodic_offset,-0.4662516124343983,0.43158991659103446,1
B80,1,aperiodic_exponent,0.4601937481330064,0.43158991659103446,1
B80,1,alpha_peak_hz,0.09414885980218819,0.43158991659103446,1
B80,1,slow_eye_logpower,-0.46209883388780554,0.43158991659103446,1
B80,1,blink_amplitude,-0.2681602562983315,0.43158991659103446,1
B80,1,blink_event_count,0.3304705539289136,0.43158991659103446,1
B80,1,emg_rms_20_45hz,0.07924779179990395,0.43158991659103446,1
C84,1,posterior_alpha_logpower,0.20553439186002867,0.3742109454104122,1
C84,1,frontal_midline_theta_logpower,0.18267969159873132,0.3742109454104122,1
C84,1,aperiodic_offset,0.48684305577838294,0.3742109454104122,1
C84,1,aperiodic_exponent,-0.4635522730883084,0.3742109454104122,1
C84,1,alpha_peak_hz,-0.19886561173361844,0.3742109454104122,1
C84,1,slow_eye_logpower,0.4685299086472151,0.3742109454104122,1
C84,1,blink_amplitude,0.3032409624306077,0.3742109454104122,1
C84,1,blink_event_count,-0.33091830397224753,0.3742109454104122,1
C84,1,emg_rms_20_45hz,0.10934834780775596,0.3742109454104122,1
A1,1,posterior_alpha_logpower,0.032115340040954704,0.23661478147941484,2
A1,1,frontal_midline_theta_logpower,0.23318663096130987,0.23661478147941484,2
A1,1,aperiodic_offset,0.3152104126171381,0.23661478147941484,2
A1,1,aperiodic_exponent,-0.12775049582630427,0.23661478147941484,2
A1,1,alpha_peak_hz,-0.002597739938271726,0.23661478147941484,2
A1,1,slow_eye_logpower,0.6112703532218685,0.23661478147941484,2
A1,1,blink_amplitude,0.5675492528417143,0.23661478147941484,2
A1,1,blink_event_count,-0.36453124277272275,0.23661478147941484,2
A1,1,emg_rms_20_45hz,0.016168869145527915,0.23661478147941484,2
A1,2,posterior_alpha_logpower,0.28139085219623383,0.21082415461838855,2
A1,2,frontal_midline_theta_logpower,0.22820391545772445,0.21082415461838855,2
A1,2,aperiodic_offset,0.5808031675261646,0.21082415461838855,2
A1,2,aperiodic_exponent,-0.551547645513957,0.21082415461838855,2
A1,2,alpha_peak_hz,-0.24211129205132148,0.21082415461838855,2
A1,2,slow_eye_logpower,-0.09985319138174117,0.21082415461838855,2
A1,2,blink_amplitude,-0.2556600409360696,0.21082415461838855,2
A1,2,blink_event_count,0.29998915321833874,0.21082415461838855,2
A1,2,emg_rms_20_45hz,-0.0571047322177228,0.21082415461838855,2
A5,1,posterior_alpha_logpower,0.4095676609388576,0.6397460073980412,2
A5,1,frontal_midline_theta_logpower,0.4124862565480715,0.6397460073980412,2
A5,1,aperiodic_offset,0.4141745294175615,0.6397460073980412,2
A5,1,aperiodic_exponent,-0.0787639832775699,0.6397460073980412,2
A5,1,alpha_peak_hz,0.0026635682270093565,0.6397460073980412,2
A5,1,slow_eye_logpower,0.4123048568938941,0.6397460073980412,2
A5,1,blink_amplitude,0.3788401043910153,0.6397460073980412,2
A5,1,blink_event_count,-0.05182650978108373,0.6397460073980412,2
A5,1,emg_rms_20_45hz,0.41006939896430267,0.6397460073980412,2
A5,2,posterior_alpha_logpower,0.11967889594313467,0.15730639864070703,2
A5,2,frontal_midline_theta_logpower,0.09549855541477395,0.15730639864070703,2
A5,2,aperiodic_offset,0.03400022608957592,0.15730639864070703,2
A5,2,aperiodic_exponent,0.6362153048310453,0.15730639864070703,2
A5,2,alpha_peak_hz,-0.1627452060170835,0.15730639864070703,2
A5,2,slow_eye_logpower,-0.05664769218225242,0.15730639864070703,2
A5,2,blink_amplitude,-0.11804094690487024,0.15730639864070703,2
A5,2,blink_event_count,0.7142861025234454,0.15730639864070703,2
A5,2,emg_rms_20_45hz,0.12960630304375864,0.15730639864070703,2
A9,1,posterior_alpha_logpower,0.4058669567579917,0.6612468524773856,2
A9,1,frontal_midline_theta_logpower,0.40674413903465356,0.6612468524773856,2
A9,1,aperiodic_offset,0.40839711516493316,0.6612468524773856,2
A9,1,aperiodic_exponent,-0.13204768655503885,0.6612468524773856,2
A9,1,alpha_peak_hz,-0.009024393729643643,0.6612468524773856,2
A9,1,slow_eye_logpower,0.40544133932413473,0.6612468524773856,2
A9,1,blink_amplitude,0.395748537170423,0.6612468524773856,2
A9,1,blink_event_count,0.029783321739408473,0.6612468524773856,2
A9,1,emg_rms_20_45hz,0.40452237679995906,0.6612468524773856,2
A9,2,posterior_alpha_logpower,0.0818544446010106,0.13324858445323884,2
A9,2,frontal_midline_theta_logpower,0.06253120216429334,0.13324858445323884,2
A9,2,aperiodic_offset,0.007435554913499204,0.13324858445323884,2
A9,2,aperiodic_exponent,0.5998221912472785,0.13324858445323884,2
A9,2,alpha_peak_hz,0.3662466910403619,0.13324858445323884,2
A9,2,slow_eye_logpower,-0.034396580593698864,0.13324858445323884,2
A9,2,blink_amplitude,-0.047786840802017366,0.13324858445323884,2
A9,2,blink_event_count,0.6966485397613023,0.13324858445323884,2
A9,2,emg_rms_20_45hz,0.08139543295201292,0.13324858445323884,2
A13,1,posterior_alpha_logpower,0.4035045179517221,0.6741810552542837,2
A13,1,frontal_midline_theta_logpower,0.4017102116817065,0.6741810552542837,2
A13,1,aperiodic_offset,0.4044483071699659,0.6741810552542837,2
A13,1,aperiodic_exponent,-0.080139614366131,0.6741810552542837,2
A13,1,alpha_peak_hz,0.10112422065508488,0.6741810552542837,2
A13,1,slow_eye_logpower,0.40394640042099195,0.6741810552542837,2
A13,1,blink_amplitude,0.40101322125775546,0.6741810552542837,2
A13,1,blink_event_count,-0.10114896638709335,0.6741810552542837,2
A13,1,emg_rms_20_45hz,0.4017097203440689,0.6741810552542837,2
A13,2,posterior_alpha_logpower,0.04681046701177935,0.13606402461681535,2
A13,2,frontal_midline_theta_logpower,0.10097379913401802,0.13606402461681535,2
A13,2,aperiodic_offset,-0.002202617688414517,0.13606402461681535,2
A13,2,aperiodic_exponent,0.7252970501281801,0.13606402461681535,2
A13,2,alpha_peak_hz,-0.34349890030826413,0.13606402461681535,2
A13,2,slow_eye_logpower,0.026948451989455727,0.13606402461681535,2
A13,2,blink_amplitude,0.09042354502086133,0.13606402461681535,2
A13,2,blink_event_count,0.5677512496188278,0.13606402461681535,2
A13,2,emg_rms_20_45hz,0.11098106641119637,0.13606402461681535,2
A17,1,posterior_alpha_logpower,0.4807634133492804,0.35039921213501063,2
A17,1,frontal_midline_theta_logpower,0.45479791565211436,0.35039921213501063,2
A17,1,aperiodic_offset,0.5364438449527551,0.35039921213501063,2
A17,1,aperiodic_exponent,-0.44059534839848286,0.35039921213501063,2
A17,1,alpha_peak_hz,-0.153961023681183,0.35039921213501063,2
A17,1,slow_eye_logpower,0.14062211358203575,0.35039921213501063,2
A17,1,blink_amplitude,0.16700121172309343,0.35039921213501063,2
A17,1,blink_event_count,-0.0036370822830712884,0.35039921213501063,2
A17,1,emg_rms_20_45hz,0.09353035742160419,0.35039921213501063,2
A17,2,posterior_alpha_logpower,0.06843191506116011,0.18275172920824867,2
A17,2,frontal_midline_theta_logpower,0.04245214913183945,0.18275172920824867,2
A17,2,aperiodic_offset,0.044048469088992064,0.18275172920824867,2
A17,2,aperiodic_exponent,-0.18374855739757437,0.18275172920824867,2
A17,2,alpha_peak_hz,0.20192997326359924,0.18275172920824867,2
A17,2,slow_eye_logpower,-0.6397228379860679,0.18275172920824867,2
A17,2,blink_amplitude,-0.4982621498213986,0.18275172920824867,2
A17,2,blink_event_count,0.029119351654289753,0.18275172920824867,2
A17,2,emg_rms_20_45hz,0.5086029472307262,0.18275172920824867,2
A21,1,posterior_alpha_logpower,0.41855902841472115,0.6069636148254124,2
A21,1,frontal_midline_theta_logpower,0.42454184689330066,0.6069636148254124,2
A21,1,aperiodic_offset,0.42094648158299997,0.6069636148254124,2
A21,1,aperiodic_exponent,0.003179803256886715,0.6069636148254124,2
A21,1,alpha_peak_hz,0.0009992685228601404,0.6069636148254124,2
A21,1,slow_eye_logpower,0.41898346762638583,0.6069636148254124,2
A21,1,blink_amplitude,0.338010679294444,0.6069636148254124,2
A21,1,blink_event_count,0.04725803679005403,0.6069636148254124,2
A21,1,emg_rms_20_45hz,0.4187288172826623,0.6069636148254124,2
A21,2,posterior_alpha_logpower,0.13074309241811252,0.1741437115350778,2
A21,2,frontal_midline_theta_logpower,0.01125220478867782,0.1741437115350778,2
A21,2,aperiodic_offset,-0.08189584376281958,0.1741437115350778,2
A21,2,aperiodic_exponent,0.6847768215050605,0.1741437115350778,2
A21,2,alpha_peak_hz,0.08057633846348222,0.1741437115350778,2
A21,2,slow_eye_logpower,-0.1078032281081444,0.1741437115350778,2
A21,2,blink_amplitude,-0.20300859499999144,0.1741437115350778,2
A21,2,blink_event_count,0.6559395628092314,0.1741437115350778,2
A21,2,emg_rms_20_45hz,0.1325523487652721,0.1741437115350778,2
A25,1,posterior_alpha_logpower,0.4086328532314744,0.6550223241502702,2
A25,1,frontal_midline_theta_logpower,0.40966924115435654,0.6550223241502702,2
A25,1,aperiodic_offset,0.40984675723059927,0.6550223241502702,2
A25,1,aperiodic_exponent,-0.0511004717211817,0.6550223241502702,2
A25,1,alpha_peak_hz,0.09917013435120649,0.6550223241502702,2
A25,1,slow_eye_logpower,0.40843609915218965,0.6550223241502702,2
A25,1,blink_amplitude,0.3885495323499464,0.6550223241502702,2
A25,1,blink_event_count,0.01514684900385247,0.6550223241502702,2
A25,1,emg_rms_20_45hz,0.4083500370115714,0.6550223241502702,2
A25,2,posterior_alpha_logpower,0.028869626428230866,0.12881755568325498,2
A25,2,frontal_midline_theta_logpower,0.025258983767372747,0.12881755568325498,2
A25,2,aperiodic_offset,-0.028764837243498053,0.12881755568325498,2
A25,2,aperiodic_exponent,0.6685782243122966,0.12881755568325498,2
A25,2,alpha_peak_hz,0.29843255585502926,0.12881755568325498,2
A25,2,slow_eye_logpower,-0.025405911942395575,0.12881755568325498,2
A25,2,blink_amplitude,-0.05479817022700696,0.12881755568325498,2
A25,2,blink_event_count,0.6756668015635322,0.12881755568325498,2
A25,2,emg_rms_20_45hz,0.038319101915277945,0.12881755568325498,2
A29,1,posterior_alpha_logpower,0.4215630123197851,0.6005645020886398,2
A29,1,frontal_midline_theta_logpower,0.42547085466626755,0.6005645020886398,2
A29,1,aperiodic_offset,0.4267044252863361,0.6005645020886398,2
A29,1,aperiodic_exponent,-0.14456566431304155,0.6005645020886398,2
A29,1,alpha_peak_hz,-0.03722292233747905,0.6005645020886398,2
A29,1,slow_eye_logpower,0.4247152264701049,0.6005645020886398,2
A29,1,blink_amplitude,0.2803042761984365,0.6005645020886398,2
A29,1,blink_event_count,-0.022793900323838642,0.6005645020886398,2
A29,1,emg_rms_20_45hz,0.42121806932539463,0.6005645020886398,2
A29,2,posterior_alpha_logpower,0.10230462206997118,0.1306848851658582,2
A29,2,frontal_midline_theta_logpower,0.07138890405128684,0.1306848851658582,2
A29,2,aperiodic_offset,-0.004356215534108605,0.1306848851658582,2
A29,2,aperiodic_exponent,0.6193472781897816,0.1306848851658582,2
A29,2,alpha_peak_hz,0.44171839161961224,0.1306848851658582,2
A29,2,slow_eye_logpower,-0.005470332922474317,0.1306848851658582,2
A29,2,blink_amplitude,0.04844240876880306,0.1306848851658582,2
A29,2,blink_event_count,0.6288450004965866,0.1306848851658582,2
A29,2,emg_rms_20_45hz,0.08882340576914545,0.1306848851658582,2
A33,1,posterior_alpha_logpower,0.4055845522830484,0.6681703580908235,2
A33,1,frontal_midline_theta_logpower,0.40620016607623655,0.6681703580908235,2
A33,1,aperiodic_offset,0.4049267934955085,0.6681703580908235,2
A33,1,aperiodic_exponent,0.11491456481823466,0.6681703580908235,2
A33,1,alpha_peak_hz,-0.0009639869861735304,0.6681703580908235,2
A33,1,slow_eye_logpower,0.40240719944794384,0.6681703580908235,2
A33,1,blink_amplitude,0.3809537446834977,0.6681703580908235,2
A33,1,blink_event_count,0.1451079616151941,0.6681703580908235,2
A33,1,emg_rms_20_45hz,0.4064689055513793,0.6681703580908235,2
A33,2,posterior_alpha_logpower,0.014246218920922912,0.1251732844290664,2
A33,2,frontal_midline_theta_logpower,0.017750115606863032,0.1251732844290664,2
A33,2,aperiodic_offset,0.05565331670265187,0.1251732844290664,2
A33,2,aperiodic_exponent,-0.4611863221966958,0.1251732844290664,2
A33,2,alpha_peak_hz,0.6998923801881992,0.1251732844290664,2
A33,2,slow_eye_logpower,0.08057018416674583,0.1251732844290664,2
A33,2,blink_amplitude,0.14456571539942112,0.1251732844290664,2
A33,2,blink_event_count,-0.5160102696183846,0.1251732844290664,2
A33,2,emg_rms_20_45hz,0.013605894249549194,0.1251732844290664,2
A37,1,posterior_alpha_logpower,0.4193458862326029,0.624468371139752,2
A37,1,frontal_midline_theta_logpower,0.41934482213461255,0.624468371139752,2
A37,1,aperiodic_offset,0.41828503679358553,0.624468371139752,2
A37,1,aperiodic_exponent,-0.0022445649594770396,0.624468371139752,2
A37,1,alpha_peak_hz,-0.0110151656792844,0.624468371139752,2
A37,1,slow_eye_logpower,0.4194330983603948,0.624468371139752,2
A37,1,blink_amplitude,0.4088096484439748,0.624468371139752,2
A37,1,blink_event_count,0.03575119685166205,0.624468371139752,2
A37,1,emg_rms_20_45hz,0.3590022328051169,0.624468371139752,2
A37,2,posterior_alpha_logpower,0.0005634404984592993,0.12457542492759056,2
A37,2,frontal_midline_theta_logpower,-0.020927280129295952,0.12457542492759056,2
A37,2,aperiodic_offset,-0.04630664603008765,0.12457542492759056,2
A37,2,aperiodic_exponent,0.5483989830203411,0.12457542492759056,2
A37,2,alpha_peak_hz,0.6192300197244387,0.12457542492759056,2
A37,2,slow_eye_logpower,0.01626671960629437,0.12457542492759056,2
A37,2,blink_amplitude,0.015382045541534096,0.12457542492759056,2
A37,2,blink_event_count,-0.5466128838594304,0.12457542492759056,2
A37,2,emg_rms_20_45hz,0.1180817759692406,0.12457542492759056,2
A41,1,posterior_alpha_logpower,0.4561791360626048,0.38849748244345556,2
A41,1,frontal_midline_theta_logpower,0.4512973135381826,0.38849748244345556,2
A41,1,aperiodic_offset,0.4306777826411748,0.38849748244345556,2
A41,1,aperiodic_exponent,-0.269465851069432,0.38849748244345556,2
A41,1,alpha_peak_hz,-0.10584443597366963,0.38849748244345556,2
A41,1,slow_eye_logpower,0.30601512935396313,0.38849748244345556,2
A41,1,blink_amplitude,0.4411580694457727,0.38849748244345556,2
A41,1,blink_event_count,-0.172378467885914,0.38849748244345556,2
A41,1,emg_rms_20_45hz,-0.030871521070057265,0.38849748244345556,2
A41,2,posterior_alpha_logpower,0.23626888936003623,0.16178930306416123,2
A41,2,frontal_midline_theta_logpower,0.3109514006136087,0.16178930306416123,2
A41,2,aperiodic_offset,-0.1628494741206057,0.16178930306416123,2
A41,2,aperiodic_exponent,0.4706462294837349,0.16178930306416123,2
A41,2,alpha_peak_hz,0.19510054191335585,0.16178930306416123,2
A41,2,slow_eye_logpower,-0.33336225039958617,0.16178930306416123,2
A41,2,blink_amplitude,0.36881125239985085,0.16178930306416123,2
A41,2,blink_event_count,0.5491740201252927,0.16178930306416123,2
A41,2,emg_rms_20_45hz,-0.11247203254459755,0.16178930306416123,2
A45,1,posterior_alpha_logpower,0.3936627033681982,0.7109699138194772,2
A45,1,frontal_midline_theta_logpower,0.3938230180825172,0.7109699138194772,2
A45,1,aperiodic_offset,0.39394923765061995,0.7109699138194772,2
A45,1,aperiodic_exponent,-0.11079521984030721,0.7109699138194772,2
A45,1,alpha_peak_hz,-0.1124368698448936,0.7109699138194772,2
A45,1,slow_eye_logpower,0.39357535810563954,0.7109699138194772,2
A45,1,blink_amplitude,0.3825588398253392,0.7109699138194772,2
A45,1,blink_event_count,0.23235742409020316,0.7109699138194772,2
A45,1,emg_rms_20_45hz,0.3931624004828126,0.7109699138194772,2
A45,2,posterior_alpha_logpower,0.048655630015179356,0.11470459367713187,2
A45,2,frontal_midline_theta_logpower,0.038765702078405,0.11470459367713187,2
A45,2,aperiodic_offset,0.035826989908712234,0.11470459367713187,2
A45,2,aperiodic_exponent,0.7878443793257182,0.11470459367713187,2
A45,2,alpha_peak_hz,0.4933477745652303,0.11470459367713187,2
A45,2,slow_eye_logpower,0.03817868110403668,0.11470459367713187,2
A45,2,blink_amplitude,-0.05243423698090339,0.11470459367713187,2
A45,2,blink_event_count,0.35302696858465443,0.11470459367713187,2
A45,2,emg_rms_20_45hz,0.04382331176440599,0.11470459367713187,2
A49,1,posterior_alpha_logpower,0.40026369328413874,0.6875523080711161,2
A49,1,frontal_midline_theta_logpower,0.40040005294619607,0.6875523080711161,2
A49,1,aperiodic_offset,0.4000945609634932,0.6875523080711161,2
A49,1,aperiodic_exponent,0.1294329173046972,0.6875523080711161,2
A49,1,alpha_peak_hz,-0.04991508116105257,0.6875523080711161,2
A49,1,slow_eye_logpower,0.4000981805364684,0.6875523080711161,2
A49,1,blink_amplitude,0.3433381476182776,0.6875523080711161,2
A49,1,blink_event_count,0.25284903874991316,0.6875523080711161,2
A49,1,emg_rms_20_45hz,0.39781458776927425,0.6875523080711161,2
A49,2,posterior_alpha_logpower,0.048262503069041174,0.1185176862858024,2
A49,2,frontal_midline_theta_logpower,0.0526169035125524,0.1185176862858024,2
A49,2,aperiodic_offset,0.05734390204689971,0.1185176862858024,2
A49,2,aperiodic_exponent,-0.7958267270551576,0.1185176862858024,2
A49,2,alpha_peak_hz,0.09856079884042866,0.1185176862858024,2
A49,2,slow_eye_logpower,0.07041917424035465,0.1185176862858024,2
A49,2,blink_amplitude,0.3136578724094784,0.1185176862858024,2
A49,2,blink_event_count,-0.48851442194001826,0.1185176862858024,2
A49,2,emg_rms_20_45hz,0.08107402252500634,0.1185176862858024,2
A53,1,posterior_alpha_logpower,0.3952126746483546,0.7060048410822178,2
A53,1,frontal_midline_theta_logpower,0.39533073660693707,0.7060048410822178,2
A53,1,aperiodic_offset,0.39534325009530946,0.7060048410822178,2
A53,1,aperiodic_exponent,-0.02341544254221011,0.7060048410822178,2
A53,1,alpha_peak_hz,0.10203124378065001,0.7060048410822178,2
A53,1,slow_eye_logpower,0.3952414207578999,0.7060048410822178,2
A53,1,blink_amplitude,0.3558539472124825,0.7060048410822178,2
A53,1,blink_event_count,0.28536977259653434,0.7060048410822178,2
A53,1,emg_rms_20_45hz,0.3949454239475224,0.7060048410822178,2
A53,2,posterior_alpha_logpower,0.017332922560329648,0.12034594397556138,2
A53,2,frontal_midline_theta_logpower,0.01494360639159033,0.12034594397556138,2
A53,2,aperiodic_offset,0.022544841762910474,0.12034594397556138,2
A53,2,aperiodic_exponent,-0.7931834866779922,0.12034594397556138,2
A53,2,alpha_peak_hz,-0.6033475616709189,0.12034594397556138,2
A53,2,slow_eye_logpower,0.016761319585614068,0.12034594397556138,2
A53,2,blink_amplitude,0.05387211643520397,0.12034594397556138,2
A53,2,blink_event_count,-0.04616956669022932,0.12034594397556138,2
A53,2,emg_rms_20_45hz,0.02202019910658818,0.12034594397556138,2
A57,1,posterior_alpha_logpower,0.4039077230605783,0.6746676522751605,2
A57,1,frontal_midline_theta_logpower,0.4043000224093718,0.6746676522751605,2
A57,1,aperiodic_offset,0.40411037549266815,0.6746676522751605,2
A57,1,aperiodic_exponent,0.02996633334651771,0.6746676522751605,2
A57,1,alpha_peak_hz,0.0551635748741381,0.6746676522751605,2
A57,1,slow_eye_logpower,0.4043486419892802,0.6746676522751605,2
A57,1,blink_amplitude,0.331065435857779,0.6746676522751605,2
A57,1,blink_event_count,0.26501359617205084,0.6746676522751605,2
A57,1,emg_rms_20_45hz,0.4035089753271012,0.6746676522751605,2
A57,2,posterior_alpha_logpower,0.01919594210541799,0.12464320345213689,2
A57,2,frontal_midline_theta_logpower,0.012450763553362892,0.12464320345213689,2
A57,2,aperiodic_offset,0.004347395835956746,0.12464320345213689,2
A57,2,aperiodic_exponent,0.7300339715010166,0.12464320345213689,2
A57,2,alpha_peak_hz,-0.6806444403408821,0.12464320345213689,2
A57,2,slow_eye_logpower,0.008674900037797948,0.12464320345213689,2
A57,2,blink_amplitude,-0.046506427935913856,0.12464320345213689,2
A57,2,blink_event_count,0.028436963398671973,0.12464320345213689,2
A57,2,emg_rms_20_45hz,0.013578590251141089,0.12464320345213689,2
B61,1,posterior_alpha_logpower,0.08951416417606939,0.4103128435595705,2
B61,1,frontal_midline_theta_logpower,0.3483007801344213,0.4103128435595705,2
B61,1,aperiodic_offset,0.4451007930998833,0.4103128435595705,2
B61,1,aperiodic_exponent,-0.40066007691809724,0.4103128435595705,2
B61,1,alpha_peak_hz,-0.04556262909108044,0.4103128435595705,2
B61,1,slow_eye_logpower,0.46215498259848375,0.4103128435595705,2
B61,1,blink_amplitude,0.40332999770902916,0.4103128435595705,2
B61,1,blink_event_count,-0.36520158902525834,0.4103128435595705,2
B61,1,emg_rms_20_45hz,-0.017891308689342023,0.4103128435595705,2
B61,2,posterior_alpha_logpower,0.514304340379834,0.17734558405624687,2
B61,2,frontal_midline_theta_logpower,0.2618949988045003,0.17734558405624687,2
B61,2,aperiodic_offset,0.2505993999105126,0.17734558405624687,2
B61,2,aperiodic_exponent,-0.3040656229684583,0.17734558405624687,2
B61,2,alpha_peak_hz,-0.38345747327,0.17734558405624687,2
B61,2,slow_eye_logpower,-0.19637065681563642,0.17734558405624687,2
B61,2,blink_amplitude,-0.3563562000015617,0.17734558405624687,2
B61,2,blink_event_count,0.4122703548159493,0.17734558405624687,2
B61,2,emg_rms_20_45hz,0.1705533270168313,0.17734558405624687,2
B65,1,posterior_alpha_logpower,0.11861842321322565,0.35887702908580127,2
B65,1,frontal_midline_theta_logpower,0.3356086769427734,0.35887702908580127,2
B65,1,aperiodic_offset,0.4782043234071912,0.35887702908580127,2
B65,1,aperiodic_exponent,-0.3732579567851262,0.35887702908580127,2
B65,1,alpha_peak_hz,0.09288954328110516,0.35887702908580127,2
B65,1,slow_eye_logpower,0.48424954982584845,0.35887702908580127,2
B65,1,blink_amplitude,0.4277450823661666,0.35887702908580127,2
B65,1,blink_event_count,-0.2759758074913896,0.35887702908580127,2
B65,1,emg_rms_20_45hz,-0.055145379134789396,0.35887702908580127,2
B65,2,posterior_alpha_logpower,0.5717744627328094,0.14363925444503234,2
B65,2,frontal_midline_theta_logpower,-0.10967624290046385,0.14363925444503234,2
B65,2,aperiodic_offset,0.17200677848830145,0.14363925444503234,2
B65,2,aperiodic_exponent,-0.2517732936266875,0.14363925444503234,2
B65,2,alpha_peak_hz,0.46356296341009173,0.14363925444503234,2
B65,2,slow_eye_logpower,-0.21002801839116045,0.14363925444503234,2
B65,2,blink_amplitude,-0.14267945045055333,0.14363925444503234,2
B65,2,blink_event_count,0.3909593968546107,0.14363925444503234,2
B65,2,emg_rms_20_45hz,-0.3685917757569144,0.14363925444503234,2
B69,1,posterior_alpha_logpower,0.13615393252216043,0.490746261753354,2
B69,1,frontal_midline_theta_logpower,0.4269403642577069,0.490746261753354,2
B69,1,aperiodic_offset,0.43522771040109764,0.490746261753354,2
B69,1,aperiodic_exponent,-0.3922064246586565,0.490746261753354,2
B69,1,alpha_peak_hz,-0.10358628516415773,0.490746261753354,2
B69,1,slow_eye_logpower,0.4301927450598762,0.490746261753354,2
B69,1,blink_amplitude,0.4240759075752076,0.490746261753354,2
B69,1,blink_event_count,-0.28164128677442496,0.490746261753354,2
B69,1,emg_rms_20_45hz,0.031255182030954703,0.490746261753354,2
B69,2,posterior_alpha_logpower,0.3897648340433945,0.13735570240808612,2
B69,2,frontal_midline_theta_logpower,-0.08530652621083773,0.13735570240808612,2
B69,2,aperiodic_offset,-0.179428749307102,0.13735570240808612,2
B69,2,aperiodic_exponent,0.2905531474541429,0.13735570240808612,2
B69,2,alpha_peak_hz,0.45420957169353804,0.13735570240808612,2
B69,2,slow_eye_logpower,0.16572319073261035,0.13735570240808612,2
B69,2,blink_amplitude,0.10607931908108803,0.13735570240808612,2
B69,2,blink_event_count,-0.3081952559692441,0.13735570240808612,2
B69,2,emg_rms_20_45hz,0.6198247449499453,0.13735570240808612,2
B73,1,posterior_alpha_logpower,0.09649317947273574,0.26198237653528955,2
B73,1,frontal_midline_theta_logpower,-0.4266643210292159,0.26198237653528955,2
B73,1,aperiodic_offset,-0.5824135842511671,0.26198237653528955,2
B73,1,aperiodic_exponent,0.4733146198656563,0.26198237653528955,2
B73,1,alpha_peak_hz,0.20773694015848088,0.26198237653528955,2
B73,1,slow_eye_logpower,-0.20063999344753483,0.26198237653528955,2
B73,1,blink_amplitude,-0.2069479743015195,0.26198237653528955,2
B73,1,blink_event_count,-0.344296177234897,0.26198237653528955,2
B73,1,emg_rms_20_45hz,0.025217969267114823,0.26198237653528955,2
B73,2,posterior_alpha_logpower,0.44792729742987236,0.23119720288587436,2
B73,2,frontal_midline_theta_logpower,0.20036381812057447,0.23119720288587436,2
B73,2,aperiodic_offset,-0.1441785742892263,0.23119720288587436,2
B73,2,aperiodic_exponent,0.36055474761458106,0.23119720288587436,2
B73,2,alpha_peak_hz,0.19726642325128332,0.23119720288587436,2
B73,2,slow_eye_logpower,0.418248009347754,0.23119720288587436,2
B73,2,blink_amplitude,0.5323603943472726,0.23119720288587436,2
B73,2,blink_event_count,0.19206116594676548,0.23119720288587436,2
B73,2,emg_rms_20_45hz,0.27255782743061985,0.23119720288587436,2
B77,1,posterior_alpha_logpower,0.1281748582848077,0.47333950514096024,2
B77,1,frontal_midline_theta_logpower,0.4085305507154684,0.47333950514096024,2
B77,1,aperiodic_offset,0.43933362157914213,0.47333950514096024,2
B77,1,aperiodic_exponent,-0.4067512461990048,0.47333950514096024,2
B77,1,alpha_peak_hz,-0.07902108132449806,0.47333950514096024,2
B77,1,slow_eye_logpower,0.436220122926093,0.47333950514096024,2
B77,1,blink_amplitude,0.40706784152181485,0.47333950514096024,2
B77,1,blink_event_count,-0.30432387655817544,0.47333950514096024,2
B77,1,emg_rms_20_45hz,0.05799837167992722,0.47333950514096024,2
B77,2,posterior_alpha_logpower,0.6716214257418719,0.13172429237773184,2
B77,2,frontal_midline_theta_logpower,-0.0028126322219518274,0.13172429237773184,2
B77,2,aperiodic_offset,-0.018852248416768344,0.13172429237773184,2
B77,2,aperiodic_exponent,0.03360316634289919,0.13172429237773184,2
B77,2,alpha_peak_hz,-0.1781210657598925,0.13172429237773184,2
B77,2,slow_eye_logpower,-0.06914267403711306,0.13172429237773184,2
B77,2,blink_amplitude,-0.016619099642349394,0.13172429237773184,2
B77,2,blink_event_count,0.25882160476890553,0.13172429237773184,2
B77,2,emg_rms_20_45hz,0.6660777195772933,0.13172429237773184,2
B81,1,posterior_alpha_logpower,0.14125979101636013,0.443325785728217,2
B81,1,frontal_midline_theta_logpower,0.37859875203602944,0.443325785728217,2
B81,1,aperiodic_offset,0.44981437237920446,0.443325785728217,2
B81,1,aperiodic_exponent,-0.37792615452253114,0.443325785728217,2
B81,1,alpha_peak_hz,-0.11016878709860538,0.443325785728217,2
B81,1,slow_eye_logpower,0.4281220584735359,0.443325785728217,2
B81,1,blink_amplitude,0.42139543732756124,0.443325785728217,2
B81,1,blink_event_count,-0.34324944425793996,0.443325785728217,2
B81,1,emg_rms_20_45hz,0.026973215259265892,0.443325785728217,2
B81,2,posterior_alpha_logpower,0.1729139732710301,0.14270801753203166,2
B81,2,frontal_midline_theta_logpower,0.156010286174046,0.14270801753203166,2
B81,2,aperiodic_offset,0.2103966984868869,0.14270801753203166,2
B81,2,aperiodic_exponent,-0.3837835520133478,0.14270801753203166,2
B81,2,alpha_peak_hz,-0.5990481145692348,0.14270801753203166,2
B81,2,slow_eye_logpower,-0.308990597572962,0.14270801753203166,2
B81,2,blink_amplitude,-0.29899838227903286,0.14270801753203166,2
B81,2,blink_event_count,0.3990960633720625,0.14270801753203166,2
B81,2,emg_rms_20_45hz,0.2262596507628957,0.14270801753203166,2
C85,1,posterior_alpha_logpower,0.40405367524583635,0.676303982852484,2
C85,1,frontal_midline_theta_logpower,0.4039494464370278,0.676303982852484,2
C85,1,aperiodic_offset,0.40376075743894535,0.676303982852484,2
C85,1,aperiodic_exponent,0.09442054114401342,0.676303982852484,2
C85,1,alpha_peak_hz,0.017462660946101168,0.676303982852484,2
C85,1,slow_eye_logpower,0.40384310527022654,0.676303982852484,2
C85,1,blink_amplitude,0.33295770729710794,0.676303982852484,2
C85,1,blink_event_count,0.25442099265934953,0.676303982852484,2
C85,1,emg_rms_20_45hz,0.40328948641145845,0.676303982852484,2
C85,2,posterior_alpha_logpower,0.020092710588100464,0.12151723175471145,2
C85,2,frontal_midline_theta_logpower,0.021321419777323054,0.12151723175471145,2
C85,2,aperiodic_offset,0.029623515821521715,0.12151723175471145,2
C85,2,aperiodic_exponent,-0.6496831918190834,0.12151723175471145,2
C85,2,alpha_peak_hz,0.5244448319171245,0.12151723175471145,2
C85,2,slow_eye_logpower,0.04383566336827688,0.12151723175471145,2
C85,2,blink_amplitude,0.3300050541000279,0.12151723175471145,2
C85,2,blink_event_count,-0.43591594803236244,0.12151723175471145,2
C85,2,emg_rms_20_45hz,0.01690801673787548,0.12151723175471145,2
A2,1,posterior_alpha_logpower,0.4128051044418092,0.621742573548533,2
A2,1,frontal_midline_theta_logpower,0.4186907935584583,0.621742573548533,2
A2,1,aperiodic_offset,0.4195449522931931,0.621742573548533,2
A2,1,aperiodic_exponent,-0.12904260442573479,0.621742573548533,2
A2,1,alpha_peak_hz,0.04383896693225723,0.621742573548533,2
A2,1,slow_eye_logpower,0.4172430624710456,0.621742573548533,2
A2,1,blink_amplitude,0.337588205841035,0.621742573548533,2
A2,1,blink_event_count,0.007298676407265191,0.621742573548533,2
A2,1,emg_rms_20_45hz,0.41423098481684123,0.621742573548533,2
A2,2,posterior_alpha_logpower,0.11168280590624831,0.14187299226047442,2
A2,2,frontal_midline_theta_logpower,0.038418415292948094,0.14187299226047442,2
A2,2,aperiodic_offset,0.0020101518362344827,0.14187299226047442,2
A2,2,aperiodic_exponent,0.594016067787213,0.14187299226047442,2
A2,2,alpha_peak_hz,0.4855677395589965,0.14187299226047442,2
A2,2,slow_eye_logpower,-0.05138613042370814,0.14187299226047442,2
A2,2,blink_amplitude,-0.10473555237209706,0.14187299226047442,2
A2,2,blink_event_count,0.610058562411112,0.14187299226047442,2
A2,2,emg_rms_20_45hz,0.10786239905241124,0.14187299226047442,2
A6,1,posterior_alpha_logpower,0.41651847764649513,0.6211395660776514,2
A6,1,frontal_midline_theta_logpower,0.41934319422892474,0.6211395660776514,2
A6,1,aperiodic_offset,0.4196644283165411,0.6211395660776514,2
A6,1,aperiodic_exponent,-0.03662002716875447,0.6211395660776514,2
A6,1,alpha_peak_hz,0.041692531049726096,0.6211395660776514,2
A6,1,slow_eye_logpower,0.41098771885295304,0.6211395660776514,2
A6,1,blink_amplitude,0.34210873479794324,0.6211395660776514,2
A6,1,blink_event_count,0.10093680718474371,0.6211395660776514,2
A6,1,emg_rms_20_45hz,0.41872256541277125,0.6211395660776514,2
A6,2,posterior_alpha_logpower,0.09866520475135197,0.147693501236898,2
A6,2,frontal_midline_theta_logpower,0.05303700885955207,0.147693501236898,2
A6,2,aperiodic_offset,-0.011956566901533402,0.147693501236898,2
A6,2,aperiodic_exponent,0.639012158692487,0.147693501236898,2
A6,2,alpha_peak_hz,-0.005999148215269813,0.147693501236898,2
A6,2,slow_eye_logpower,-0.12193143346602792,0.147693501236898,2
A6,2,blink_amplitude,-0.2577538581155907,0.147693501236898,2
A6,2,blink_event_count,0.7010513594510998,0.147693501236898,2
A6,2,emg_rms_20_45hz,0.07848203874522279,0.147693501236898,2
A10,1,posterior_alpha_logpower,0.4125178834086297,0.6406815144621902,2
A10,1,frontal_midline_theta_logpower,0.4127338527388571,0.6406815144621902,2
A10,1,aperiodic_offset,0.4137465687396972,0.6406815144621902,2
A10,1,aperiodic_exponent,-0.07914916456467559,0.6406815144621902,2
A10,1,alpha_peak_hz,-0.016086303960619046,0.6406815144621902,2
A10,1,slow_eye_logpower,0.4108891592727569,0.6406815144621902,2
A10,1,blink_amplitude,0.37804395048768025,0.6406815144621902,2
A10,1,blink_event_count,-0.0007665786131035961,0.6406815144621902,2
A10,1,emg_rms_20_45hz,0.4123378017477371,0.6406815144621902,2
A10,2,posterior_alpha_logpower,0.06248873715168217,0.1252311842098745,2
A10,2,frontal_midline_theta_logpower,0.0639376526717537,0.1252311842098745,2
A10,2,aperiodic_offset,0.04223892564742383,0.1252311842098745,2
A10,2,aperiodic_exponent,0.31019736997354264,0.1252311842098745,2
A10,2,alpha_peak_hz,0.5947951699675034,0.1252311842098745,2
A10,2,slow_eye_logpower,-0.054900793667468806,0.1252311842098745,2
A10,2,blink_amplitude,-0.1159531931273986,0.1252311842098745,2
A10,2,blink_event_count,0.7196894741188449,0.1252311842098745,2
A10,2,emg_rms_20_45hz,0.07620449859276061,0.1252311842098745,2
A14,1,posterior_alpha_logpower,0.41532224150964997,0.6189226761281874,2
A14,1,frontal_midline_theta_logpower,0.41465635607132145,0.6189226761281874,2
A14,1,aperiodic_offset,0.41989778670023536,0.6189226761281874,2
A14,1,aperiodic_exponent,-0.06633989030769896,0.6189226761281874,2
A14,1,alpha_peak_hz,0.0217610133406334,0.6189226761281874,2
A14,1,slow_eye_logpower,0.41908692790981966,0.6189226761281874,2
A14,1,blink_amplitude,0.35215201333444796,0.6189226761281874,2
A14,1,blink_event_count,-0.04197735579020245,0.6189226761281874,2
A14,1,emg_rms_20_45hz,0.41589887714938,0.6189226761281874,2
A14,2,posterior_alpha_logpower,0.13123978962355118,0.1734523301387895,2
A14,2,frontal_midline_theta_logpower,0.10307642260880484,0.1734523301387895,2
A14,2,aperiodic_offset,0.018618696571172814,0.1734523301387895,2
A14,2,aperiodic_exponent,0.6514798889037349,0.1734523301387895,2
A14,2,alpha_peak_hz,0.12927564667158023,0.1734523301387895,2
A14,2,slow_eye_logpower,-0.04629924325776733,0.1734523301387895,2
A14,2,blink_amplitude,-0.19962698539652823,0.1734523301387895,2
A14,2,blink_event_count,0.6869421773409429,0.1734523301387895,2
A14,2,emg_rms_20_45hz,0.1295467720813089,0.1734523301387895,2
A18,1,posterior_alpha_logpower,0.4222449172778206,0.6052640403883754,2
A18,1,frontal_midline_theta_logpower,0.4227477126677932,0.6052640403883754,2
A18,1,aperiodic_offset,0.4251238883479221,0.6052640403883754,2
A18,1,aperiodic_exponent,-0.08287338465178332,0.6052640403883754,2
A18,1,alpha_peak_hz,0.025646450106037395,0.6052640403883754,2
A18,1,slow_eye_logpower,0.4233304055772188,0.6052640403883754,2
A18,1,blink_amplitude,0.4048125336225656,0.6052640403883754,2
A18,1,blink_event_count,-0.023211966465739683,0.6052640403883754,2
A18,1,emg_rms_20_45hz,0.3333420577802248,0.6052640403883754,2
A18,2,posterior_alpha_logpower,0.06931340625456058,0.14977325213794046,2
A18,2,frontal_midline_theta_logpower,0.06794396621632705,0.14977325213794046,2
A18,2,aperiodic_offset,0.0011922051360928679,0.14977325213794046,2
A18,2,aperiodic_exponent,0.6278627960130382,0.14977325213794046,2
A18,2,alpha_peak_hz,-0.2885923383132597,0.14977325213794046,2
A18,2,slow_eye_logpower,-0.023488933945458285,0.14977325213794046,2
A18,2,blink_amplitude,-0.002385208630509006,0.14977325213794046,2
A18,2,blink_event_count,0.7108388906656095,0.14977325213794046,2
A18,2,emg_rms_20_45hz,0.0850368846081164,0.14977325213794046,2
A22,1,posterior_alpha_logpower,0.40659026879413546,0.662967079426076,2
A22,1,frontal_midline_theta_logpower,0.4061493206464891,0.662967079426076,2
A22,1,aperiodic_offset,0.4082040656591528,0.662967079426076,2
A22,1,aperiodic_exponent,-0.10884309454085685,0.662967079426076,2
A22,1,alpha_peak_hz,0.0538062097677171,0.662967079426076,2
A22,1,slow_eye_logpower,0.40630919624882167,0.662967079426076,2
A22,1,blink_amplitude,0.39163026405406803,0.662967079426076,2
A22,1,blink_event_count,0.06775879567018414,0.662967079426076,2
A22,1,emg_rms_20_45hz,0.4065733819752006,0.662967079426076,2
A22,2,posterior_alpha_logpower,0.04988760029188683,0.11439473598303261,2
A22,2,frontal_midline_theta_logpower,0.06265650410074342,0.11439473598303261,2
A22,2,aperiodic_offset,-0.004830836551285512,0.11439473598303261,2
A22,2,aperiodic_exponent,0.5924446433090822,0.11439473598303261,2
A22,2,alpha_peak_hz,-0.7957585620998486,0.11439473598303261,2
A22,2,slow_eye_logpower,0.041104331458364084,0.11439473598303261,2
A22,2,blink_amplitude,0.042557887077566185,0.11439473598303261,2
A22,2,blink_event_count,0.033654226287474054,0.11439473598303261,2
A22,2,emg_rms_20_45hz,0.06860292664461431,0.11439473598303261,2
A26,1,posterior_alpha_logpower,0.4209629415538671,0.6158503030286884,2
A26,1,frontal_midline_theta_logpower,0.42168350872125515,0.6158503030286884,2
A26,1,aperiodic_offset,0.42062549949675565,0.6158503030286884,2
A26,1,aperiodic_exponent,0.058341766212656083,0.6158503030286884,2
A26,1,alpha_peak_hz,-0.011473881671915107,0.6158503030286884,2
A26,1,slow_eye_logpower,0.4168050666107751,0.6158503030286884,2
A26,1,blink_amplitude,0.3339301190693533,0.6158503030286884,2
A26,1,blink_event_count,0.05225680891686603,0.6158503030286884,2
A26,1,emg_rms_20_45hz,0.4201731021689257,0.6158503030286884,2
A26,2,posterior_alpha_logpower,0.06389649565285435,0.1546103379712536,2
A26,2,frontal_midline_theta_logpower,0.035556205635706634,0.1546103379712536,2
A26,2,aperiodic_offset,-0.0343104521276843,0.1546103379712536,2
A26,2,aperiodic_exponent,0.6626814118208414,0.1546103379712536,2
A26,2,alpha_peak_hz,-0.07836621464764537,0.1546103379712536,2
A26,2,slow_eye_logpower,-0.1178094795475351,0.1546103379712536,2
A26,2,blink_amplitude,-0.25155359948420736,0.1546103379712536,2
A26,2,blink_event_count,0.6824867631068167,0.1546103379712536,2
A26,2,emg_rms_20_45hz,0.07239752127706259,0.1546103379712536,2
A30,1,posterior_alpha_logpower,0.41022947775705737,0.6543054052953452,2
A30,1,frontal_midline_theta_logpower,0.4097286763031206,0.6543054052953452,2
A30,1,aperiodic_offset,0.40800261006379784,0.6543054052953452,2
A30,1,aperiodic_exponent,0.1325009498656932,0.6543054052953452,2
A30,1,alpha_peak_hz,-0.02260408614861976,0.6543054052953452,2
A30,1,slow_eye_logpower,0.405635039120344,0.6543054052953452,2
A30,1,blink_amplitude,0.37727212619541906,0.6543054052953452,2
A30,1,blink_event_count,0.0653460804425711,0.6543054052953452,2
A30,1,emg_rms_20_45hz,0.41006884635861646,0.6543054052953452,2
A30,2,posterior_alpha_logpower,0.014280573805714996,0.13582786987964857,2
A30,2,frontal_midline_theta_logpower,0.0057559728148795395,0.13582786987964857,2
A30,2,aperiodic_offset,-0.06909387280736373,0.13582786987964857,2
A30,2,aperiodic_exponent,0.625426125745324,0.13582786987964857,2
A30,2,alpha_peak_hz,-0.019769793920553863,0.13582786987964857,2
A30,2,slow_eye_logpower,-0.1202929390291112,0.13582786987964857,2
A30,2,blink_amplitude,-0.19247201585109808,0.13582786987964857,2
A30,2,blink_event_count,0.742551511902603,0.13582786987964857,2
A30,2,emg_rms_20_45hz,0.023273833329701857,0.13582786987964857,2
A34,1,posterior_alpha_logpower,0.4124500661229277,0.6434022558819327,2
A34,1,frontal_midline_theta_logpower,0.4136807181364719,0.6434022558819327,2
A34,1,aperiodic_offset,0.4133979024476714,0.6434022558819327,2
A34,1,aperiodic_exponent,0.06473232864983068,0.6434022558819327,2
A34,1,alpha_peak_hz,0.019815214298877656,0.6434022558819327,2
A34,1,slow_eye_logpower,0.4106968547317825,0.6434022558819327,2
A34,1,blink_amplitude,0.3752392156138966,0.6434022558819327,2
A34,1,blink_event_count,0.05967475499831455,0.6434022558819327,2
A34,1,emg_rms_20_45hz,0.4125954577474054,0.6434022558819327,2
A34,2,posterior_alpha_logpower,0.05528046505616585,0.1511261800272831,2
A34,2,frontal_midline_theta_logpower,0.011221015728908922,0.1511261800272831,2
A34,2,aperiodic_offset,-0.029183586870101058,0.1511261800272831,2
A34,2,aperiodic_exponent,0.6802577600026504,0.1511261800272831,2
A34,2,alpha_peak_hz,0.20343798727278076,0.1511261800272831,2
A34,2,slow_eye_logpower,-0.08282984924812982,0.1511261800272831,2
A34,2,blink_amplitude,-0.2371758314259715,0.1511261800272831,2
A34,2,blink_event_count,0.652855089937526,0.1511261800272831,2
A34,2,emg_rms_20_45hz,0.049959134707815586,0.1511261800272831,2
A38,1,posterior_alpha_logpower,0.4096020962275765,0.6547069059684563,2
A38,1,frontal_midline_theta_logpower,0.41000172028097304,0.6547069059684563,2
A38,1,aperiodic_offset,0.40963862044606236,0.6547069059684563,2
A38,1,aperiodic_exponent,0.03462057999201718,0.6547069059684563,2
A38,1,alpha_peak_hz,-0.050696140314769364,0.6547069059684563,2
A38,1,slow_eye_logpower,0.4088656435123996,0.6547069059684563,2
A38,1,blink_amplitude,0.3971788044889053,0.6547069059684563,2
A38,1,blink_event_count,-0.008113309241092707,0.6547069059684563,2
A38,1,emg_rms_20_45hz,0.40934616964493536,0.6547069059684563,2
A38,2,posterior_alpha_logpower,0.009408620077973632,0.12036942903305856,2
A38,2,frontal_midline_theta_logpower,0.007656277534255624,0.12036942903305856,2
A38,2,aperiodic_offset,0.03257164241315196,0.12036942903305856,2
A38,2,aperiodic_exponent,-0.3133881598955046,0.12036942903305856,2
A38,2,alpha_peak_hz,-0.6424552454480716,0.12036942903305856,2
A38,2,slow_eye_logpower,-0.0027502567765057178,0.12036942903305856,2
A38,2,blink_amplitude,-0.07117168413803755,0.12036942903305856,2
A38,2,blink_event_count,0.694595801740997,0.12036942903305856,2
A38,2,emg_rms_20_45hz,-0.017168747625405763,0.12036942903305856,2
A42,1,posterior_alpha_logpower,0.40387080288630856,0.6787108233143992,2
A42,1,frontal_midline_theta_logpower,0.40373493824401074,0.6787108233143992,2
A42,1,aperiodic_offset,0.4037594377316189,0.6787108233143992,2
A42,1,aperiodic_exponent,-0.0072198055993161325,0.6787108233143992,2
A42,1,alpha_peak_hz,0.01600109504180571,0.6787108233143992,2
A42,1,slow_eye_logpower,0.40354443093268677,0.6787108233143992,2
A42,1,blink_amplitude,0.34755641321089376,0.6787108233143992,2
A42,1,blink_event_count,0.25464546383820064,0.6787108233143992,2
A42,1,emg_rms_20_45hz,0.4025776318551636,0.6787108233143992,2
A42,2,posterior_alpha_logpower,0.010679301355911339,0.12451208275892317,2
A42,2,frontal_midline_theta_logpower,0.008800623228887462,0.12451208275892317,2
A42,2,aperiodic_offset,0.016938469648673717,0.12451208275892317,2
A42,2,aperiodic_exponent,-0.7587987030719675,0.12451208275892317,2
A42,2,alpha_peak_hz,-0.6067712505701467,0.12451208275892317,2
A42,2,slow_eye_logpower,0.018841514134281225,0.12451208275892317,2
A42,2,blink_amplitude,0.10559105153442765,0.12451208275892317,2
A42,2,blink_event_count,-0.20990342392491954,0.12451208275892317,2
A42,2,emg_rms_20_45hz,-0.0032935243601861517,0.12451208275892317,2
A46,1,posterior_alpha_logpower,0.37994225353421524,0.7647993853520992,2
A46,1,frontal_midline_theta_logpower,0.3800917787827436,0.7647993853520992,2
A46,1,aperiodic_offset,0.3799547502441834,0.7647993853520992,2
A46,1,aperiodic_exponent,0.026094326610090396,0.7647993853520992,2
A46,1,alpha_peak_hz,0.09555863877962686,0.7647993853520992,2
A46,1,slow_eye_logpower,0.3799401787741106,0.7647993853520992,2
A46,1,blink_amplitude,0.3768385649746399,0.7647993853520992,2
A46,1,blink_event_count,0.3559016899165106,0.7647993853520992,2
A46,1,emg_rms_20_45hz,0.37943153234393456,0.7647993853520992,2
A46,2,posterior_alpha_logpower,0.012267104053776833,0.11401623653329966,2
A46,2,frontal_midline_theta_logpower,0.01391072335501104,0.11401623653329966,2
A46,2,aperiodic_offset,0.022827518807965057,0.11401623653329966,2
A46,2,aperiodic_exponent,-0.8773008816220133,0.11401623653329966,2
A46,2,alpha_peak_hz,-0.46886711203264864,0.11401623653329966,2
A46,2,slow_eye_logpower,0.010132203803659895,0.11401623653329966,2
A46,2,blink_amplitude,0.0173810700339738,0.11401623653329966,2
A46,2,blink_event_count,0.09528552943778736,0.11401623653329966,2
A46,2,emg_rms_20_45hz,0.012554417894275197,0.11401623653329966,2
A50,1,posterior_alpha_logpower,0.39915820758702697,0.6913794805597429,2
A50,1,frontal_midline_theta_logpower,0.39939881450157755,0.6913794805597429,2
A50,1,aperiodic_offset,0.3992972633015052,0.6913794805597429,2
A50,1,aperiodic_exponent,-0.042943684807650116,0.6913794805597429,2
A50,1,alpha_peak_hz,0.052595351243661576,0.6913794805597429,2
A50,1,slow_eye_logpower,0.39940485769341233,0.6913794805597429,2
A50,1,blink_amplitude,0.3546926642846372,0.6913794805597429,2
A50,1,blink_event_count,0.2705405901308594,0.6913794805597429,2
A50,1,emg_rms_20_45hz,0.3982226003361549,0.6913794805597429,2
A50,2,posterior_alpha_logpower,0.010600387655192943,0.12439435196811512,2
A50,2,frontal_midline_theta_logpower,-0.00010505309304093371,0.12439435196811512,2
A50,2,aperiodic_offset,-0.010280596865592507,0.12439435196811512,2
A50,2,aperiodic_exponent,0.802480385905172,0.12439435196811512,2
A50,2,alpha_peak_hz,0.4236526215061304,0.12439435196811512,2
A50,2,slow_eye_logpower,-0.01537220004804752,0.12439435196811512,2
A50,2,blink_amplitude,-0.2327111903294076,0.12439435196811512,2
A50,2,blink_event_count,0.34882098547458223,0.12439435196811512,2
A50,2,emg_rms_20_45hz,0.01608521232869891,0.12439435196811512,2
A54,1,posterior_alpha_logpower,0.4110218814239725,0.6497604422484988,2
A54,1,frontal_midline_theta_logpower,0.41107515113483617,0.6497604422484988,2
A54,1,aperiodic_offset,0.41119315360263586,0.6497604422484988,2
A54,1,aperiodic_exponent,-0.02340436857901726,0.6497604422484988,2
A54,1,alpha_peak_hz,0.02677765590260832,0.6497604422484988,2
A54,1,slow_eye_logpower,0.4116306827920895,0.6497604422484988,2
A54,1,blink_amplitude,0.24465718412574097,0.6497604422484988,2
A54,1,blink_event_count,0.3070254244543473,0.6497604422484988,2
A54,1,emg_rms_20_45hz,0.41008785423940136,0.6497604422484988,2
A54,2,posterior_alpha_logpower,0.014562884664769082,0.1319053122146054,2
A54,2,frontal_midline_theta_logpower,0.012887584155308355,0.1319053122146054,2
A54,2,aperiodic_offset,0.005002196948559411,0.1319053122146054,2
A54,2,aperiodic_exponent,0.7840318769984393,0.1319053122146054,2
A54,2,alpha_peak_hz,0.5062447509451283,0.1319053122146054,2
A54,2,slow_eye_logpower,-0.0011442097194554728,0.1319053122146054,2
A54,2,blink_amplitude,-0.2979318213783935,0.1319053122146054,2
A54,2,blink_event_count,0.1994134865042095,0.1319053122146054,2
A54,2,emg_rms_20_45hz,0.008755602542560966,0.1319053122146054,2
A58,1,posterior_alpha_logpower,0.4014836776657522,0.6865551220746521,2
A58,1,frontal_midline_theta_logpower,0.40142238462321556,0.6865551220746521,2
A58,1,aperiodic_offset,0.401301295523249,0.6865551220746521,2
A58,1,aperiodic_exponent,0.006749746434958793,0.6865551220746521,2
A58,1,alpha_peak_hz,-0.040275628604876816,0.6865551220746521,2
A58,1,slow_eye_logpower,0.40123180023760835,0.6865551220746521,2
A58,1,blink_amplitude,0.36524836066590793,0.6865551220746521,2
A58,1,blink_event_count,0.24443967571389605,0.6865551220746521,2
A58,1,emg_rms_20_45hz,0.40101924269558625,0.6865551220746521,2
A58,2,posterior_alpha_logpower,0.0003023585122180887,0.11838710606853683,2
A58,2,frontal_midline_theta_logpower,0.011537540388320456,0.11838710606853683,2
A58,2,aperiodic_offset,0.02215004150938094,0.11838710606853683,2
A58,2,aperiodic_exponent,-0.9080811931568711,0.11838710606853683,2
A58,2,alpha_peak_hz,-0.09061195917453171,0.11838710606853683,2
A58,2,slow_eye_logpower,0.02336973221710773,0.11838710606853683,2
A58,2,blink_amplitude,0.1781448744429289,0.11838710606853683,2
A58,2,blink_event_count,-0.36630078953284306,0.11838710606853683,2
A58,2,emg_rms_20_45hz,0.009807130315538296,0.11838710606853683,2
B62,1,posterior_alpha_logpower,0.1261544156180024,0.3589250153778151,2
B62,1,frontal_midline_theta_logpower,0.2463364911086221,0.3589250153778151,2
B62,1,aperiodic_offset,0.44757333664338705,0.3589250153778151,2
B62,1,aperiodic_exponent,-0.4102269680988105,0.3589250153778151,2
B62,1,alpha_peak_hz,0.044346869958700366,0.3589250153778151,2
B62,1,slow_eye_logpower,0.48656708688600486,0.3589250153778151,2
B62,1,blink_amplitude,0.42471512251530985,0.3589250153778151,2
B62,1,blink_event_count,-0.3678866663554265,0.3589250153778151,2
B62,1,emg_rms_20_45hz,0.018911109104589707,0.3589250153778151,2
B62,2,posterior_alpha_logpower,0.1368443604860216,0.14809186388914217,2
B62,2,frontal_midline_theta_logpower,-0.06330610534557979,0.14809186388914217,2
B62,2,aperiodic_offset,-0.4272557987898234,0.14809186388914217,2
B62,2,aperiodic_exponent,0.4817320624790454,0.14809186388914217,2
B62,2,alpha_peak_hz,0.033381310080755885,0.14809186388914217,2
B62,2,slow_eye_logpower,0.23733474280815986,0.14809186388914217,2
B62,2,blink_amplitude,0.23951865093021224,0.14809186388914217,2
B62,2,blink_event_count,-0.4317148321760757,0.14809186388914217,2
B62,2,emg_rms_20_45hz,0.511335201153346,0.14809186388914217,2
B66,1,posterior_alpha_logpower,0.13695915180247611,0.4550585894180976,2
B66,1,frontal_midline_theta_logpower,0.4165899756316658,0.4550585894180976,2
B66,1,aperiodic_offset,0.46017293830520545,0.4550585894180976,2
B66,1,aperiodic_exponent,-0.4012763681887536,0.4550585894180976,2
B66,1,alpha_peak_hz,-0.12807371344519347,0.4550585894180976,2
B66,1,slow_eye_logpower,0.42826688030990134,0.4550585894180976,2
B66,1,blink_amplitude,0.4304298707623666,0.4550585894180976,2
B66,1,blink_event_count,-0.22222621378799176,0.4550585894180976,2
B66,1,emg_rms_20_45hz,-0.02105624706545066,0.4550585894180976,2
B66,2,posterior_alpha_logpower,0.4811156685373025,0.1428466735383368,2
B66,2,frontal_midline_theta_logpower,0.10883110178513472,0.1428466735383368,2
B66,2,aperiodic_offset,0.15627104903419003,0.1428466735383368,2
B66,2,aperiodic_exponent,-0.19204036220986115,0.1428466735383368,2
B66,2,alpha_peak_hz,-0.32948751971487295,0.1428466735383368,2
B66,2,slow_eye_logpower,-0.25761621159907494,0.1428466735383368,2
B66,2,blink_amplitude,-0.1376779284888865,0.1428466735383368,2
B66,2,blink_event_count,0.5561059225623279,0.1428466735383368,2
B66,2,emg_rms_20_45hz,0.4384589103437069,0.1428466735383368,2
B70,1,posterior_alpha_logpower,0.04293547549010564,0.3498856523391471,2
B70,1,frontal_midline_theta_logpower,0.3919094413624059,0.3498856523391471,2
B70,1,aperiodic_offset,0.49912737047204275,0.3498856523391471,2
B70,1,aperiodic_exponent,-0.40935642302350556,0.3498856523391471,2
B70,1,alpha_peak_hz,-0.06755259575744516,0.3498856523391471,2
B70,1,slow_eye_logpower,0.4344197405477717,0.3498856523391471,2
B70,1,blink_amplitude,0.4210257739829512,0.3498856523391471,2
B70,1,blink_event_count,-0.22435850308737126,0.3498856523391471,2
B70,1,emg_rms_20_45hz,-0.08354290666357769,0.3498856523391471,2
B70,2,posterior_alpha_logpower,0.2858896182312183,0.19024070454173325,2
B70,2,frontal_midline_theta_logpower,-0.14069557869274402,0.19024070454173325,2
B70,2,aperiodic_offset,-0.24893277879874534,0.19024070454173325,2
B70,2,aperiodic_exponent,0.4045833299121171,0.19024070454173325,2
B70,2,alpha_peak_hz,0.10986516708024338,0.19024070454173325,2
B70,2,slow_eye_logpower,0.34324684804739286,0.19024070454173325,2
B70,2,blink_amplitude,0.3208790584915493,0.19024070454173325,2
B70,2,blink_event_count,-0.43560745290822517,0.19024070454173325,2
B70,2,emg_rms_20_45hz,0.5002106599034296,0.19024070454173325,2
B74,1,posterior_alpha_logpower,0.20525676579210012,0.4192087054484798,2
B74,1,frontal_midline_theta_logpower,0.36654857210705327,0.4192087054484798,2
B74,1,aperiodic_offset,0.4588756592947094,0.4192087054484798,2
B74,1,aperiodic_exponent,-0.377603678746587,0.4192087054484798,2
B74,1,alpha_peak_hz,-0.15675298429885692,0.4192087054484798,2
B74,1,slow_eye_logpower,0.41324080115518147,0.4192087054484798,2
B74,1,blink_amplitude,0.4216951036803749,0.4192087054484798,2
B74,1,blink_event_count,-0.29226142370888514,0.4192087054484798,2
B74,1,emg_rms_20_45hz,-0.10852390245663579,0.4192087054484798,2
B74,2,posterior_alpha_logpower,0.5666284973495549,0.19722944251619567,2
B74,2,frontal_midline_theta_logpower,0.2788717404634703,0.19722944251619567,2
B74,2,aperiodic_offset,0.02597042080756104,0.19722944251619567,2
B74,2,aperiodic_exponent,0.027506399142197713,0.19722944251619567,2
B74,2,alpha_peak_hz,-0.5711383863930003,0.19722944251619567,2
B74,2,slow_eye_logpower,-0.294159550844867,0.19722944251619567,2
B74,2,blink_amplitude,-0.20431648991191775,0.19722944251619567,2
B74,2,blink_event_count,0.3746060600668703,0.19722944251619567,2
B74,2,emg_rms_20_45hz,-0.07019834441042708,0.19722944251619567,2
B78,1,posterior_alpha_logpower,0.01750665101290996,0.3499129067203456,2
B78,1,frontal_midline_theta_logpower,0.197904785445651,0.3499129067203456,2
B78,1,aperiodic_offset,0.43130769792699386,0.3499129067203456,2
B78,1,aperiodic_exponent,-0.4186006570404472,0.3499129067203456,2
B78,1,alpha_peak_hz,-0.13585826094286066,0.3499129067203456,2
B78,1,slow_eye_logpower,0.48535397915481326,0.3499129067203456,2
B78,1,blink_amplitude,0.47167272144156447,0.3499129067203456,2
B78,1,blink_event_count,-0.3460768495459608,0.3499129067203456,2
B78,1,emg_rms_20_45hz,0.05480947555549187,0.3499129067203456,2
B78,2,posterior_alpha_logpower,0.15878053348595028,0.1631727747500003,2
B78,2,frontal_midline_theta_logpower,0.4716537944519563,0.1631727747500003,2
B78,2,aperiodic_offset,0.33965684826962717,0.1631727747500003,2
B78,2,aperiodic_exponent,-0.2287892838450963,0.1631727747500003,2
B78,2,alpha_peak_hz,-0.4510306540738451,0.1631727747500003,2
B78,2,slow_eye_logpower,-0.2730800894979021,0.1631727747500003,2
B78,2,blink_amplitude,-0.27205028214660576,0.1631727747500003,2
B78,2,blink_event_count,0.4343039580930602,0.1631727747500003,2
B78,2,emg_rms_20_45hz,0.20973187445014196,0.1631727747500003,2
C82,1,posterior_alpha_logpower,0.18937681653447663,0.3991250956165041,2
C82,1,frontal_midline_theta_logpower,0.2983871193416938,0.3991250956165041,2
C82,1,aperiodic_offset,0.4850386185213594,0.3991250956165041,2
C82,1,aperiodic_exponent,-0.4278873151672151,0.3991250956165041,2
C82,1,alpha_peak_hz,-0.06119977007516941,0.3991250956165041,2
C82,1,slow_eye_logpower,0.47150795580367333,0.3991250956165041,2
C82,1,blink_amplitude,0.38498233113288105,0.3991250956165041,2
C82,1,blink_event_count,-0.26511124970148453,0.3991250956165041,2
C82,1,emg_rms_20_45hz,-0.11041285335464268,0.3991250956165041,2
C82,2,posterior_alpha_logpower,0.6231233504039728,0.13250072041347336,2
C82,2,frontal_midline_theta_logpower,0.0820878609945809,0.13250072041347336,2
C82,2,aperiodic_offset,-0.0020814287744575083,0.13250072041347336,2
C82,2,aperiodic_exponent,0.07457985138893225,0.13250072041347336,2
C82,2,alpha_peak_hz,-0.7121369768635639,0.13250072041347336,2
C82,2,slow_eye_logpower,-0.07849490822987062,0.13250072041347336,2
C82,2,blink_amplitude,-0.12401103487082407,0.13250072041347336,2
C82,2,blink_event_count,0.174410677598466,0.13250072041347336,2
C82,2,emg_rms_20_45hz,0.20078356759267985,0.13250072041347336,2
C86,1,posterior_alpha_logpower,0.303221908686522,0.3319038033162776,2
C86,1,frontal_midline_theta_logpower,0.29534793923332503,0.3319038033162776,2
C86,1,aperiodic_offset,0.48240093017842806,0.3319038033162776,2
C86,1,aperiodic_exponent,-0.36773677576608976,0.3319038033162776,2
C86,1,alpha_peak_hz,0.01773689535930009,0.3319038033162776,2
C86,1,slow_eye_logpower,0.4721143515265603,0.3319038033162776,2
C86,1,blink_amplitude,0.43755256168380907,0.3319038033162776,2
C86,1,blink_event_count,-0.11842658158690901,0.3319038033162776,2
C86,1,emg_rms_20_45hz,-0.15556804735716928,0.3319038033162776,2
C86,2,posterior_alpha_logpower,0.18330594283233353,0.15684943198451506,2
C86,2,frontal_midline_theta_logpower,-0.2377960459819241,0.15684943198451506,2
C86,2,aperiodic_offset,-0.36600901491096927,0.15684943198451506,2
C86,2,aperiodic_exponent,0.42024564918775287,0.15684943198451506,2
C86,2,alpha_peak_hz,0.145734229763607,0.15684943198451506,2
C86,2,slow_eye_logpower,0.2742693586448152,0.15684943198451506,2
C86,2,blink_amplitude,0.29846052523453126,0.15684943198451506,2
C86,2,blink_event_count,-0.6416037189864653,0.15684943198451506,2
C86,2,emg_rms_20_45hz,-0.0456815391992547,0.15684943198451506,2
A3,1,posterior_alpha_logpower,0.41787763112414505,0.6246044171534071,2
A3,1,frontal_midline_theta_logpower,0.4194480801165691,0.6246044171534071,2
A3,1,aperiodic_offset,0.419176292911187,0.6246044171534071,2
A3,1,aperiodic_exponent,0.009388986626764566,0.6246044171534071,2
A3,1,alpha_peak_hz,-0.04044083363978926,0.6246044171534071,2
A3,1,slow_eye_logpower,0.4153791414541463,0.6246044171534071,2
A3,1,blink_amplitude,0.34718633609738836,0.6246044171534071,2
A3,1,blink_event_count,0.06890239730602202,0.6246044171534071,2
A3,1,emg_rms_20_45hz,0.41735295778998055,0.6246044171534071,2
A3,2,posterior_alpha_logpower,0.05040935629265636,0.15288977408222001,2
A3,2,frontal_midline_theta_logpower,0.03857650391256213,0.15288977408222001,2
A3,2,aperiodic_offset,0.005190369532138372,0.15288977408222001,2
A3,2,aperiodic_exponent,0.623584394352321,0.15288977408222001,2
A3,2,alpha_peak_hz,0.416463731283156,0.15288977408222001,2
A3,2,slow_eye_logpower,-0.05685013467467755,0.15288977408222001,2
A3,2,blink_amplitude,-0.20415776306599143,0.15288977408222001,2
A3,2,blink_event_count,0.620984877693286,0.15288977408222001,2
A3,2,emg_rms_20_45hz,0.05576491278341476,0.15288977408222001,2
A7,1,posterior_alpha_logpower,0.40958934626051996,0.6566889202263488,2
A7,1,frontal_midline_theta_logpower,0.4101781551463368,0.6566889202263488,2
A7,1,aperiodic_offset,0.4095086705600186,0.6566889202263488,2
A7,1,aperiodic_exponent,0.025319424983567342,0.6566889202263488,2
A7,1,alpha_peak_hz,-0.03169242459507056,0.6566889202263488,2
A7,1,slow_eye_logpower,0.40866017831764834,0.6566889202263488,2
A7,1,blink_amplitude,0.39877962541737605,0.6566889202263488,2
A7,1,blink_event_count,0.023446085856186655,0.6566889202263488,2
A7,1,emg_rms_20_45hz,0.4099628815099857,0.6566889202263488,2
A7,2,posterior_alpha_logpower,0.007827513323428554,0.12527670063904,2
A7,2,frontal_midline_theta_logpower,0.0003626500182875567,0.12527670063904,2
A7,2,aperiodic_offset,-0.04791419906223847,0.12527670063904,2
A7,2,aperiodic_exponent,0.6430997925633812,0.12527670063904,2
A7,2,alpha_peak_hz,-0.2847733242639993,0.12527670063904,2
A7,2,slow_eye_logpower,-0.057098614017960764,0.12527670063904,2
A7,2,blink_amplitude,-0.018260211394704344,0.12527670063904,2
A7,2,blink_event_count,0.7065597808161134,0.12527670063904,2
A7,2,emg_rms_20_45hz,0.012215880281880791,0.12527670063904,2
A11,1,posterior_alpha_logpower,0.4117025058427707,0.6425735775309082,2
A11,1,frontal_midline_theta_logpower,0.4131155011370079,0.6425735775309082,2
A11,1,aperiodic_offset,0.413655761118466,0.6425735775309082,2
A11,1,aperiodic_exponent,-0.0475565235260622,0.6425735775309082,2
A11,1,alpha_peak_hz,-0.05410328411760532,0.6425735775309082,2
A11,1,slow_eye_logpower,0.41248035767433494,0.6425735775309082,2
A11,1,blink_amplitude,0.3707205737814611,0.6425735775309082,2
A11,1,blink_event_count,0.07613556917353187,0.6425735775309082,2
A11,1,emg_rms_20_45hz,0.4125122279751587,0.6425735775309082,2
A11,2,posterior_alpha_logpower,0.06771330826755517,0.12590933577727004,2
A11,2,frontal_midline_theta_logpower,0.05379019891928542,0.12590933577727004,2
A11,2,aperiodic_offset,-0.007121990961976084,0.12590933577727004,2
A11,2,aperiodic_exponent,0.6824284679820065,0.12590933577727004,2
A11,2,alpha_peak_hz,0.3491387721786605,0.12590933577727004,2
A11,2,slow_eye_logpower,-0.014535904635949108,0.12590933577727004,2
A11,2,blink_amplitude,-0.1684772227406644,0.12590933577727004,2
A11,2,blink_event_count,0.6101120669319052,0.12590933577727004,2
A11,2,emg_rms_20_45hz,0.06349568611976435,0.12590933577727004,2
A15,1,posterior_alpha_logpower,0.40807813727030656,0.6585515742726852,2
A15,1,frontal_midline_theta_logpower,0.4089964417727828,0.6585515742726852,2
A15,1,aperiodic_offset,0.408835251122564,0.6585515742726852,2
A15,1,aperiodic_exponent,-0.004586408390365473,0.6585515742726852,2
A15,1,alpha_peak_hz,0.04055043528184926,0.6585515742726852,2
A15,1,slow_eye_logpower,0.4083852079965199,0.6585515742726852,2
A15,1,blink_amplitude,0.4028635058120937,0.6585515742726852,2
A15,1,blink_event_count,-0.029920318048558027,0.6585515742726852,2
A15,1,emg_rms_20_45hz,0.40915742830551166,0.6585515742726852,2
A15,2,posterior_alpha_logpower,0.06073883928801508,0.12189788002968839,2
A15,2,frontal_midline_theta_logpower,0.029190295951275334,0.12189788002968839,2
A15,2,aperiodic_offset,-0.02891097229001744,0.12189788002968839,2
A15,2,aperiodic_exponent,0.7209219036276698,0.12189788002968839,2
A15,2,alpha_peak_hz,0.25828019905159905,0.12189788002968839,2
A15,2,slow_eye_logpower,-0.04139569731236243,0.12189788002968839,2
A15,2,blink_amplitude,-0.03948760555183443,0.12189788002968839,2
A15,2,blink_event_count,0.6344987388106865,0.12189788002968839,2
A15,2,emg_rms_20_45hz,0.04821098477156585,0.12189788002968839,2
A19,1,posterior_alpha_logpower,0.4143805681791313,0.6264235479380407,2
A19,1,frontal_midline_theta_logpower,0.4180676358991119,0.6264235479380407,2
A19,1,aperiodic_offset,0.41901125431141456,0.6264235479380407,2
A19,1,aperiodic_exponent,-0.043282306109698604,0.6264235479380407,2
A19,1,alpha_peak_hz,0.07076638413116919,0.6264235479380407,2
A19,1,slow_eye_logpower,0.41192308663461635,0.6264235479380407,2
A19,1,blink_amplitude,0.34891984849001223,0.6264235479380407,2
A19,1,blink_event_count,0.08323866180995984,0.6264235479380407,2
A19,1,emg_rms_20_45hz,0.4155744955500436,0.6264235479380407,2
A19,2,posterior_alpha_logpower,0.10488951597810302,0.17226857682851782,2
A19,2,frontal_midline_theta_logpower,0.05029250292478619,0.17226857682851782,2
A19,2,aperiodic_offset,0.003825106772223665,0.17226857682851782,2
A19,2,aperiodic_exponent,0.6513983861851343,0.17226857682851782,2
A19,2,alpha_peak_hz,0.172799326507399,0.17226857682851782,2
A19,2,slow_eye_logpower,-0.11949769446326575,0.17226857682851782,2
A19,2,blink_amplitude,-0.27106254502918764,0.17226857682851782,2
A19,2,blink_event_count,0.660179916067958,0.17226857682851782,2
A19,2,emg_rms_20_45hz,0.09318064981732686,0.17226857682851782,2
A23,1,posterior_alpha_logpower,0.4329859688054879,0.5734120588091056,2
A23,1,frontal_midline_theta_logpower,0.4363092130453202,0.5734120588091056,2
A23,1,aperiodic_offset,0.4371611441171189,0.5734120588091056,2
A23,1,aperiodic_exponent,-0.07383549588461587,0.5734120588091056,2
A23,1,alpha_peak_hz,0.010992361971166778,0.5734120588091056,2
A23,1,slow_eye_logpower,0.43261463381626053,0.5734120588091056,2
A23,1,blink_amplitude,0.22283974179014032,0.5734120588091056,2
A23,1,blink_event_count,-0.03780267555440504,0.5734120588091056,2
A23,1,emg_rms_20_45hz,0.4327043203357,0.5734120588091056,2
A23,2,posterior_alpha_logpower,0.12694464611792408,0.14755689123053647,2
A23,2,frontal_midline_theta_logpower,0.0778090103589515,0.14755689123053647,2
A23,2,aperiodic_offset,0.04369765452901509,0.14755689123053647,2
A23,2,aperiodic_exponent,0.6582333167191986,0.14755689123053647,2
A23,2,alpha_peak_hz,0.30141259948306093,0.14755689123053647,2
A23,2,slow_eye_logpower,-0.06847980468219636,0.14755689123053647,2
A23,2,blink_amplitude,-0.3074438560259224,0.14755689123053647,2
A23,2,blink_event_count,0.5788441242328914,0.14755689123053647,2
A23,2,emg_rms_20_45hz,0.13239692947716614,0.14755689123053647,2
A27,1,posterior_alpha_logpower,0.40968504871126654,0.6514502450834724,2
A27,1,frontal_midline_theta_logpower,0.4106448248294754,0.6514502450834724,2
A27,1,aperiodic_offset,0.4109259045851041,0.6514502450834724,2
A27,1,aperiodic_exponent,-0.013415843794992461,0.6514502450834724,2
A27,1,alpha_peak_hz,0.06773345257947529,0.6514502450834724,2
A27,1,slow_eye_logpower,0.40849761038228216,0.6514502450834724,2
A27,1,blink_amplitude,0.38383511077042826,0.6514502450834724,2
A27,1,blink_event_count,0.08616498125802251,0.6514502450834724,2
A27,1,emg_rms_20_45hz,0.4102157849689422,0.6514502450834724,2
A27,2,posterior_alpha_logpower,0.041231182761666325,0.12198693375856219,2
A27,2,frontal_midline_theta_logpower,0.005277593555350816,0.12198693375856219,2
A27,2,aperiodic_offset,-0.04707174652902624,0.12198693375856219,2
A27,2,aperiodic_exponent,0.7576909590321,0.12198693375856219,2
A27,2,alpha_peak_hz,0.23640369619312174,0.12198693375856219,2
A27,2,slow_eye_logpower,-0.06411480904869055,0.12198693375856219,2
A27,2,blink_amplitude,-0.11731258757477359,0.12198693375856219,2
A27,2,blink_event_count,0.5889655651366053,0.12198693375856219,2
A27,2,emg_rms_20_45hz,0.036341455952839746,0.12198693375856219,2
A31,1,posterior_alpha_logpower,0.43469814185440214,0.5784206880392362,2
A31,1,frontal_midline_theta_logpower,0.43419641441427326,0.5784206880392362,2
A31,1,aperiodic_offset,0.4342846790539789,0.5784206880392362,2
A31,1,aperiodic_exponent,0.026004749486199123,0.5784206880392362,2
A31,1,alpha_peak_hz,0.05565426138669119,0.5784206880392362,2
A31,1,slow_eye_logpower,0.42948511183522076,0.5784206880392362,2
A31,1,blink_amplitude,0.22503306161298167,0.5784206880392362,2
A31,1,blink_event_count,0.09039015005169124,0.5784206880392362,2
A31,1,emg_rms_20_45hz,0.4322805264841006,0.5784206880392362,2
A31,2,posterior_alpha_logpower,0.05942339611897068,0.13484931968827968,2
A31,2,frontal_midline_theta_logpower,0.06530359867113204,0.13484931968827968,2
A31,2,aperiodic_offset,0.07203909163557966,0.13484931968827968,2
A31,2,aperiodic_exponent,-0.29750103355836166,0.13484931968827968,2
A31,2,alpha_peak_hz,-0.3836290415150711,0.13484931968827968,2
A31,2,slow_eye_logpower,-0.09375900279890487,0.13484931968827968,2
A31,2,blink_amplitude,-0.46369115261111826,0.13484931968827968,2
A31,2,blink_event_count,0.7244077251154912,0.13484931968827968,2
A31,2,emg_rms_20_45hz,0.05262865175804129,0.13484931968827968,2
A35,1,posterior_alpha_logpower,0.408869766526805,0.6559230549827865,2
A35,1,frontal_midline_theta_logpower,0.40998412596462985,0.6559230549827865,2
A35,1,aperiodic_offset,0.41036597278246856,0.6559230549827865,2
A35,1,aperiodic_exponent,-0.04589996602524908,0.6559230549827865,2
A35,1,alpha_peak_hz,0.016302877354065107,0.6559230549827865,2
A35,1,slow_eye_logpower,0.40843331964031593,0.6559230549827865,2
A35,1,blink_amplitude,0.399605842090476,0.6559230549827865,2
A35,1,blink_event_count,0.009305087671222206,0.6559230549827865,2
A35,1,emg_rms_20_45hz,0.40911675336836995,0.6559230549827865,2
A35,2,posterior_alpha_logpower,0.04162025273411768,0.15010184922511022,2
A35,2,frontal_midline_theta_logpower,-0.003259122106714878,0.15010184922511022,2
A35,2,aperiodic_offset,-0.03426168026734329,0.15010184922511022,2
A35,2,aperiodic_exponent,0.5531867495384796,0.15010184922511022,2
A35,2,alpha_peak_hz,0.5630666113017764,0.15010184922511022,2
A35,2,slow_eye_logpower,0.025040855882118643,0.15010184922511022,2
A35,2,blink_amplitude,-0.0018536376367206905,0.15010184922511022,2
A35,2,blink_event_count,-0.6104902598827787,0.15010184922511022,2
A35,2,emg_rms_20_45hz,0.0263598838264659,0.15010184922511022,2
A39,1,posterior_alpha_logpower,0.41627108286208975,0.6276923997885456,2
A39,1,frontal_midline_theta_logpower,0.4171823411484089,0.6276923997885456,2
A39,1,aperiodic_offset,0.41726675929076473,0.6276923997885456,2
A39,1,aperiodic_exponent,0.03636059369462878,0.6276923997885456,2
A39,1,alpha_peak_hz,-0.004152896406336699,0.6276923997885456,2
A39,1,slow_eye_logpower,0.4118209390605602,0.6276923997885456,2
A39,1,blink_amplitude,0.3639022258014629,0.6276923997885456,2
A39,1,blink_event_count,0.048607821482689426,0.6276923997885456,2
A39,1,emg_rms_20_45hz,0.4157431370138019,0.6276923997885456,2
A39,2,posterior_alpha_logpower,0.0564077698749982,0.12353842594592446,2
A39,2,frontal_midline_theta_logpower,0.05076512791245167,0.12353842594592446,2
A39,2,aperiodic_offset,-0.016752941928744308,0.12353842594592446,2
A39,2,aperiodic_exponent,0.5564068093959494,0.12353842594592446,2
A39,2,alpha_peak_hz,0.2297006836456569,0.12353842594592446,2
A39,2,slow_eye_logpower,-0.10167792249818072,0.12353842594592446,2
A39,2,blink_amplitude,-0.20581995855560567,0.12353842594592446,2
A39,2,blink_event_count,0.7588576030911941,0.12353842594592446,2
A39,2,emg_rms_20_45hz,0.0551755886270449,0.12353842594592446,2
A43,1,posterior_alpha_logpower,0.3970571983604875,0.7011663533125824,2
A43,1,frontal_midline_theta_logpower,0.39715855576855164,0.7011663533125824,2
A43,1,aperiodic_offset,0.3969313849195181,0.7011663533125824,2
A43,1,aperiodic_exponent,0.04424151502307795,0.7011663533125824,2
A43,1,alpha_peak_hz,-0.029034485279795318,0.7011663533125824,2
A43,1,slow_eye_logpower,0.3968160311645391,0.7011663533125824,2
A43,1,blink_amplitude,0.3621700921939354,0.7011663533125824,2
A43,1,blink_event_count,0.28051367074564965,0.7011663533125824,2
A43,1,emg_rms_20_45hz,0.39615371731777754,0.7011663533125824,2
A43,2,posterior_alpha_logpower,0.013290709871926055,0.12397798906929229,2
A43,2,frontal_midline_theta_logpower,0.014010307287640916,0.12397798906929229,2
A43,2,aperiodic_offset,0.021957407870881022,0.12397798906929229,2
A43,2,aperiodic_exponent,-0.7144891877061317,0.12397798906929229,2
A43,2,alpha_peak_hz,-0.6922017391404163,0.12397798906929229,2
A43,2,slow_eye_logpower,0.017756841697906978,0.12397798906929229,2
A43,2,blink_amplitude,0.02010522650532213,0.12397798906929229,2
A43,2,blink_event_count,-0.09325248063378434,0.12397798906929229,2
A43,2,emg_rms_20_45hz,0.00955734472248617,0.12397798906929229,2
A47,1,posterior_alpha_logpower,0.3979295915929368,0.6981713867330955,2
A47,1,frontal_midline_theta_logpower,0.3979788300530944,0.6981713867330955,2
A47,1,aperiodic_offset,0.3977741204293781,0.6981713867330955,2
A47,1,aperiodic_exponent,0.09449704018142484,0.6981713867330955,2
A47,1,alpha_peak_hz,0.03846332242336358,0.6981713867330955,2
A47,1,slow_eye_logpower,0.3977077844343113,0.6981713867330955,2
A47,1,blink_amplitude,0.34535482958430525,0.6981713867330955,2
A47,1,blink_event_count,0.2815315496469186,0.6981713867330955,2
A47,1,emg_rms_20_45hz,0.3974041629657917,0.6981713867330955,2
A47,2,posterior_alpha_logpower,0.013901511453317354,0.12095733526796089,2
A47,2,frontal_midline_theta_logpower,0.015144424941307246,0.12095733526796089,2
A47,2,aperiodic_offset,0.02050565765435621,0.12095733526796089,2
A47,2,aperiodic_exponent,-0.6693969437173996,0.12095733526796089,2
A47,2,alpha_peak_hz,0.7005750017853353,0.12095733526796089,2
A47,2,slow_eye_logpower,0.022190845380332835,0.12095733526796089,2
A47,2,blink_amplitude,0.16387790717095102,0.12095733526796089,2
A47,2,blink_event_count,-0.18132746508578612,0.12095733526796089,2
A47,2,emg_rms_20_45hz,0.005591003496147327,0.12095733526796089,2
A51,1,posterior_alpha_logpower,0.41055044500346816,0.6519204273909777,2
A51,1,frontal_midline_theta_logpower,0.4106069084172306,0.6519204273909777,2
A51,1,aperiodic_offset,0.4103614069117497,0.6519204273909777,2
A51,1,aperiodic_exponent,0.013015963137416573,0.6519204273909777,2
A51,1,alpha_peak_hz,-0.006618179817152762,0.6519204273909777,2
A51,1,slow_eye_logpower,0.41077939891141907,0.6519204273909777,2
A51,1,blink_amplitude,0.2913735719816656,0.6519204273909777,2
A51,1,blink_event_count,0.2695834756310906,0.6519204273909777,2
A51,1,emg_rms_20_45hz,0.4097890623622127,0.6519204273909777,2
A51,2,posterior_alpha_logpower,0.020536307958353133,0.12476867183100676,2
A51,2,frontal_midline_theta_logpower,0.0205840586078586,0.12476867183100676,2
A51,2,aperiodic_offset,0.03218228568445677,0.12476867183100676,2
A51,2,aperiodic_exponent,-0.8201204910130193,0.12476867183100676,2
A51,2,alpha_peak_hz,-0.42411298162215,0.12476867183100676,2
A51,2,slow_eye_logpower,0.010939309045614434,0.12476867183100676,2
A51,2,blink_amplitude,-0.31696989137212583,0.12476867183100676,2
A51,2,blink_event_count,0.2112079061423883,0.12476867183100676,2
A51,2,emg_rms_20_45hz,0.021238078515282182,0.12476867183100676,2
A55,1,posterior_alpha_logpower,0.39552610239588454,0.705004790331027,2
A55,1,frontal_midline_theta_logpower,0.395452047348562,0.705004790331027,2
A55,1,aperiodic_offset,0.3949469937112739,0.705004790331027,2
A55,1,aperiodic_exponent,0.20795293589013017,0.705004790331027,2
A55,1,alpha_peak_hz,-0.05607442271089558,0.705004790331027,2
A55,1,slow_eye_logpower,0.39510257525868514,0.705004790331027,2
A55,1,blink_amplitude,0.3432250276107018,0.705004790331027,2
A55,1,blink_event_count,0.23406326744884468,0.705004790331027,2
A55,1,emg_rms_20_45hz,0.395107340578293,0.705004790331027,2
A55,2,posterior_alpha_logpower,0.020177716882066585,0.11735985341830202,2
A55,2,frontal_midline_theta_logpower,0.02637882570947832,0.11735985341830202,2
A55,2,aperiodic_offset,0.028965040877813444,0.11735985341830202,2
A55,2,aperiodic_exponent,-0.4209045629395714,0.11735985341830202,2
A55,2,alpha_peak_hz,-0.6935669246226357,0.11735985341830202,2
A55,2,slow_eye_logpower,0.04183374042675416,0.11735985341830202,2
A55,2,blink_amplitude,0.31252865868112917,0.11735985341830202,2
A55,2,blink_event_count,-0.4897401507170314,0.11735985341830202,2
A55,2,emg_rms_20_45hz,0.024344899039632557,0.11735985341830202,2
A59,1,posterior_alpha_logpower,0.4033094937441148,0.6778475653419045,2
A59,1,frontal_midline_theta_logpower,0.403286239948739,0.6778475653419045,2
A59,1,aperiodic_offset,0.4031326738813128,0.6778475653419045,2
A59,1,aperiodic_exponent,0.028709547816596896,0.6778475653419045,2
A59,1,alpha_peak_hz,-0.08989680514085077,0.6778475653419045,2
A59,1,slow_eye_logpower,0.40335880414373326,0.6778475653419045,2
A59,1,blink_amplitude,0.3602479024257475,0.6778475653419045,2
A59,1,blink_event_count,0.22153336878496827,0.6778475653419045,2
A59,1,emg_rms_20_45hz,0.40215186794938734,0.6778475653419045,2
A59,2,posterior_alpha_logpower,0.015602549602885494,0.12011739063380779,2
A59,2,frontal_midline_theta_logpower,0.006852183761986846,0.12011739063380779,2
A59,2,aperiodic_offset,-0.002177716804334761,0.12011739063380779,2
A59,2,aperiodic_exponent,0.7658042751127145,0.12011739063380779,2
A59,2,alpha_peak_hz,0.5652151864958354,0.12011739063380779,2
A59,2,slow_eye_logpower,-0.0023646877619661467,0.12011739063380779,2
A59,2,blink_amplitude,-0.11799907246346802,0.12011739063380779,2
A59,2,blink_event_count,0.2825542680730282,0.12011739063380779,2
A59,2,emg_rms_20_45hz,0.0037660974410140503,0.12011739063380779,2
B63,1,posterior_alpha_logpower,0.09440647311214187,0.3842051115988146,2
B63,1,frontal_midline_theta_logpower,-0.30401620798506473,0.3842051115988146,2
B63,1,aperiodic_offset,-0.424684829903724,0.3842051115988146,2
B63,1,aperiodic_exponent,0.39409111362229887,0.3842051115988146,2
B63,1,alpha_peak_hz,-0.10823861422273715,0.3842051115988146,2
B63,1,slow_eye_logpower,-0.46476818748614235,0.3842051115988146,2
B63,1,blink_amplitude,-0.43820743658016215,0.3842051115988146,2
B63,1,blink_event_count,0.373033205489158,0.3842051115988146,2
B63,1,emg_rms_20_45hz,0.0639684058798018,0.3842051115988146,2
B63,2,posterior_alpha_logpower,0.5411426137759501,0.17654502181212836,2
B63,2,frontal_midline_theta_logpower,0.28867150742945913,0.17654502181212836,2
B63,2,aperiodic_offset,0.40187508134601263,0.17654502181212836,2
B63,2,aperiodic_exponent,-0.43033725130632294,0.17654502181212836,2
B63,2,alpha_peak_hz,-0.08801357531459295,0.17654502181212836,2
B63,2,slow_eye_logpower,-0.2576661722221355,0.17654502181212836,2
B63,2,blink_amplitude,-0.2810151281131145,0.17654502181212836,2
B63,2,blink_event_count,0.34549417156073303,0.17654502181212836,2
B63,2,emg_rms_20_45hz,-0.06830615585186509,0.17654502181212836,2
B67,1,posterior_alpha_logpower,0.010998193607886241,0.3667127483570097,2
B67,1,frontal_midline_theta_logpower,-0.23195296062230014,0.3667127483570097,2
B67,1,aperiodic_offset,-0.4704453159722524,0.3667127483570097,2
B67,1,aperiodic_exponent,0.4438832050402424,0.3667127483570097,2
B67,1,alpha_peak_hz,0.12169627664989242,0.3667127483570097,2
B67,1,slow_eye_logpower,-0.4462242855596838,0.3667127483570097,2
B67,1,blink_amplitude,-0.41257935765456827,0.3667127483570097,2
B67,1,blink_event_count,0.35209633175013655,0.3667127483570097,2
B67,1,emg_rms_20_45hz,-0.1400218511184167,0.3667127483570097,2
B67,2,posterior_alpha_logpower,0.5675965635980207,0.1738668333172835,2
B67,2,frontal_midline_theta_logpower,0.4718622550867314,0.1738668333172835,2
B67,2,aperiodic_offset,0.220000126695735,0.1738668333172835,2
B67,2,aperiodic_exponent,-0.239176646207646,0.1738668333172835,2
B67,2,alpha_peak_hz,-0.0865406206467531,0.1738668333172835,2
B67,2,slow_eye_logpower,-0.2575027649133159,0.1738668333172835,2
B67,2,blink_amplitude,-0.26180575213401247,0.1738668333172835,2
B67,2,blink_event_count,0.3831490884833196,0.1738668333172835,2
B67,2,emg_rms_20_45hz,0.24582961693604855,0.1738668333172835,2
B71,1,posterior_alpha_logpower,0.3125788146360063,0.31797955661907373,2
B71,1,frontal_midline_theta_logpower,0.23903753455601628,0.31797955661907373,2
B71,1,aperiodic_offset,0.519145148076934,0.31797955661907373,2
B71,1,aperiodic_exponent,-0.3994792365598877,0.31797955661907373,2
B71,1,alpha_peak_hz,0.1704681493478096,0.31797955661907373,2
B71,1,slow_eye_logpower,0.4532619666589492,0.31797955661907373,2
B71,1,blink_amplitude,0.2492357683503045,0.31797955661907373,2
B71,1,blink_event_count,-0.31912062618765746,0.31797955661907373,2
B71,1,emg_rms_20_45hz,-0.13265727968967153,0.31797955661907373,2
B71,2,posterior_alpha_logpower,0.2603147339824119,0.17204368420613445,2
B71,2,frontal_midline_theta_logpower,0.4155661072775662,0.17204368420613445,2
B71,2,aperiodic_offset,0.22406346392707133,0.17204368420613445,2
B71,2,aperiodic_exponent,-0.3275094192509525,0.17204368420613445,2
B71,2,alpha_peak_hz,-0.16291620226236397,0.17204368420613445,2
B71,2,slow_eye_logpower,-0.386129541125215,0.17204368420613445,2
B71,2,blink_amplitude,-0.5810656533684142,0.17204368420613445,2
B71,2,blink_event_count,0.28610364343645606,0.17204368420613445,2
B71,2,emg_rms_20_45hz,-0.08333003292633832,0.17204368420613445,2
B75,1,posterior_alpha_logpower,0.17150838868747575,0.32364110569950966,2
B75,1,frontal_midline_theta_logpower,0.25372475992934557,0.32364110569950966,2
B75,1,aperiodic_offset,0.4548924974639543,0.32364110569950966,2
B75,1,aperiodic_exponent,-0.3253285303848424,0.32364110569950966,2
B75,1,alpha_peak_hz,-0.07054575706493615,0.32364110569950966,2
B75,1,slow_eye_logpower,0.4889317784381512,0.32364110569950966,2
B75,1,blink_amplitude,0.463669782346905,0.32364110569950966,2
B75,1,blink_event_count,-0.3655187876495455,0.32364110569950966,2
B75,1,emg_rms_20_45hz,-0.028603197099084057,0.32364110569950966,2
B75,2,posterior_alpha_logpower,0.6144441082480198,0.18468996038528854,2
B75,2,frontal_midline_theta_logpower,0.38939668295894003,0.18468996038528854,2
B75,2,aperiodic_offset,0.02588567747585019,0.18468996038528854,2
B75,2,aperiodic_exponent,0.0005362032997753841,0.18468996038528854,2
B75,2,alpha_peak_hz,-0.5818002702695677,0.18468996038528854,2
B75,2,slow_eye_logpower,-0.1970254182362406,0.18468996038528854,2
B75,2,blink_amplitude,-0.15332709394212884,0.18468996038528854,2
B75,2,blink_event_count,0.23534360474056037,0.18468996038528854,2
B75,2,emg_rms_20_45hz,0.11811826861913587,0.18468996038528854,2
B79,1,posterior_alpha_logpower,0.09589093835891342,0.39694312689952643,2
B79,1,frontal_midline_theta_logpower,0.31800393242880276,0.39694312689952643,2
B79,1,aperiodic_offset,0.4390182266629348,0.39694312689952643,2
B79,1,aperiodic_exponent,-0.45316405060250187,0.39694312689952643,2
B79,1,alpha_peak_hz,0.018170993566708038,0.39694312689952643,2
B79,1,slow_eye_logpower,0.4587461789782483,0.39694312689952643,2
B79,1,blink_amplitude,0.41216376695202894,0.39694312689952643,2
B79,1,blink_event_count,-0.27723400053675495,0.39694312689952643,2
B79,1,emg_rms_20_45hz,0.1845748174147468,0.39694312689952643,2
B79,2,posterior_alpha_logpower,0.5291751391644294,0.14824989022085172,2
B79,2,frontal_midline_theta_logpower,0.18678333905296274,0.14824989022085172,2
B79,2,aperiodic_offset,0.3369204092007872,0.14824989022085172,2
B79,2,aperiodic_exponent,-0.2016003358226235,0.14824989022085172,2
B79,2,alpha_peak_hz,-0.41669076172000985,0.14824989022085172,2
B79,2,slow_eye_logpower,-0.1735599792813866,0.14824989022085172,2
B79,2,blink_amplitude,-0.2080318664007308,0.14824989022085172,2
B79,2,blink_event_count,0.4100679317859629,0.14824989022085172,2
B79,2,emg_rms_20_45hz,-0.34020637174275054,0.14824989022085172,2
C83,1,posterior_alpha_logpower,0.4114444810517378,0.6470558091731746,2
C83,1,frontal_midline_theta_logpower,0.4114867340112518,0.6470558091731746,2
C83,1,aperiodic_offset,0.4113446128886587,0.6470558091731746,2
C83,1,aperiodic_exponent,0.12641709421734637,0.6470558091731746,2
C83,1,alpha_peak_hz,0.09952502309048346,0.6470558091731746,2
C83,1,slow_eye_logpower,0.4109274657567201,0.6470558091731746,2
C83,1,blink_amplitude,0.2320064631828832,0.6470558091731746,2
C83,1,blink_event_count,0.27258679191958773,0.6470558091731746,2
C83,1,emg_rms_20_45hz,0.4114720695987716,0.6470558091731746,2
C83,2,posterior_alpha_logpower,0.037448885078673104,0.13500938825148362,2
C83,2,frontal_midline_theta_logpower,0.041875992080833715,0.13500938825148362,2
C83,2,aperiodic_offset,0.045938323564817626,0.13500938825148362,2
C83,2,aperiodic_exponent,-0.6272844525175519,0.13500938825148362,2
C83,2,alpha_peak_hz,-0.43550185963379545,0.13500938825148362,2
C83,2,slow_eye_logpower,0.07627709007313488,0.13500938825148362,2
C83,2,blink_amplitude,0.5259239645923615,0.13500938825148362,2
C83,2,blink_event_count,-0.3575025285077952,0.13500938825148362,2
C83,2,emg_rms_20_45hz,0.03692871125404826,0.13500938825148362,2
C87,1,posterior_alpha_logpower,0.0025024846730749627,0.4352337167834466,2
C87,1,frontal_midline_theta_logpower,0.37580973668079815,0.4352337167834466,2
C87,1,aperiodic_offset,0.4515666137979401,0.4352337167834466,2
C87,1,aperiodic_exponent,-0.39899300845804153,0.4352337167834466,2
C87,1,alpha_peak_hz,-0.16257223827824346,0.4352337167834466,2
C87,1,slow_eye_logpower,0.4604264244571913,0.4352337167834466,2
C87,1,blink_amplitude,0.4084931489090078,0.4352337167834466,2
C87,1,blink_event_count,-0.29819576825875316,0.4352337167834466,2
C87,1,emg_rms_20_45hz,0.03799155143946381,0.4352337167834466,2
C87,2,posterior_alpha_logpower,0.32933408938987235,0.13236739584216534,2
C87,2,frontal_midline_theta_logpower,0.2782586349066216,0.13236739584216534,2
C87,2,aperiodic_offset,0.2985978174757407,0.13236739584216534,2
C87,2,aperiodic_exponent,-0.3292846669377167,0.13236739584216534,2
C87,2,alpha_peak_hz,-0.2530295353063611,0.13236739584216534,2
C87,2,slow_eye_logpower,-0.21522275411958508,0.13236739584216534,2
C87,2,blink_amplitude,-0.3824050476579891,0.13236739584216534,2
C87,2,blink_event_count,0.5565448305277527,0.13236739584216534,2
C87,2,emg_rms_20_45hz,0.22405711926747904,0.13236739584216534,2
A4,1,posterior_alpha_logpower,0.43146415549591666,0.5794493617234778,2
A4,1,frontal_midline_theta_logpower,0.431392016201784,0.5794493617234778,2
A4,1,aperiodic_offset,0.43077425597707986,0.5794493617234778,2
A4,1,aperiodic_exponent,0.01427091205210168,0.5794493617234778,2
A4,1,alpha_peak_hz,0.04580675088495938,0.5794493617234778,2
A4,1,slow_eye_logpower,0.43061265180262465,0.5794493617234778,2
A4,1,blink_amplitude,0.3366547052601706,0.5794493617234778,2
A4,1,blink_event_count,0.017692475809704566,0.5794493617234778,2
A4,1,emg_rms_20_45hz,0.3752260168790732,0.5794493617234778,2
A4,2,posterior_alpha_logpower,0.024674219198317252,0.135954998051347,2
A4,2,frontal_midline_theta_logpower,0.015557950711803895,0.135954998051347,2
A4,2,aperiodic_offset,-0.02072510499726519,0.135954998051347,2
A4,2,aperiodic_exponent,0.15654420155847526,0.135954998051347,2
A4,2,alpha_peak_hz,0.6482945581602703,0.135954998051347,2
A4,2,slow_eye_logpower,-0.056544355470087695,0.135954998051347,2
A4,2,blink_amplitude,-0.170480495599139,0.135954998051347,2
A4,2,blink_event_count,0.7182108325847387,0.135954998051347,2
A4,2,emg_rms_20_45hz,0.07642001282604678,0.135954998051347,2
A8,1,posterior_alpha_logpower,0.4111934575907863,0.6379854454642389,2
A8,1,frontal_midline_theta_logpower,0.4134061402567496,0.6379854454642389,2
A8,1,aperiodic_offset,0.41434989626168933,0.6379854454642389,2
A8,1,aperiodic_exponent,-0.08490636855410852,0.6379854454642389,2
A8,1,alpha_peak_hz,-0.0635012492543513,0.6379854454642389,2
A8,1,slow_eye_logpower,0.4113206275072972,0.6379854454642389,2
A8,1,blink_amplitude,0.37111062941079503,0.6379854454642389,2
A8,1,blink_event_count,-0.046859936700271304,0.6379854454642389,2
A8,1,emg_rms_20_45hz,0.4098589458342252,0.6379854454642389,2
A8,2,posterior_alpha_logpower,0.0424247624328554,0.12614406946436338,2
A8,2,frontal_midline_theta_logpower,0.04702670263726836,0.12614406946436338,2
A8,2,aperiodic_offset,-0.014877050762595358,0.12614406946436338,2
A8,2,aperiodic_exponent,0.7398429812251945,0.12614406946436338,2
A8,2,alpha_peak_hz,-0.5813583711725889,0.12614406946436338,2
A8,2,slow_eye_logpower,-0.03341085333210148,0.12614406946436338,2
A8,2,blink_amplitude,-0.0029476742189844442,0.12614406946436338,2
A8,2,blink_event_count,0.3248167546323467,0.12614406946436338,2
A8,2,emg_rms_20_45hz,0.06157281492662925,0.12614406946436338,2
A12,1,posterior_alpha_logpower,0.4151573931713097,0.6333767293212582,2
A12,1,frontal_midline_theta_logpower,0.41664534791027297,0.6333767293212582,2
A12,1,aperiodic_offset,0.4168763900521302,0.6333767293212582,2
A12,1,aperiodic_exponent,-0.012602326589099419,0.6333767293212582,2
A12,1,alpha_peak_hz,0.024516395789217153,0.6333767293212582,2
A12,1,slow_eye_logpower,0.4116270894564474,0.6333767293212582,2
A12,1,blink_amplitude,0.36420736641316953,0.6333767293212582,2
A12,1,blink_event_count,0.07701183404868735,0.6333767293212582,2
A12,1,emg_rms_20_45hz,0.41411412312494034,0.6333767293212582,2
A12,2,posterior_alpha_logpower,0.07734958867811612,0.15351603955633028,2
A12,2,frontal_midline_theta_logpower,0.03272127311795281,0.15351603955633028,2
A12,2,aperiodic_offset,-0.010906717612645183,0.15351603955633028,2
A12,2,aperiodic_exponent,0.6902370520453751,0.15351603955633028,2
A12,2,alpha_peak_hz,0.28817055542382464,0.15351603955633028,2
A12,2,slow_eye_logpower,-0.09203539318641793,0.15351603955633028,2
A12,2,blink_amplitude,-0.21295656225040294,0.15351603955633028,2
A12,2,blink_event_count,0.6121448696021644,0.15351603955633028,2
A12,2,emg_rms_20_45hz,0.06939447754310059,0.15351603955633028,2
A16,1,posterior_alpha_logpower,0.4162478763321729,0.630338156503554,2
A16,1,frontal_midline_theta_logpower,0.41755610350337435,0.630338156503554,2
A16,1,aperiodic_offset,0.4173876524211857,0.630338156503554,2
A16,1,aperiodic_exponent,0.04447094262983162,0.630338156503554,2
A16,1,alpha_peak_hz,-0.010904790359714683,0.630338156503554,2
A16,1,slow_eye_logpower,0.41529956444096117,0.630338156503554,2
A16,1,blink_amplitude,0.3599699898435246,0.630338156503554,2
A16,1,blink_event_count,0.02921015446119198,0.630338156503554,2
A16,1,emg_rms_20_45hz,0.4161372602336204,0.630338156503554,2
A16,2,posterior_alpha_logpower,0.06621528031394514,0.1498735373076067,2
A16,2,frontal_midline_theta_logpower,0.01931079206625578,0.1498735373076067,2
A16,2,aperiodic_offset,-0.011009312314402789,0.1498735373076067,2
A16,2,aperiodic_exponent,0.693460552559865,0.1498735373076067,2
A16,2,alpha_peak_hz,0.32783026471194016,0.1498735373076067,2
A16,2,slow_eye_logpower,-0.06832396077186878,0.1498735373076067,2
A16,2,blink_amplitude,-0.22034052022108885,0.1498735373076067,2
A16,2,blink_event_count,0.5895460862700994,0.1498735373076067,2
A16,2,emg_rms_20_45hz,0.07732081404188597,0.1498735373076067,2
A20,1,posterior_alpha_logpower,0.4129853237277859,0.6346509981966524,2
A20,1,frontal_midline_theta_logpower,0.4156612188969362,0.6346509981966524,2
A20,1,aperiodic_offset,0.41510314339961685,0.6346509981966524,2
A20,1,aperiodic_exponent,-0.0239322453098535,0.6346509981966524,2
A20,1,alpha_peak_hz,0.032711003293918905,0.6346509981966524,2
A20,1,slow_eye_logpower,0.4136617207297239,0.6346509981966524,2
A20,1,blink_amplitude,0.37393615576196526,0.6346509981966524,2
A20,1,blink_event_count,0.005014888236599041,0.6346509981966524,2
A20,1,emg_rms_20_45hz,0.41442258003289545,0.6346509981966524,2
A20,2,posterior_alpha_logpower,0.08709883203951652,0.14660424121118734,2
A20,2,frontal_midline_theta_logpower,0.043711737409574125,0.14660424121118734,2
A20,2,aperiodic_offset,-0.019318040131018913,0.14660424121118734,2
A20,2,aperiodic_exponent,0.6696748180105848,0.14660424121118734,2
A20,2,alpha_peak_hz,0.0005562215182215624,0.14660424121118734,2
A20,2,slow_eye_logpower,-0.056663725146635535,0.14660424121118734,2
A20,2,blink_amplitude,-0.11932524330167167,0.14660424121118734,2
A20,2,blink_event_count,0.7192702013036778,0.14660424121118734,2
A20,2,emg_rms_20_45hz,0.08286317406222336,0.14660424121118734,2
A24,1,posterior_alpha_logpower,0.4133372994231052,0.6401908255791783,2
A24,1,frontal_midline_theta_logpower,0.4134220654642192,0.6401908255791783,2
A24,1,aperiodic_offset,0.4125108657006502,0.6401908255791783,2
A24,1,aperiodic_exponent,0.07923004243849636,0.6401908255791783,2
A24,1,alpha_peak_hz,0.0029421897524951053,0.6401908255791783,2
A24,1,slow_eye_logpower,0.41253848891450556,0.6401908255791783,2
A24,1,blink_amplitude,0.37416982762168016,0.6401908255791783,2
A24,1,blink_event_count,-0.02081154599952701,0.6401908255791783,2
A24,1,emg_rms_20_45hz,0.41371368974361417,0.6401908255791783,2
A24,2,posterior_alpha_logpower,0.05157636543965843,0.12354924425339246,2
A24,2,frontal_midline_theta_logpower,0.021303304997217085,0.12354924425339246,2
A24,2,aperiodic_offset,-0.045353357689604516,0.12354924425339246,2
A24,2,aperiodic_exponent,0.7198050459063295,0.12354924425339246,2
A24,2,alpha_peak_hz,-0.413782960053806,0.12354924425339246,2
A24,2,slow_eye_logpower,-0.05405434244056718,0.12354924425339246,2
A24,2,blink_amplitude,-0.14513391272423,0.12354924425339246,2
A24,2,blink_event_count,0.5282837594276802,0.12354924425339246,2
A24,2,emg_rms_20_45hz,0.04923437308463968,0.12354924425339246,2
A28,1,posterior_alpha_logpower,0.40783909434420273,0.6610562000453343,2
A28,1,frontal_midline_theta_logpower,0.40838469469722893,0.6610562000453343,2
A28,1,aperiodic_offset,0.405493166603001,0.6610562000453343,2
A28,1,aperiodic_exponent,0.08962352379577357,0.6610562000453343,2
A28,1,alpha_peak_hz,0.03791001849764464,0.6610562000453343,2
A28,1,slow_eye_logpower,0.40818115365408575,0.6610562000453343,2
A28,1,blink_amplitude,0.39810561954880475,0.6610562000453343,2
A28,1,blink_event_count,-0.03606362919315894,0.6610562000453343,2
A28,1,emg_rms_20_45hz,0.4081598176137128,0.6610562000453343,2
A28,2,posterior_alpha_logpower,0.004055829386998928,0.11912394424164248,2
A28,2,frontal_midline_theta_logpower,-0.005726527151834978,0.11912394424164248,2
A28,2,aperiodic_offset,-0.06002526654773052,0.11912394424164248,2
A28,2,aperiodic_exponent,0.49561117567348206,0.11912394424164248,2
A28,2,alpha_peak_hz,0.7084399617257809,0.11912394424164248,2
A28,2,slow_eye_logpower,-0.015389122856110386,0.11912394424164248,2
A28,2,blink_amplitude,-0.06670499459036522,0.11912394424164248,2
A28,2,blink_event_count,0.4939913460934426,0.11912394424164248,2
A28,2,emg_rms_20_45hz,0.010783147377619694,0.11912394424164248,2
A32,1,posterior_alpha_logpower,0.4125716817657726,0.6213777403849255,2
A32,1,frontal_midline_theta_logpower,0.41865145799322345,0.6213777403849255,2
A32,1,aperiodic_offset,0.41998490177070247,0.6213777403849255,2
A32,1,aperiodic_exponent,-0.07093946293195191,0.6213777403849255,2
A32,1,alpha_peak_hz,-0.0018705067765236241,0.6213777403849255,2
A32,1,slow_eye_logpower,0.4179989337190381,0.6213777403849255,2
A32,1,blink_amplitude,0.35514177169080274,0.6213777403849255,2
A32,1,blink_event_count,-0.03865890954145343,0.6213777403849255,2
A32,1,emg_rms_20_45hz,0.4132179114416738,0.6213777403849255,2
A32,2,posterior_alpha_logpower,0.12550443040804984,0.16663243874234304,2
A32,2,frontal_midline_theta_logpower,0.060344623726728976,0.16663243874234304,2
A32,2,aperiodic_offset,0.007966852352958798,0.16663243874234304,2
A32,2,aperiodic_exponent,0.6352634816183244,0.16663243874234304,2
A32,2,alpha_peak_hz,0.444887560687045,0.16663243874234304,2
A32,2,slow_eye_logpower,-0.04890077194745382,0.16663243874234304,2
A32,2,blink_amplitude,-0.12159024934856459,0.16663243874234304,2
A32,2,blink_event_count,0.5883227990157653,0.16663243874234304,2
A32,2,emg_rms_20_45hz,0.12553832399495946,0.16663243874234304,2
A36,1,posterior_alpha_logpower,0.41280133163283217,0.6316011616150813,2
A36,1,frontal_midline_theta_logpower,0.4151714253091662,0.6316011616150813,2
A36,1,aperiodic_offset,0.417191558646135,0.6316011616150813,2
A36,1,aperiodic_exponent,-0.06836628662484673,0.6316011616150813,2
A36,1,alpha_peak_hz,0.009310270404727065,0.6316011616150813,2
A36,1,slow_eye_logpower,0.4150714252461831,0.6316011616150813,2
A36,1,blink_amplitude,0.3676519627706196,0.6316011616150813,2
A36,1,blink_event_count,-0.001630668683636427,0.6316011616150813,2
A36,1,emg_rms_20_45hz,0.41347721636881246,0.6316011616150813,2
A36,2,posterior_alpha_logpower,0.112061867302369,0.16525874293352974,2
A36,2,frontal_midline_theta_logpower,0.08073061471295327,0.16525874293352974,2
A36,2,aperiodic_offset,0.0022182212455636105,0.16525874293352974,2
A36,2,aperiodic_exponent,0.633495121299866,0.16525874293352974,2
A36,2,alpha_peak_hz,0.2532833322870514,0.16525874293352974,2
A36,2,slow_eye_logpower,-0.05672527913433032,0.16525874293352974,2
A36,2,blink_amplitude,-0.1594447264522989,0.16525874293352974,2
A36,2,blink_event_count,0.6897263959196727,0.16525874293352974,2
A36,2,emg_rms_20_45hz,0.10530142828783845,0.16525874293352974,2
A40,1,posterior_alpha_logpower,0.4052255805160088,0.667892717619048,2
A40,1,frontal_midline_theta_logpower,0.40656659992628363,0.667892717619048,2
A40,1,aperiodic_offset,0.4070575226153528,0.667892717619048,2
A40,1,aperiodic_exponent,-0.11711783058676141,0.667892717619048,2
A40,1,alpha_peak_hz,0.038593374338054806,0.667892717619048,2
A40,1,slow_eye_logpower,0.40562259943877704,0.667892717619048,2
A40,1,blink_amplitude,0.40109420990057976,0.667892717619048,2
A40,1,blink_event_count,-0.021326535990330235,0.667892717619048,2
A40,1,emg_rms_20_45hz,0.4046392068118968,0.667892717619048,2
A40,2,posterior_alpha_logpower,0.03214693623134414,0.12560320626040022,2
A40,2,frontal_midline_theta_logpower,-0.006040615574768154,0.12560320626040022,2
A40,2,aperiodic_offset,-0.03526407284054395,0.12560320626040022,2
A40,2,aperiodic_exponent,0.6117369289427746,0.12560320626040022,2
A40,2,alpha_peak_hz,0.30352537800790225,0.12560320626040022,2
A40,2,slow_eye_logpower,0.0420608027245345,0.12560320626040022,2
A40,2,blink_amplitude,0.03040094563231353,0.12560320626040022,2
A40,2,blink_event_count,-0.7255630601741339,0.12560320626040022,2
A40,2,emg_rms_20_45hz,0.046922514675899404,0.12560320626040022,2
A44,1,posterior_alpha_logpower,0.4062173601028099,0.6666352856248117,2
A44,1,frontal_midline_theta_logpower,0.406430387801639,0.6666352856248117,2
A44,1,aperiodic_offset,0.40656466762974264,0.6666352856248117,2
A44,1,aperiodic_exponent,-0.10971333673389769,0.6666352856248117,2
A44,1,alpha_peak_hz,0.07285583076086316,0.6666352856248117,2
A44,1,slow_eye_logpower,0.4065268687362436,0.6666352856248117,2
A44,1,blink_amplitude,0.3397959795886231,0.6666352856248117,2
A44,1,blink_event_count,0.20464828191226997,0.6666352856248117,2
A44,1,emg_rms_20_45hz,0.40565460293919736,0.6666352856248117,2
A44,2,posterior_alpha_logpower,0.025592400362582243,0.14153342731076712,2
A44,2,frontal_midline_theta_logpower,0.022329105424475092,0.14153342731076712,2
A44,2,aperiodic_offset,0.013733475139814143,0.14153342731076712,2
A44,2,aperiodic_exponent,0.6403245370703471,0.14153342731076712,2
A44,2,alpha_peak_hz,0.563486432240165,0.14153342731076712,2
A44,2,slow_eye_logpower,0.0023780604821620407,0.14153342731076712,2
A44,2,blink_amplitude,-0.28672751618085185,0.14153342731076712,2
A44,2,blink_event_count,0.43364984592796546,0.14153342731076712,2
A44,2,emg_rms_20_45hz,0.029237768072397263,0.14153342731076712,2
A48,1,posterior_alpha_logpower,0.402247063355154,0.682635981790868,2
A48,1,frontal_midline_theta_logpower,0.40224327588042486,0.682635981790868,2
A48,1,aperiodic_offset,0.4023477658290823,0.682635981790868,2
A48,1,aperiodic_exponent,-0.0346617345464148,0.682635981790868,2
A48,1,alpha_peak_hz,0.007079865222795133,0.682635981790868,2
A48,1,slow_eye_logpower,0.4022590501363939,0.682635981790868,2
A48,1,blink_amplitude,0.3749117046395211,0.682635981790868,2
A48,1,blink_event_count,0.2231644569415078,0.682635981790868,2
A48,1,emg_rms_20_45hz,0.40135876407000626,0.682635981790868,2
A48,2,posterior_alpha_logpower,0.00974007400855089,0.13352922334387898,2
A48,2,frontal_midline_theta_logpower,0.007428426784299561,0.13352922334387898,2
A48,2,aperiodic_offset,-0.004612604820527303,0.13352922334387898,2
A48,2,aperiodic_exponent,0.716415591434162,0.13352922334387898,2
A48,2,alpha_peak_hz,0.6725507827609414,0.13352922334387898,2
A48,2,slow_eye_logpower,0.0026244612908190353,0.13352922334387898,2
A48,2,blink_amplitude,-0.07299696799192183,0.13352922334387898,2
A48,2,blink_event_count,0.16983610335267343,0.13352922334387898,2
A48,2,emg_rms_20_45hz,0.008548165485805267,0.13352922334387898,2
A52,1,posterior_alpha_logpower,0.39396331437111387,0.7081938347220069,2
A52,1,frontal_midline_theta_logpower,0.39409915322219213,0.7081938347220069,2
A52,1,aperiodic_offset,0.394307181471911,0.7081938347220069,2
A52,1,aperiodic_exponent,-0.19290795704191405,0.7081938347220069,2
A52,1,alpha_peak_hz,0.02780312959846679,0.7081938347220069,2
A52,1,slow_eye_logpower,0.3942282389694951,0.7081938347220069,2
A52,1,blink_amplitude,0.33867316814163567,0.7081938347220069,2
A52,1,blink_event_count,0.26676476603220745,0.7081938347220069,2
A52,1,emg_rms_20_45hz,0.3933640266688109,0.7081938347220069,2
A52,2,posterior_alpha_logpower,0.02336183767084213,0.11766153346704049,2
A52,2,frontal_midline_theta_logpower,0.024772975246809492,0.11766153346704049,2
A52,2,aperiodic_offset,0.021206078807813757,0.11766153346704049,2
A52,2,aperiodic_exponent,0.4422212527863786,0.11766153346704049,2
A52,2,alpha_peak_hz,0.86289421366765,0.11766153346704049,2
A52,2,slow_eye_logpower,0.017180646308275663,0.11766153346704049,2
A52,2,blink_amplitude,-0.11558006838579724,0.11766153346704049,2
A52,2,blink_event_count,0.20947879471719447,0.11766153346704049,2
A52,2,emg_rms_20_45hz,0.026635949594282952,0.11766153346704049,2
A56,1,posterior_alpha_logpower,0.39310742138243393,0.7123463734955361,2
A56,1,frontal_midline_theta_logpower,0.3934109387685535,0.7123463734955361,2
A56,1,aperiodic_offset,0.39352682666384253,0.7123463734955361,2
A56,1,aperiodic_exponent,-0.16796400955207996,0.7123463734955361,2
A56,1,alpha_peak_hz,-0.055619164174661534,0.7123463734955361,2
A56,1,slow_eye_logpower,0.3932254738914091,0.7123463734955361,2
A56,1,blink_amplitude,0.3496193610934825,0.7123463734955361,2
A56,1,blink_event_count,0.2714669059177792,0.7123463734955361,2
A56,1,emg_rms_20_45hz,0.39239186192093256,0.7123463734955361,2
A56,2,posterior_alpha_logpower,0.055567956374333725,0.12142004709374296,2
A56,2,frontal_midline_theta_logpower,0.05091161532488809,0.12142004709374296,2
A56,2,aperiodic_offset,0.046123490988583746,0.12142004709374296,2
A56,2,aperiodic_exponent,0.5565471436157344,0.12142004709374296,2
A56,2,alpha_peak_hz,0.803224663381645,0.12142004709374296,2
A56,2,slow_eye_logpower,0.048949049463883024,0.12142004709374296,2
A56,2,blink_amplitude,-0.03259642195524126,0.12142004709374296,2
A56,2,blink_event_count,0.17435549275266102,0.12142004709374296,2
A56,2,emg_rms_20_45hz,0.058479708243981035,0.12142004709374296,2
A60,1,posterior_alpha_logpower,0.3870905748582093,0.7368044369651561,2
A60,1,frontal_midline_theta_logpower,0.3869751630167878,0.7368044369651561,2
A60,1,aperiodic_offset,0.3868634728039845,0.7368044369651561,2
A60,1,aperiodic_exponent,0.15909724293773891,0.7368044369651561,2
A60,1,alpha_peak_hz,-0.004209619982336739,0.7368044369651561,2
A60,1,slow_eye_logpower,0.3868319081060168,0.7368044369651561,2
A60,1,blink_amplitude,0.34961701406498585,0.7368044369651561,2
A60,1,blink_event_count,0.32252694517507524,0.7368044369651561,2
A60,1,emg_rms_20_45hz,0.3866826836654331,0.7368044369651561,2
A60,2,posterior_alpha_logpower,0.00907862487959321,0.11181277917023458,2
A60,2,frontal_midline_theta_logpower,0.007039795274254272,0.11181277917023458,2
A60,2,aperiodic_offset,0.008064189617483222,0.11181277917023458,2
A60,2,aperiodic_exponent,-0.1931700563450955,0.11181277917023458,2
A60,2,alpha_peak_hz,-0.9807036828165101,0.11181277917023458,2
A60,2,slow_eye_logpower,0.006054966346774146,0.11181277917023458,2
A60,2,blink_amplitude,0.015966096495267826,0.11181277917023458,2
A60,2,blink_event_count,0.01847721372895468,0.11181277917023458,2
A60,2,emg_rms_20_45hz,0.008695875943794602,0.11181277917023458,2
B64,1,posterior_alpha_logpower,0.09611429737248252,0.28747742105713836,2
B64,1,frontal_midline_theta_logpower,0.20088827079434807,0.28747742105713836,2
B64,1,aperiodic_offset,0.4398785201332618,0.28747742105713836,2
B64,1,aperiodic_exponent,-0.3439535032765123,0.28747742105713836,2
B64,1,alpha_peak_hz,0.031840722407852434,0.28747742105713836,2
B64,1,slow_eye_logpower,0.5005376813260175,0.28747742105713836,2
B64,1,blink_amplitude,0.44493044339498566,0.28747742105713836,2
B64,1,blink_event_count,-0.43475685910898276,0.28747742105713836,2
B64,1,emg_rms_20_45hz,0.008966134863552674,0.28747742105713836,2
B64,2,posterior_alpha_logpower,0.30299996010797814,0.1901609442125667,2
B64,2,frontal_midline_theta_logpower,0.2568117272756617,0.1901609442125667,2
B64,2,aperiodic_offset,0.4664650086485357,0.1901609442125667,2
B64,2,aperiodic_exponent,-0.4826232208937138,0.1901609442125667,2
B64,2,alpha_peak_hz,-0.27657017127416195,0.1901609442125667,2
B64,2,slow_eye_logpower,-0.3573194073480812,0.1901609442125667,2
B64,2,blink_amplitude,-0.3068816341419123,0.1901609442125667,2
B64,2,blink_event_count,0.2953490436919039,0.1901609442125667,2
B64,2,emg_rms_20_45hz,0.07841154111110622,0.1901609442125667,2
B68,1,posterior_alpha_logpower,0.07910133978593947,0.25341398018947225,2
B68,1,frontal_midline_theta_logpower,0.2797370132538892,0.25341398018947225,2
B68,1,aperiodic_offset,0.5612442486979037,0.25341398018947225,2
B68,1,aperiodic_exponent,-0.4839875432581074,0.25341398018947225,2
B68,1,alpha_peak_hz,0.01273962236216522,0.25341398018947225,2
B68,1,slow_eye_logpower,0.4269442420797042,0.25341398018947225,2
B68,1,blink_amplitude,0.38106481136281767,0.25341398018947225,2
B68,1,blink_event_count,-0.12581756072337674,0.25341398018947225,2
B68,1,emg_rms_20_45hz,0.150887374773589,0.25341398018947225,2
B68,2,posterior_alpha_logpower,0.2560735971012637,0.2092137304623732,2
B68,2,frontal_midline_theta_logpower,-0.31394957348428765,0.2092137304623732,2
B68,2,aperiodic_offset,-0.31279448874736704,0.2092137304623732,2
B68,2,aperiodic_exponent,0.39359700104768236,0.2092137304623732,2
B68,2,alpha_peak_hz,0.09120166921420483,0.2092137304623732,2
B68,2,slow_eye_logpower,0.4439830331659742,0.2092137304623732,2
B68,2,blink_amplitude,0.4244501537429607,0.2092137304623732,2
B68,2,blink_event_count,-0.39042571320118136,0.2092137304623732,2
B68,2,emg_rms_20_45hz,0.2123067073938264,0.2092137304623732,2
B72,1,posterior_alpha_logpower,0.16803963953028617,0.38092170146514387,2
B72,1,frontal_midline_theta_logpower,0.2079269471427877,0.38092170146514387,2
B72,1,aperiodic_offset,0.45013567697976714,0.38092170146514387,2
B72,1,aperiodic_exponent,-0.43239841004481905,0.38092170146514387,2
B72,1,alpha_peak_hz,-0.02360567383798562,0.38092170146514387,2
B72,1,slow_eye_logpower,0.46781149319561033,0.38092170146514387,2
B72,1,blink_amplitude,0.43818730493521485,0.38092170146514387,2
B72,1,blink_event_count,-0.3545229595607451,0.38092170146514387,2
B72,1,emg_rms_20_45hz,0.04288458270454723,0.38092170146514387,2
B72,2,posterior_alpha_logpower,0.35027920738973356,0.1537778524240272,2
B72,2,frontal_midline_theta_logpower,-0.35826240766388195,0.1537778524240272,2
B72,2,aperiodic_offset,0.2696105257825641,0.1537778524240272,2
B72,2,aperiodic_exponent,-0.3261132240966072,0.1537778524240272,2
B72,2,alpha_peak_hz,0.46905478859265093,0.1537778524240272,2
B72,2,slow_eye_logpower,-0.09741390348288567,0.1537778524240272,2
B72,2,blink_amplitude,-0.18664191355463544,0.1537778524240272,2
B72,2,blink_event_count,0.2456119856707962,0.1537778524240272,2
B72,2,emg_rms_20_45hz,-0.4952277646577443,0.1537778524240272,2
B76,1,posterior_alpha_logpower,0.01031608789717323,0.34177766694910894,2
B76,1,frontal_midline_theta_logpower,0.25519327079944226,0.34177766694910894,2
B76,1,aperiodic_offset,0.4808174799830088,0.34177766694910894,2
B76,1,aperiodic_exponent,-0.45161288951932554,0.34177766694910894,2
B76,1,alpha_peak_hz,-0.14474678058756868,0.34177766694910894,2
B76,1,slow_eye_logpower,0.4428273066287368,0.34177766694910894,2
B76,1,blink_amplitude,0.39823956193495935,0.34177766694910894,2
B76,1,blink_event_count,-0.3494877046228051,0.34177766694910894,2
B76,1,emg_rms_20_45hz,-0.042968168133885584,0.34177766694910894,2
B76,2,posterior_alpha_logpower,0.4835322146406182,0.22174070061664056,2
B76,2,frontal_midline_theta_logpower,0.40124344088434505,0.22174070061664056,2
B76,2,aperiodic_offset,0.28265574969865664,0.22174070061664056,2
B76,2,aperiodic_exponent,-0.2915411587532976,0.22174070061664056,2
B76,2,alpha_peak_hz,-0.275924016742735,0.22174070061664056,2
B76,2,slow_eye_logpower,-0.3327670218287542,0.22174070061664056,2
B76,2,blink_amplitude,-0.3796920099032388,0.22174070061664056,2
B76,2,blink_event_count,0.3293341360973211,0.22174070061664056,2
B76,2,emg_rms_20_45hz,0.02854521065873806,0.22174070061664056,2
B80,1,posterior_alpha_logpower,0.019545446717390863,0.43158991659103446,2
B80,1,frontal_midline_theta_logpower,-0.40081025552558347,0.43158991659103446,2
B80,1,aperiodic_offset,-0.4662516124343983,0.43158991659103446,2
B80,1,aperiodic_exponent,0.4601937481330064,0.43158991659103446,2
B80,1,alpha_peak_hz,0.09414885980218819,0.43158991659103446,2
B80,1,slow_eye_logpower,-0.46209883388780554,0.43158991659103446,2
B80,1,blink_amplitude,-0.2681602562983315,0.43158991659103446,2
B80,1,blink_event_count,0.3304705539289136,0.43158991659103446,2
B80,1,emg_rms_20_45hz,0.07924779179990395,0.43158991659103446,2
B80,2,posterior_alpha_logpower,0.5684287927616203,0.1370724976896216,2
B80,2,frontal_midline_theta_logpower,0.29140634115151176,0.1370724976896216,2
B80,2,aperiodic_offset,0.2648975740656262,0.1370724976896216,2
B80,2,aperiodic_exponent,-0.2375540733501711,0.1370724976896216,2
B80,2,alpha_peak_hz,-0.13617711691960005,0.1370724976896216,2
B80,2,slow_eye_logpower,-0.18937796757578196,0.1370724976896216,2
B80,2,blink_amplitude,-0.4863413987120663,0.1370724976896216,2
B80,2,blink_event_count,0.3485031995448908,0.1370724976896216,2
B80,2,emg_rms_20_45hz,0.23016891930762304,0.1370724976896216,2
C84,1,posterior_alpha_logpower,0.20553439186002867,0.3742109454104122,2
C84,1,frontal_midline_theta_logpower,0.18267969159873132,0.3742109454104122,2
C84,1,aperiodic_offset,0.48684305577838294,0.3742109454104122,2
C84,1,aperiodic_exponent,-0.4635522730883084,0.3742109454104122,2
C84,1,alpha_peak_hz,-0.19886561173361844,0.3742109454104122,2
C84,1,slow_eye_logpower,0.4685299086472151,0.3742109454104122,2
C84,1,blink_amplitude,0.3032409624306077,0.3742109454104122,2
C84,1,blink_event_count,-0.33091830397224753,0.3742109454104122,2
C84,1,emg_rms_20_45hz,0.10934834780775596,0.3742109454104122,2
C84,2,posterior_alpha_logpower,0.47905992433703,0.1333257251034202,2
C84,2,frontal_midline_theta_logpower,0.17433264243306876,0.1333257251034202,2
C84,2,aperiodic_offset,0.10011268139974608,0.1333257251034202,2
C84,2,aperiodic_exponent,-0.16992774563415658,0.1333257251034202,2
C84,2,alpha_peak_hz,-0.5600850347899872,0.1333257251034202,2
C84,2,slow_eye_logpower,-0.25956078323155823,0.1333257251034202,2
C84,2,blink_amplitude,-0.448472470409958,0.1333257251034202,2
C84,2,blink_event_count,0.26373848034540975,0.1333257251034202,2
C84,2,emg_rms_20_45hz,-0.22239411378260826,0.1333257251034202,2
A1,1,posterior_alpha_logpower,0.032115340040954704,0.23661478147941484,3
A1,1,frontal_midline_theta_logpower,0.23318663096130987,0.23661478147941484,3
A1,1,aperiodic_offset,0.3152104126171381,0.23661478147941484,3
A1,1,aperiodic_exponent,-0.12775049582630427,0.23661478147941484,3
A1,1,alpha_peak_hz,-0.002597739938271726,0.23661478147941484,3
A1,1,slow_eye_logpower,0.6112703532218685,0.23661478147941484,3
A1,1,blink_amplitude,0.5675492528417143,0.23661478147941484,3
A1,1,blink_event_count,-0.36453124277272275,0.23661478147941484,3
A1,1,emg_rms_20_45hz,0.016168869145527915,0.23661478147941484,3
A1,2,posterior_alpha_logpower,0.28139085219623383,0.21082415461838855,3
A1,2,frontal_midline_theta_logpower,0.22820391545772445,0.21082415461838855,3
A1,2,aperiodic_offset,0.5808031675261646,0.21082415461838855,3
A1,2,aperiodic_exponent,-0.551547645513957,0.21082415461838855,3
A1,2,alpha_peak_hz,-0.24211129205132148,0.21082415461838855,3
A1,2,slow_eye_logpower,-0.09985319138174117,0.21082415461838855,3
A1,2,blink_amplitude,-0.2556600409360696,0.21082415461838855,3
A1,2,blink_event_count,0.29998915321833874,0.21082415461838855,3
A1,2,emg_rms_20_45hz,-0.0571047322177228,0.21082415461838855,3
A1,3,posterior_alpha_logpower,0.5420349809919072,0.1842589581559005,3
A1,3,frontal_midline_theta_logpower,0.3038331932028052,0.1842589581559005,3
A1,3,aperiodic_offset,-0.23186365977413165,0.1842589581559005,3
A1,3,aperiodic_exponent,0.43528714268464164,0.1842589581559005,3
A1,3,alpha_peak_hz,-0.5616053351243078,0.1842589581559005,3
A1,3,slow_eye_logpower,0.05359685367370809,0.1842589581559005,3
A1,3,blink_amplitude,0.09468345822511372,0.1842589581559005,3
A1,3,blink_event_count,0.12290260408941965,0.1842589581559005,3
A1,3,emg_rms_20_45hz,-0.16823981176178882,0.1842589581559005,3
A5,1,posterior_alpha_logpower,0.4095676609388576,0.6397460073980412,3
A5,1,frontal_midline_theta_logpower,0.4124862565480715,0.6397460073980412,3
A5,1,aperiodic_offset,0.4141745294175615,0.6397460073980412,3
A5,1,aperiodic_exponent,-0.0787639832775699,0.6397460073980412,3
A5,1,alpha_peak_hz,0.0026635682270093565,0.6397460073980412,3
A5,1,slow_eye_logpower,0.4123048568938941,0.6397460073980412,3
A5,1,blink_amplitude,0.3788401043910153,0.6397460073980412,3
A5,1,blink_event_count,-0.05182650978108373,0.6397460073980412,3
A5,1,emg_rms_20_45hz,0.41006939896430267,0.6397460073980412,3
A5,2,posterior_alpha_logpower,0.11967889594313467,0.15730639864070703,3
A5,2,frontal_midline_theta_logpower,0.09549855541477395,0.15730639864070703,3
A5,2,aperiodic_offset,0.03400022608957592,0.15730639864070703,3
A5,2,aperiodic_exponent,0.6362153048310453,0.15730639864070703,3
A5,2,alpha_peak_hz,-0.1627452060170835,0.15730639864070703,3
A5,2,slow_eye_logpower,-0.05664769218225242,0.15730639864070703,3
A5,2,blink_amplitude,-0.11804094690487024,0.15730639864070703,3
A5,2,blink_event_count,0.7142861025234454,0.15730639864070703,3
A5,2,emg_rms_20_45hz,0.12960630304375864,0.15730639864070703,3
A5,3,posterior_alpha_logpower,0.03450644299325226,0.11521161693679531,3
A5,3,frontal_midline_theta_logpower,0.005038627513856636,0.11521161693679531,3
A5,3,aperiodic_offset,-0.016254117682399136,0.11521161693679531,3
A5,3,aperiodic_exponent,0.3439595550349703,0.11521161693679531,3
A5,3,alpha_peak_hz,0.9323732664075288,0.11521161693679531,3
A5,3,slow_eye_logpower,-0.006281713548071111,0.11521161693679531,3
A5,3,blink_amplitude,0.011885073060587751,0.11521161693679531,3
A5,3,blink_event_count,-0.1016625810950194,0.11521161693679531,3
A5,3,emg_rms_20_45hz,0.019381501235466468,0.11521161693679531,3
A9,1,posterior_alpha_logpower,0.4058669567579917,0.6612468524773856,3
A9,1,frontal_midline_theta_logpower,0.40674413903465356,0.6612468524773856,3
A9,1,aperiodic_offset,0.40839711516493316,0.6612468524773856,3
A9,1,aperiodic_exponent,-0.13204768655503885,0.6612468524773856,3
A9,1,alpha_peak_hz,-0.009024393729643643,0.6612468524773856,3
A9,1,slow_eye_logpower,0.40544133932413473,0.6612468524773856,3
A9,1,blink_amplitude,0.395748537170423,0.6612468524773856,3
A9,1,blink_event_count,0.029783321739408473,0.6612468524773856,3
A9,1,emg_rms_20_45hz,0.40452237679995906,0.6612468524773856,3
A9,2,posterior_alpha_logpower,0.0818544446010106,0.13324858445323884,3
A9,2,frontal_midline_theta_logpower,0.06253120216429334,0.13324858445323884,3
A9,2,aperiodic_offset,0.007435554913499204,0.13324858445323884,3
A9,2,aperiodic_exponent,0.5998221912472785,0.13324858445323884,3
A9,2,alpha_peak_hz,0.3662466910403619,0.13324858445323884,3
A9,2,slow_eye_logpower,-0.034396580593698864,0.13324858445323884,3
A9,2,blink_amplitude,-0.047786840802017366,0.13324858445323884,3
A9,2,blink_event_count,0.6966485397613023,0.13324858445323884,3
A9,2,emg_rms_20_45hz,0.08139543295201292,0.13324858445323884,3
A9,3,posterior_alpha_logpower,0.010523610621705754,0.10890398074077319,3
A9,3,frontal_midline_theta_logpower,0.022564343477253297,0.10890398074077319,3
A9,3,aperiodic_offset,0.007851224671104972,0.10890398074077319,3
A9,3,aperiodic_exponent,0.06683553196891599,0.10890398074077319,3
A9,3,alpha_peak_hz,-0.9074219548866377,0.10890398074077319,3
A9,3,slow_eye_logpower,-0.05187723314783468,0.10890398074077319,3
A9,3,blink_amplitude,-0.04297517809877831,0.10890398074077319,3
A9,3,blink_event_count,0.40780231902888947,0.10890398074077319,3
A9,3,emg_rms_20_45hz,0.02441362515471462,0.10890398074077319,3
A13,1,posterior_alpha_logpower,0.4035045179517221,0.6741810552542837,3
A13,1,frontal_midline_theta_logpower,0.4017102116817065,0.6741810552542837,3
A13,1,aperiodic_offset,0.4044483071699659,0.6741810552542837,3
A13,1,aperiodic_exponent,-0.080139614366131,0.6741810552542837,3
A13,1,alpha_peak_hz,0.10112422065508488,0.6741810552542837,3
A13,1,slow_eye_logpower,0.40394640042099195,0.6741810552542837,3
A13,1,blink_amplitude,0.40101322125775546,0.6741810552542837,3
A13,1,blink_event_count,-0.10114896638709335,0.6741810552542837,3
A13,1,emg_rms_20_45hz,0.4017097203440689,0.6741810552542837,3
A13,2,posterior_alpha_logpower,0.04681046701177935,0.13606402461681535,3
A13,2,frontal_midline_theta_logpower,0.10097379913401802,0.13606402461681535,3
A13,2,aperiodic_offset,-0.002202617688414517,0.13606402461681535,3
A13,2,aperiodic_exponent,0.7252970501281801,0.13606402461681535,3
A13,2,alpha_peak_hz,-0.34349890030826413,0.13606402461681535,3
A13,2,slow_eye_logpower,0.026948451989455727,0.13606402461681535,3
A13,2,blink_amplitude,0.09042354502086133,0.13606402461681535,3
A13,2,blink_event_count,0.5677512496188278,0.13606402461681535,3
A13,2,emg_rms_20_45hz,0.11098106641119637,0.13606402461681535,3
A13,3,posterior_alpha_logpower,0.01259022693323956,0.10741064205125411,3
A13,3,frontal_midline_theta_logpower,-0.019039773558130024,0.10741064205125411,3
A13,3,aperiodic_offset,0.0036125443902014394,0.10741064205125411,3
A13,3,aperiodic_exponent,-0.03225272539940194,0.10741064205125411,3
A13,3,alpha_peak_hz,0.8306805467878279,0.10741064205125411,3
A13,3,slow_eye_logpower,-0.047712974266377606,0.10741064205125411,3
A13,3,blink_amplitude,-0.03281161956337271,0.10741064205125411,3
A13,3,blink_event_count,0.5522620392177402,0.10741064205125411,3
A13,3,emg_rms_20_45hz,0.007001669200237596,0.10741064205125411,3
A17,1,posterior_alpha_logpower,0.4807634133492804,0.35039921213501063,3
A17,1,frontal_midline_theta_logpower,0.45479791565211436,0.35039921213501063,3
A17,1,aperiodic_offset,0.5364438449527551,0.35039921213501063,3
A17,1,aperiodic_exponent,-0.44059534839848286,0.35039921213501063,3
A17,1,alpha_peak_hz,-0.153961023681183,0.35039921213501063,3
A17,1,slow_eye_logpower,0.14062211358203575,0.35039921213501063,3
A17,1,blink_amplitude,0.16700121172309343,0.35039921213501063,3
A17,1,blink_event_count,-0.0036370822830712884,0.35039921213501063,3
A17,1,emg_rms_20_45hz,0.09353035742160419,0.35039921213501063,3
A17,2,posterior_alpha_logpower,0.06843191506116011,0.18275172920824867,3
A17,2,frontal_midline_theta_logpower,0.04245214913183945,0.18275172920824867,3
A17,2,aperiodic_offset,0.044048469088992064,0.18275172920824867,3
A17,2,aperiodic_exponent,-0.18374855739757437,0.18275172920824867,3
A17,2,alpha_peak_hz,0.20192997326359924,0.18275172920824867,3
A17,2,slow_eye_logpower,-0.6397228379860679,0.18275172920824867,3
A17,2,blink_amplitude,-0.4982621498213986,0.18275172920824867,3
A17,2,blink_event_count,0.029119351654289753,0.18275172920824867,3
A17,2,emg_rms_20_45hz,0.5086029472307262,0.18275172920824867,3
A17,3,posterior_alpha_logpower,0.15726256447289022,0.12730493984864757,3
A17,3,frontal_midline_theta_logpower,0.0710325470415567,0.12730493984864757,3
A17,3,aperiodic_offset,-0.07177254953738388,0.12730493984864757,3
A17,3,aperiodic_exponent,0.24768093480893627,0.12730493984864757,3
A17,3,alpha_peak_hz,0.3107037439830663,0.12730493984864757,3
A17,3,slow_eye_logpower,-0.12023707708045783,0.12730493984864757,3
A17,3,blink_amplitude,0.4535901519957956,0.12730493984864757,3
A17,3,blink_event_count,-0.713454305748042,0.12730493984864757,3
A17,3,emg_rms_20_45hz,0.2792326541315268,0.12730493984864757,3
A21,1,posterior_alpha_logpower,0.41855902841472115,0.6069636148254124,3
A21,1,frontal_midline_theta_logpower,0.42454184689330066,0.6069636148254124,3
A21,1,aperiodic_offset,0.42094648158299997,0.6069636148254124,3
A21,1,aperiodic_exponent,0.003179803256886715,0.6069636148254124,3
A21,1,alpha_peak_hz,0.0009992685228601404,0.6069636148254124,3
A21,1,slow_eye_logpower,0.41898346762638583,0.6069636148254124,3
A21,1,blink_amplitude,0.338010679294444,0.6069636148254124,3
A21,1,blink_event_count,0.04725803679005403,0.6069636148254124,3
A21,1,emg_rms_20_45hz,0.4187288172826623,0.6069636148254124,3
A21,2,posterior_alpha_logpower,0.13074309241811252,0.1741437115350778,3
A21,2,frontal_midline_theta_logpower,0.01125220478867782,0.1741437115350778,3
A21,2,aperiodic_offset,-0.08189584376281958,0.1741437115350778,3
A21,2,aperiodic_exponent,0.6847768215050605,0.1741437115350778,3
A21,2,alpha_peak_hz,0.08057633846348222,0.1741437115350778,3
A21,2,slow_eye_logpower,-0.1078032281081444,0.1741437115350778,3
A21,2,blink_amplitude,-0.20300859499999144,0.1741437115350778,3
A21,2,blink_event_count,0.6559395628092314,0.1741437115350778,3
A21,2,emg_rms_20_45hz,0.1325523487652721,0.1741437115350778,3
A21,3,posterior_alpha_logpower,0.001669001246567237,0.11754808008944186,3
A21,3,frontal_midline_theta_logpower,0.026185462504401995,0.11754808008944186,3
A21,3,aperiodic_offset,0.043338811277745075,0.11754808008944186,3
A21,3,aperiodic_exponent,-0.18236435571729204,0.11754808008944186,3
A21,3,alpha_peak_hz,-0.9345710969018151,0.11754808008944186,3
A21,3,slow_eye_logpower,0.008597232255866246,0.11754808008944186,3
A21,3,blink_amplitude,-0.12575936884234107,0.11754808008944186,3
A21,3,blink_event_count,0.27354432816554014,0.11754808008944186,3
A21,3,emg_rms_20_45hz,-0.006128564206497704,0.11754808008944186,3
A25,1,posterior_alpha_logpower,0.4086328532314744,0.6550223241502702,3
A25,1,frontal_midline_theta_logpower,0.40966924115435654,0.6550223241502702,3
A25,1,aperiodic_offset,0.40984675723059927,0.6550223241502702,3
A25,1,aperiodic_exponent,-0.0511004717211817,0.6550223241502702,3
A25,1,alpha_peak_hz,0.09917013435120649,0.6550223241502702,3
A25,1,slow_eye_logpower,0.40843609915218965,0.6550223241502702,3
A25,1,blink_amplitude,0.3885495323499464,0.6550223241502702,3
A25,1,blink_event_count,0.01514684900385247,0.6550223241502702,3
A25,1,emg_rms_20_45hz,0.4083500370115714,0.6550223241502702,3
A25,2,posterior_alpha_logpower,0.028869626428230866,0.12881755568325498,3
A25,2,frontal_midline_theta_logpower,0.025258983767372747,0.12881755568325498,3
A25,2,aperiodic_offset,-0.028764837243498053,0.12881755568325498,3
A25,2,aperiodic_exponent,0.6685782243122966,0.12881755568325498,3
A25,2,alpha_peak_hz,0.29843255585502926,0.12881755568325498,3
A25,2,slow_eye_logpower,-0.025405911942395575,0.12881755568325498,3
A25,2,blink_amplitude,-0.05479817022700696,0.12881755568325498,3
A25,2,blink_event_count,0.6756668015635322,0.12881755568325498,3
A25,2,emg_rms_20_45hz,0.038319101915277945,0.12881755568325498,3
A25,3,posterior_alpha_logpower,0.05201859425605738,0.10436392803041161,3
A25,3,frontal_midline_theta_logpower,0.0539606752415756,0.10436392803041161,3
A25,3,aperiodic_offset,0.05195150534366778,0.10436392803041161,3
A25,3,aperiodic_exponent,-0.01034843427823729,0.10436392803041161,3
A25,3,alpha_peak_hz,-0.9073764193422009,0.10436392803041161,3
A25,3,slow_eye_logpower,0.022395560882551194,0.10436392803041161,3
A25,3,blink_amplitude,-0.038569429192186755,0.10436392803041161,3
A25,3,blink_event_count,0.4032941498119587,0.10436392803041161,3
A25,3,emg_rms_20_45hz,0.06007464284814734,0.10436392803041161,3
A29,1,posterior_alpha_logpower,0.4215630123197851,0.6005645020886398,3
A29,1,frontal_midline_theta_logpower,0.42547085466626755,0.6005645020886398,3
A29,1,aperiodic_offset,0.4267044252863361,0.6005645020886398,3
A29,1,aperiodic_exponent,-0.14456566431304155,0.6005645020886398,3
A29,1,alpha_peak_hz,-0.03722292233747905,0.6005645020886398,3
A29,1,slow_eye_logpower,0.4247152264701049,0.6005645020886398,3
A29,1,blink_amplitude,0.2803042761984365,0.6005645020886398,3
A29,1,blink_event_count,-0.022793900323838642,0.6005645020886398,3
A29,1,emg_rms_20_45hz,0.42121806932539463,0.6005645020886398,3
A29,2,posterior_alpha_logpower,0.10230462206997118,0.1306848851658582,3
A29,2,frontal_midline_theta_logpower,0.07138890405128684,0.1306848851658582,3
A29,2,aperiodic_offset,-0.004356215534108605,0.1306848851658582,3
A29,2,aperiodic_exponent,0.6193472781897816,0.1306848851658582,3
A29,2,alpha_peak_hz,0.44171839161961224,0.1306848851658582,3
A29,2,slow_eye_logpower,-0.005470332922474317,0.1306848851658582,3
A29,2,blink_amplitude,0.04844240876880306,0.1306848851658582,3
A29,2,blink_event_count,0.6288450004965866,0.1306848851658582,3
A29,2,emg_rms_20_45hz,0.08882340576914545,0.1306848851658582,3
A29,3,posterior_alpha_logpower,0.013630699782554547,0.11138896584455778,3
A29,3,frontal_midline_theta_logpower,0.02752835905284357,0.11138896584455778,3
A29,3,aperiodic_offset,0.02354320123736771,0.11138896584455778,3
A29,3,aperiodic_exponent,-0.08072607203527732,0.11138896584455778,3
A29,3,alpha_peak_hz,-0.7690850885920666,0.11138896584455778,3
A29,3,slow_eye_logpower,-0.07641157239079052,0.11138896584455778,3
A29,3,blink_amplitude,-0.1040930876303574,0.11138896584455778,3
A29,3,blink_event_count,0.6192445486517036,0.11138896584455778,3
A29,3,emg_rms_20_45hz,0.018858118235253327,0.11138896584455778,3
A33,1,posterior_alpha_logpower,0.4055845522830484,0.6681703580908235,3
A33,1,frontal_midline_theta_logpower,0.40620016607623655,0.6681703580908235,3
A33,1,aperiodic_offset,0.4049267934955085,0.6681703580908235,3
A33,1,aperiodic_exponent,0.11491456481823466,0.6681703580908235,3
A33,1,alpha_peak_hz,-0.0009639869861735304,0.6681703580908235,3
A33,1,slow_eye_logpower,0.40240719944794384,0.6681703580908235,3
A33,1,blink_amplitude,0.3809537446834977,0.6681703580908235,3
A33,1,blink_event_count,0.1451079616151941,0.6681703580908235,3
A33,1,emg_rms_20_45hz,0.4064689055513793,0.6681703580908235,3
A33,2,posterior_alpha_logpower,0.014246218920922912,0.1251732844290664,3
A33,2,frontal_midline_theta_logpower,0.017750115606863032,0.1251732844290664,3
A33,2,aperiodic_offset,0.05565331670265187,0.1251732844290664,3
A33,2,aperiodic_exponent,-0.4611863221966958,0.1251732844290664,3
A33,2,alpha_peak_hz,0.6998923801881992,0.1251732844290664,3
A33,2,slow_eye_logpower,0.08057018416674583,0.1251732844290664,3
A33,2,blink_amplitude,0.14456571539942112,0.1251732844290664,3
A33,2,blink_event_count,-0.5160102696183846,0.1251732844290664,3
A33,2,emg_rms_20_45hz,0.013605894249549194,0.1251732844290664,3
A33,3,posterior_alpha_logpower,0.027731603972742182,0.09985318007864646,3
A33,3,frontal_midline_theta_logpower,0.02359328609097305,0.09985318007864646,3
A33,3,aperiodic_offset,0.07638656286211241,0.09985318007864646,3
A33,3,aperiodic_exponent,-0.7949539114254621,0.09985318007864646,3
A33,3,alpha_peak_hz,-0.5915719243577418,0.09985318007864646,3
A33,3,slow_eye_logpower,0.04116277558701256,0.09985318007864646,3
A33,3,blink_amplitude,0.07999863391279785,0.09985318007864646,3
A33,3,blink_event_count,-0.05325099534474256,0.09985318007864646,3
A33,3,emg_rms_20_45hz,-0.0007218036652321897,0.09985318007864646,3
A37,1,posterior_alpha_logpower,0.4193458862326029,0.624468371139752,3
A37,1,frontal_midline_theta_logpower,0.41934482213461255,0.624468371139752,3
A37,1,aperiodic_offset,0.41828503679358553,0.624468371139752,3
A37,1,aperiodic_exponent,-0.0022445649594770396,0.624468371139752,3
A37,1,alpha_peak_hz,-0.0110151656792844,0.624468371139752,3
A37,1,slow_eye_logpower,0.4194330983603948,0.624468371139752,3
A37,1,blink_amplitude,0.4088096484439748,0.624468371139752,3
A37,1,blink_event_count,0.03575119685166205,0.624468371139752,3
A37,1,emg_rms_20_45hz,0.3590022328051169,0.624468371139752,3
A37,2,posterior_alpha_logpower,0.0005634404984592993,0.12457542492759056,3
A37,2,frontal_midline_theta_logpower,-0.020927280129295952,0.12457542492759056,3
A37,2,aperiodic_offset,-0.04630664603008765,0.12457542492759056,3
A37,2,aperiodic_exponent,0.5483989830203411,0.12457542492759056,3
A37,2,alpha_peak_hz,0.6192300197244387,0.12457542492759056,3
A37,2,slow_eye_logpower,0.01626671960629437,0.12457542492759056,3
A37,2,blink_amplitude,0.015382045541534096,0.12457542492759056,3
A37,2,blink_event_count,-0.5466128838594304,0.12457542492759056,3
A37,2,emg_rms_20_45hz,0.1180817759692406,0.12457542492759056,3
A37,3,posterior_alpha_logpower,0.0042768336912293245,0.10941260406372673,3
A37,3,frontal_midline_theta_logpower,0.009525635714356108,0.10941260406372673,3
A37,3,aperiodic_offset,0.07193153218502854,0.10941260406372673,3
A37,3,aperiodic_exponent,-0.7951993720924734,0.10941260406372673,3
A37,3,alpha_peak_hz,0.24534234457034984,0.10941260406372673,3
A37,3,slow_eye_logpower,0.020736407352114967,0.10941260406372673,3
A37,3,blink_amplitude,0.012616663210801276,0.10941260406372673,3
A37,3,blink_event_count,-0.5430344404424056,0.10941260406372673,3
A37,3,emg_rms_20_45hz,-0.08189222144223603,0.10941260406372673,3
A41,1,posterior_alpha_logpower,0.4561791360626048,0.38849748244345556,3
A41,1,frontal_midline_theta_logpower,0.4512973135381826,0.38849748244345556,3
A41,1,aperiodic_offset,0.4306777826411748,0.38849748244345556,3
A41,1,aperiodic_exponent,-0.269465851069432,0.38849748244345556,3
A41,1,alpha_peak_hz,-0.10584443597366963,0.38849748244345556,3
A41,1,slow_eye_logpower,0.30601512935396313,0.38849748244345556,3
A41,1,blink_amplitude,0.4411580694457727,0.38849748244345556,3
A41,1,blink_event_count,-0.172378467885914,0.38849748244345556,3
A41,1,emg_rms_20_45hz,-0.030871521070057265,0.38849748244345556,3
A41,2,posterior_alpha_logpower,0.23626888936003623,0.16178930306416123,3
A41,2,frontal_midline_theta_logpower,0.3109514006136087,0.16178930306416123,3
A41,2,aperiodic_offset,-0.1628494741206057,0.16178930306416123,3
A41,2,aperiodic_exponent,0.4706462294837349,0.16178930306416123,3
A41,2,alpha_peak_hz,0.19510054191335585,0.16178930306416123,3
A41,2,slow_eye_logpower,-0.33336225039958617,0.16178930306416123,3
A41,2,blink_amplitude,0.36881125239985085,0.16178930306416123,3
A41,2,blink_event_count,0.5491740201252927,0.16178930306416123,3
A41,2,emg_rms_20_45hz,-0.11247203254459755,0.16178930306416123,3
A41,3,posterior_alpha_logpower,0.11074584413551063,0.13588882821889384,3
A41,3,frontal_midline_theta_logpower,0.021313413330895554,0.13588882821889384,3
A41,3,aperiodic_offset,-0.45019060270066585,0.13588882821889384,3
A41,3,aperiodic_exponent,0.5621425389409366,0.13588882821889384,3
A41,3,alpha_peak_hz,0.004488915695209746,0.13588882821889384,3
A41,3,slow_eye_logpower,0.45528325958362187,0.13588882821889384,3
A41,3,blink_amplitude,0.1418125320018882,0.13588882821889384,3
A41,3,blink_event_count,-0.49052739714543864,0.13588882821889384,3
A41,3,emg_rms_20_45hz,0.023965916791903956,0.13588882821889384,3
A45,1,posterior_alpha_logpower,0.3936627033681982,0.7109699138194772,3
A45,1,frontal_midline_theta_logpower,0.3938230180825172,0.7109699138194772,3
A45,1,aperiodic_offset,0.39394923765061995,0.7109699138194772,3
A45,1,aperiodic_exponent,-0.11079521984030721,0.7109699138194772,3
A45,1,alpha_peak_hz,-0.1124368698448936,0.7109699138194772,3
A45,1,slow_eye_logpower,0.39357535810563954,0.7109699138194772,3
A45,1,blink_amplitude,0.3825588398253392,0.7109699138194772,3
A45,1,blink_event_count,0.23235742409020316,0.7109699138194772,3
A45,1,emg_rms_20_45hz,0.3931624004828126,0.7109699138194772,3
A45,2,posterior_alpha_logpower,0.048655630015179356,0.11470459367713187,3
A45,2,frontal_midline_theta_logpower,0.038765702078405,0.11470459367713187,3
A45,2,aperiodic_offset,0.035826989908712234,0.11470459367713187,3
A45,2,aperiodic_exponent,0.7878443793257182,0.11470459367713187,3
A45,2,alpha_peak_hz,0.4933477745652303,0.11470459367713187,3
A45,2,slow_eye_logpower,0.03817868110403668,0.11470459367713187,3
A45,2,blink_amplitude,-0.05243423698090339,0.11470459367713187,3
A45,2,blink_event_count,0.35302696858465443,0.11470459367713187,3
A45,2,emg_rms_20_45hz,0.04382331176440599,0.11470459367713187,3
A45,3,posterior_alpha_logpower,0.03485918292002385,0.10006858430079711,3
A45,3,frontal_midline_theta_logpower,0.03963909107963084,0.10006858430079711,3
A45,3,aperiodic_offset,0.04138796450329557,0.10006858430079711,3
A45,3,aperiodic_exponent,-0.42265114543209464,0.10006858430079711,3
A45,3,alpha_peak_hz,0.8578072069269428,0.10006858430079711,3
A45,3,slow_eye_logpower,0.04202434652727958,0.10006858430079711,3
A45,3,blink_amplitude,0.09521977441884798,0.10006858430079711,3
A45,3,blink_event_count,-0.2631427070186908,0.10006858430079711,3
A45,3,emg_rms_20_45hz,0.030927105092333162,0.10006858430079711,3
A49,1,posterior_alpha_logpower,0.40026369328413874,0.6875523080711161,3
A49,1,frontal_midline_theta_logpower,0.40040005294619607,0.6875523080711161,3
A49,1,aperiodic_offset,0.4000945609634932,0.6875523080711161,3
A49,1,aperiodic_exponent,0.1294329173046972,0.6875523080711161,3
A49,1,alpha_peak_hz,-0.04991508116105257,0.6875523080711161,3
A49,1,slow_eye_logpower,0.4000981805364684,0.6875523080711161,3
A49,1,blink_amplitude,0.3433381476182776,0.6875523080711161,3
A49,1,blink_event_count,0.25284903874991316,0.6875523080711161,3
A49,1,emg_rms_20_45hz,0.39781458776927425,0.6875523080711161,3
A49,2,posterior_alpha_logpower,0.048262503069041174,0.1185176862858024,3
A49,2,frontal_midline_theta_logpower,0.0526169035125524,0.1185176862858024,3
A49,2,aperiodic_offset,0.05734390204689971,0.1185176862858024,3
A49,2,aperiodic_exponent,-0.7958267270551576,0.1185176862858024,3
A49,2,alpha_peak_hz,0.09856079884042866,0.1185176862858024,3
A49,2,slow_eye_logpower,0.07041917424035465,0.1185176862858024,3
A49,2,blink_amplitude,0.3136578724094784,0.1185176862858024,3
A49,2,blink_event_count,-0.48851442194001826,0.1185176862858024,3
A49,2,emg_rms_20_45hz,0.08107402252500634,0.1185176862858024,3
A49,3,posterior_alpha_logpower,0.02183818211794964,0.10974518700826856,3
A49,3,frontal_midline_theta_logpower,0.020145890361501887,0.10974518700826856,3
A49,3,aperiodic_offset,0.020352002362981268,0.10974518700826856,3
A49,3,aperiodic_exponent,0.11186084372089379,0.10974518700826856,3
A49,3,alpha_peak_hz,0.9924591435939376,0.10974518700826856,3
A49,3,slow_eye_logpower,0.019013534677168174,0.10974518700826856,3
A49,3,blink_amplitude,-0.020112842443399455,0.10974518700826856,3
A49,3,blink_event_count,0.016710681248231996,0.10974518700826856,3
A49,3,emg_rms_20_45hz,0.013028623953746647,0.10974518700826856,3
A53,1,posterior_alpha_logpower,0.3952126746483546,0.7060048410822178,3
A53,1,frontal_midline_theta_logpower,0.39533073660693707,0.7060048410822178,3
A53,1,aperiodic_offset,0.39534325009530946,0.7060048410822178,3
A53,1,aperiodic_exponent,-0.02341544254221011,0.7060048410822178,3
A53,1,alpha_peak_hz,0.10203124378065001,0.7060048410822178,3
A53,1,slow_eye_logpower,0.3952414207578999,0.7060048410822178,3
A53,1,blink_amplitude,0.3558539472124825,0.7060048410822178,3
A53,1,blink_event_count,0.28536977259653434,0.7060048410822178,3
A53,1,emg_rms_20_45hz,0.3949454239475224,0.7060048410822178,3
A53,2,posterior_alpha_logpower,0.017332922560329648,0.12034594397556138,3
A53,2,frontal_midline_theta_logpower,0.01494360639159033,0.12034594397556138,3
A53,2,aperiodic_offset,0.022544841762910474,0.12034594397556138,3
A53,2,aperiodic_exponent,-0.7931834866779922,0.12034594397556138,3
A53,2,alpha_peak_hz,-0.6033475616709189,0.12034594397556138,3
A53,2,slow_eye_logpower,0.016761319585614068,0.12034594397556138,3
A53,2,blink_amplitude,0.05387211643520397,0.12034594397556138,3
A53,2,blink_event_count,-0.04616956669022932,0.12034594397556138,3
A53,2,emg_rms_20_45hz,0.02202019910658818,0.12034594397556138,3
A53,3,posterior_alpha_logpower,0.03580557792171931,0.09600540585205318,3
A53,3,frontal_midline_theta_logpower,0.03675981616470297,0.09600540585205318,3
A53,3,aperiodic_offset,0.031278251656094117,0.09600540585205318,3
A53,3,aperiodic_exponent,0.5937910940825721,0.09600540585205318,3
A53,3,alpha_peak_hz,-0.7886992249850642,0.09600540585205318,3
A53,3,slow_eye_logpower,0.032337725329977474,0.09600540585205318,3
A53,3,blink_amplitude,-0.03007016464607515,0.09600540585205318,3
A53,3,blink_event_count,0.13738473959938174,0.09600540585205318,3
A53,3,emg_rms_20_45hz,0.030487810984066627,0.09600540585205318,3
A57,1,posterior_alpha_logpower,0.4039077230605783,0.6746676522751605,3
A57,1,frontal_midline_theta_logpower,0.4043000224093718,0.6746676522751605,3
A57,1,aperiodic_offset,0.40411037549266815,0.6746676522751605,3
A57,1,aperiodic_exponent,0.02996633334651771,0.6746676522751605,3
A57,1,alpha_peak_hz,0.0551635748741381,0.6746676522751605,3
A57,1,slow_eye_logpower,0.4043486419892802,0.6746676522751605,3
A57,1,blink_amplitude,0.331065435857779,0.6746676522751605,3
A57,1,blink_event_count,0.26501359617205084,0.6746676522751605,3
A57,1,emg_rms_20_45hz,0.4035089753271012,0.6746676522751605,3
A57,2,posterior_alpha_logpower,0.01919594210541799,0.12464320345213689,3
A57,2,frontal_midline_theta_logpower,0.012450763553362892,0.12464320345213689,3
A57,2,aperiodic_offset,0.004347395835956746,0.12464320345213689,3
A57,2,aperiodic_exponent,0.7300339715010166,0.12464320345213689,3
A57,2,alpha_peak_hz,-0.6806444403408821,0.12464320345213689,3
A57,2,slow_eye_logpower,0.008674900037797948,0.12464320345213689,3
A57,2,blink_amplitude,-0.046506427935913856,0.12464320345213689,3
A57,2,blink_event_count,0.028436963398671973,0.12464320345213689,3
A57,2,emg_rms_20_45hz,0.013578590251141089,0.12464320345213689,3
A57,3,posterior_alpha_logpower,0.02462004506028702,0.0989036961296262,3
A57,3,frontal_midline_theta_logpower,0.02537232011600099,0.0989036961296262,3
A57,3,aperiodic_offset,0.032870423068335285,0.0989036961296262,3
A57,3,aperiodic_exponent,-0.5993356021749455,0.0989036961296262,3
A57,3,alpha_peak_hz,-0.6727006086832246,0.0989036961296262,3
A57,3,slow_eye_logpower,0.03839069474658314,0.0989036961296262,3
A57,3,blink_amplitude,0.26362752404080686,0.0989036961296262,3
A57,3,blink_event_count,-0.338417979961656,0.0989036961296262,3
A57,3,emg_rms_20_45hz,0.02098368525652867,0.0989036961296262,3
B61,1,posterior_alpha_logpower,0.08951416417606939,0.4103128435595705,3
B61,1,frontal_midline_theta_logpower,0.3483007801344213,0.4103128435595705,3
B61,1,aperiodic_offset,0.4451007930998833,0.4103128435595705,3
B61,1,aperiodic_exponent,-0.40066007691809724,0.4103128435595705,3
B61,1,alpha_peak_hz,-0.04556262909108044,0.4103128435595705,3
B61,1,slow_eye_logpower,0.46215498259848375,0.4103128435595705,3
B61,1,blink_amplitude,0.40332999770902916,0.4103128435595705,3
B61,1,blink_event_count,-0.36520158902525834,0.4103128435595705,3
B61,1,emg_rms_20_45hz,-0.017891308689342023,0.4103128435595705,3
B61,2,posterior_alpha_logpower,0.514304340379834,0.17734558405624687,3
B61,2,frontal_midline_theta_logpower,0.2618949988045003,0.17734558405624687,3
B61,2,aperiodic_offset,0.2505993999105126,0.17734558405624687,3
B61,2,aperiodic_exponent,-0.3040656229684583,0.17734558405624687,3
B61,2,alpha_peak_hz,-0.38345747327,0.17734558405624687,3
B61,2,slow_eye_logpower,-0.19637065681563642,0.17734558405624687,3
B61,2,blink_amplitude,-0.3563562000015617,0.17734558405624687,3
B61,2,blink_event_count,0.4122703548159493,0.17734558405624687,3
B61,2,emg_rms_20_45hz,0.1705533270168313,0.17734558405624687,3
B61,3,posterior_alpha_logpower,0.4270826472785506,0.1439991559015162,3
B61,3,frontal_midline_theta_logpower,-0.25659330481187925,0.1439991559015162,3
B61,3,aperiodic_offset,-0.27792632588638366,0.1439991559015162,3
B61,3,aperiodic_exponent,0.31664047738480255,0.1439991559015162,3
B61,3,alpha_peak_hz,-0.6207229986570114,0.1439991559015162,3
B61,3,slow_eye_logpower,0.12800189578830443,0.1439991559015162,3
B61,3,blink_amplitude,0.26155737493675907,0.1439991559015162,3
B61,3,blink_event_count,-0.3032708113582945,0.1439991559015162,3
B61,3,emg_rms_20_45hz,0.1104041755877198,0.1439991559015162,3
B65,1,posterior_alpha_logpower,0.11861842321322565,0.35887702908580127,3
B65,1,frontal_midline_theta_logpower,0.3356086769427734,0.35887702908580127,3
B65,1,aperiodic_offset,0.4782043234071912,0.35887702908580127,3
B65,1,aperiodic_exponent,-0.3732579567851262,0.35887702908580127,3
B65,1,alpha_peak_hz,0.09288954328110516,0.35887702908580127,3
B65,1,slow_eye_logpower,0.48424954982584845,0.35887702908580127,3
B65,1,blink_amplitude,0.4277450823661666,0.35887702908580127,3
B65,1,blink_event_count,-0.2759758074913896,0.35887702908580127,3
B65,1,emg_rms_20_45hz,-0.055145379134789396,0.35887702908580127,3
B65,2,posterior_alpha_logpower,0.5717744627328094,0.14363925444503234,3
B65,2,frontal_midline_theta_logpower,-0.10967624290046385,0.14363925444503234,3
B65,2,aperiodic_offset,0.17200677848830145,0.14363925444503234,3
B65,2,aperiodic_exponent,-0.2517732936266875,0.14363925444503234,3
B65,2,alpha_peak_hz,0.46356296341009173,0.14363925444503234,3
B65,2,slow_eye_logpower,-0.21002801839116045,0.14363925444503234,3
B65,2,blink_amplitude,-0.14267945045055333,0.14363925444503234,3
B65,2,blink_event_count,0.3909593968546107,0.14363925444503234,3
B65,2,emg_rms_20_45hz,-0.3685917757569144,0.14363925444503234,3
B65,3,posterior_alpha_logpower,0.14706450597123097,0.13435701414058038,3
B65,3,frontal_midline_theta_logpower,-0.24803347934194733,0.13435701414058038,3
B65,3,aperiodic_offset,-0.33400591694189075,0.13435701414058038,3
B65,3,aperiodic_exponent,0.4414801265066631,0.13435701414058038,3
B65,3,alpha_peak_hz,0.30833527773948005,0.13435701414058038,3
B65,3,slow_eye_logpower,0.19410701682462533,0.13435701414058038,3
B65,3,blink_amplitude,0.2851563948583065,0.13435701414058038,3
B65,3,blink_event_count,-0.4374663324595583,0.13435701414058038,3
B65,3,emg_rms_20_45hz,-0.4527114207892189,0.13435701414058038,3
B69,1,posterior_alpha_logpower,0.13615393252216043,0.490746261753354,3
B69,1,frontal_midline_theta_logpower,0.4269403642577069,0.490746261753354,3
B69,1,aperiodic_offset,0.43522771040109764,0.490746261753354,3
B69,1,aperiodic_exponent,-0.3922064246586565,0.490746261753354,3
B69,1,alpha_peak_hz,-0.10358628516415773,0.490746261753354,3
B69,1,slow_eye_logpower,0.4301927450598762,0.490746261753354,3
B69,1,blink_amplitude,0.4240759075752076,0.490746261753354,3
B69,1,blink_event_count,-0.28164128677442496,0.490746261753354,3
B69,1,emg_rms_20_45hz,0.031255182030954703,0.490746261753354,3
B69,2,posterior_alpha_logpower,0.3897648340433945,0.13735570240808612,3
B69,2,frontal_midline_theta_logpower,-0.08530652621083773,0.13735570240808612,3
B69,2,aperiodic_offset,-0.179428749307102,0.13735570240808612,3
B69,2,aperiodic_exponent,0.2905531474541429,0.13735570240808612,3
B69,2,alpha_peak_hz,0.45420957169353804,0.13735570240808612,3
B69,2,slow_eye_logpower,0.16572319073261035,0.13735570240808612,3
B69,2,blink_amplitude,0.10607931908108803,0.13735570240808612,3
B69,2,blink_event_count,-0.3081952559692441,0.13735570240808612,3
B69,2,emg_rms_20_45hz,0.6198247449499453,0.13735570240808612,3
B69,3,posterior_alpha_logpower,0.7949558014632133,0.10768418519265928,3
B69,3,frontal_midline_theta_logpower,-0.00880678411466767,0.10768418519265928,3
B69,3,aperiodic_offset,-0.0544676247655705,0.10768418519265928,3
B69,3,aperiodic_exponent,0.11593955805494473,0.10768418519265928,3
B69,3,alpha_peak_hz,-0.510813720642883,0.10768418519265928,3
B69,3,slow_eye_logpower,-0.00866381718809631,0.10768418519265928,3
B69,3,blink_amplitude,0.001635991483426684,0.10768418519265928,3
B69,3,blink_event_count,0.29721112290311835,0.10768418519265928,3
B69,3,emg_rms_20_45hz,-0.047076151427225425,0.10768418519265928,3
B73,1,posterior_alpha_logpower,0.09649317947273574,0.26198237653528955,3
B73,1,frontal_midline_theta_logpower,-0.4266643210292159,0.26198237653528955,3
B73,1,aperiodic_offset,-0.5824135842511671,0.26198237653528955,3
B73,1,aperiodic_exponent,0.4733146198656563,0.26198237653528955,3
B73,1,alpha_peak_hz,0.20773694015848088,0.26198237653528955,3
B73,1,slow_eye_logpower,-0.20063999344753483,0.26198237653528955,3
B73,1,blink_amplitude,-0.2069479743015195,0.26198237653528955,3
B73,1,blink_event_count,-0.344296177234897,0.26198237653528955,3
B73,1,emg_rms_20_45hz,0.025217969267114823,0.26198237653528955,3
B73,2,posterior_alpha_logpower,0.44792729742987236,0.23119720288587436,3
B73,2,frontal_midline_theta_logpower,0.20036381812057447,0.23119720288587436,3
B73,2,aperiodic_offset,-0.1441785742892263,0.23119720288587436,3
B73,2,aperiodic_exponent,0.36055474761458106,0.23119720288587436,3
B73,2,alpha_peak_hz,0.19726642325128332,0.23119720288587436,3
B73,2,slow_eye_logpower,0.418248009347754,0.23119720288587436,3
B73,2,blink_amplitude,0.5323603943472726,0.23119720288587436,3
B73,2,blink_event_count,0.19206116594676548,0.23119720288587436,3
B73,2,emg_rms_20_45hz,0.27255782743061985,0.23119720288587436,3
B73,3,posterior_alpha_logpower,0.25454826493592003,0.13385591301937777,3
B73,3,frontal_midline_theta_logpower,0.09081273287410341,0.13385591301937777,3
B73,3,aperiodic_offset,-0.09287624483488455,0.13385591301937777,3
B73,3,aperiodic_exponent,0.1663478956000881,0.13385591301937777,3
B73,3,alpha_peak_hz,-0.5232360061224924,0.13385591301937777,3
B73,3,slow_eye_logpower,-0.437817970253222,0.13385591301937777,3
B73,3,blink_amplitude,-0.22362289860931572,0.13385591301937777,3
B73,3,blink_event_count,0.44896627559681407,0.13385591301937777,3
B73,3,emg_rms_20_45hz,0.4166799713874756,0.13385591301937777,3
B77,1,posterior_alpha_logpower,0.1281748582848077,0.47333950514096024,3
B77,1,frontal_midline_theta_logpower,0.4085305507154684,0.47333950514096024,3
B77,1,aperiodic_offset,0.43933362157914213,0.47333950514096024,3
B77,1,aperiodic_exponent,-0.4067512461990048,0.47333950514096024,3
B77,1,alpha_peak_hz,-0.07902108132449806,0.47333950514096024,3
B77,1,slow_eye_logpower,0.436220122926093,0.47333950514096024,3
B77,1,blink_amplitude,0.40706784152181485,0.47333950514096024,3
B77,1,blink_event_count,-0.30432387655817544,0.47333950514096024,3
B77,1,emg_rms_20_45hz,0.05799837167992722,0.47333950514096024,3
B77,2,posterior_alpha_logpower,0.6716214257418719,0.13172429237773184,3
B77,2,frontal_midline_theta_logpower,-0.0028126322219518274,0.13172429237773184,3
B77,2,aperiodic_offset,-0.018852248416768344,0.13172429237773184,3
B77,2,aperiodic_exponent,0.03360316634289919,0.13172429237773184,3
B77,2,alpha_peak_hz,-0.1781210657598925,0.13172429237773184,3
B77,2,slow_eye_logpower,-0.06914267403711306,0.13172429237773184,3
B77,2,blink_amplitude,-0.016619099642349394,0.13172429237773184,3
B77,2,blink_event_count,0.25882160476890553,0.13172429237773184,3
B77,2,emg_rms_20_45hz,0.6660777195772933,0.13172429237773184,3
B77,3,posterior_alpha_logpower,0.0970539650914587,0.12237864436500775,3
B77,3,frontal_midline_theta_logpower,-0.2004563398123939,0.12237864436500775,3
B77,3,aperiodic_offset,-0.22327121723426208,0.12237864436500775,3
B77,3,aperiodic_exponent,0.23632866919124526,0.12237864436500775,3
B77,3,alpha_peak_hz,0.7168324181979493,0.12237864436500775,3
B77,3,slow_eye_logpower,0.20426955137142996,0.12237864436500775,3
B77,3,blink_amplitude,0.2210779290545034,0.12237864436500775,3
B77,3,blink_event_count,-0.41403001921605853,0.12237864436500775,3
B77,3,emg_rms_20_45hz,0.2623460204348183,0.12237864436500775,3
B81,1,posterior_alpha_logpower,0.14125979101636013,0.443325785728217,3
B81,1,frontal_midline_theta_logpower,0.37859875203602944,0.443325785728217,3
B81,1,aperiodic_offset,0.44981437237920446,0.443325785728217,3
B81,1,aperiodic_exponent,-0.37792615452253114,0.443325785728217,3
B81,1,alpha_peak_hz,-0.11016878709860538,0.443325785728217,3
B81,1,slow_eye_logpower,0.4281220584735359,0.443325785728217,3
B81,1,blink_amplitude,0.42139543732756124,0.443325785728217,3
B81,1,blink_event_count,-0.34324944425793996,0.443325785728217,3
B81,1,emg_rms_20_45hz,0.026973215259265892,0.443325785728217,3
B81,2,posterior_alpha_logpower,0.1729139732710301,0.14270801753203166,3
B81,2,frontal_midline_theta_logpower,0.156010286174046,0.14270801753203166,3
B81,2,aperiodic_offset,0.2103966984868869,0.14270801753203166,3
B81,2,aperiodic_exponent,-0.3837835520133478,0.14270801753203166,3
B81,2,alpha_peak_hz,-0.5990481145692348,0.14270801753203166,3
B81,2,slow_eye_logpower,-0.308990597572962,0.14270801753203166,3
B81,2,blink_amplitude,-0.29899838227903286,0.14270801753203166,3
B81,2,blink_event_count,0.3990960633720625,0.14270801753203166,3
B81,2,emg_rms_20_45hz,0.2262596507628957,0.14270801753203166,3
B81,3,posterior_alpha_logpower,0.31864827955414915,0.11180084424406173,3
B81,3,frontal_midline_theta_logpower,0.04716154265008025,0.11180084424406173,3
B81,3,aperiodic_offset,0.029912232882332135,0.11180084424406173,3
B81,3,aperiodic_exponent,-0.011829190163207165,0.11180084424406173,3
B81,3,alpha_peak_hz,-0.10176231718235791,0.11180084424406173,3
B81,3,slow_eye_logpower,-0.07423678101127977,0.11180084424406173,3
B81,3,blink_amplitude,0.05278305916259369,0.11180084424406173,3
B81,3,blink_event_count,0.1678660012904497,0.11180084424406173,3
B81,3,emg_rms_20_45hz,-0.9210714830234814,0.11180084424406173,3
C85,1,posterior_alpha_logpower,0.40405367524583635,0.676303982852484,3
C85,1,frontal_midline_theta_logpower,0.4039494464370278,0.676303982852484,3
C85,1,aperiodic_offset,0.40376075743894535,0.676303982852484,3
C85,1,aperiodic_exponent,0.09442054114401342,0.676303982852484,3
C85,1,alpha_peak_hz,0.017462660946101168,0.676303982852484,3
C85,1,slow_eye_logpower,0.40384310527022654,0.676303982852484,3
C85,1,blink_amplitude,0.33295770729710794,0.676303982852484,3
C85,1,blink_event_count,0.25442099265934953,0.676303982852484,3
C85,1,emg_rms_20_45hz,0.40328948641145845,0.676303982852484,3
C85,2,posterior_alpha_logpower,0.020092710588100464,0.12151723175471145,3
C85,2,frontal_midline_theta_logpower,0.021321419777323054,0.12151723175471145,3
C85,2,aperiodic_offset,0.029623515821521715,0.12151723175471145,3
C85,2,aperiodic_exponent,-0.6496831918190834,0.12151723175471145,3
C85,2,alpha_peak_hz,0.5244448319171245,0.12151723175471145,3
C85,2,slow_eye_logpower,0.04383566336827688,0.12151723175471145,3
C85,2,blink_amplitude,0.3300050541000279,0.12151723175471145,3
C85,2,blink_event_count,-0.43591594803236244,0.12151723175471145,3
C85,2,emg_rms_20_45hz,0.01690801673787548,0.12151723175471145,3
C85,3,posterior_alpha_logpower,0.020241131384749426,0.10975427933966186,3
C85,3,frontal_midline_theta_logpower,0.02201018365354465,0.10975427933966186,3
C85,3,aperiodic_offset,0.02831270861512423,0.10975427933966186,3
C85,3,aperiodic_exponent,-0.5653778473716928,0.10975427933966186,3
C85,3,alpha_peak_hz,-0.8149691427448955,0.10975427933966186,3
C85,3,slow_eye_logpower,0.025940496661771326,0.10975427933966186,3
C85,3,blink_amplitude,0.10374416759674401,0.10975427933966186,3
C85,3,blink_event_count,-0.052060900320356956,0.10975427933966186,3
C85,3,emg_rms_20_45hz,0.018202362542020026,0.10975427933966186,3
A2,1,posterior_alpha_logpower,0.4128051044418092,0.621742573548533,3
A2,1,frontal_midline_theta_logpower,0.4186907935584583,0.621742573548533,3
A2,1,aperiodic_offset,0.4195449522931931,0.621742573548533,3
A2,1,aperiodic_exponent,-0.12904260442573479,0.621742573548533,3
A2,1,alpha_peak_hz,0.04383896693225723,0.621742573548533,3
A2,1,slow_eye_logpower,0.4172430624710456,0.621742573548533,3
A2,1,blink_amplitude,0.337588205841035,0.621742573548533,3
A2,1,blink_event_count,0.007298676407265191,0.621742573548533,3
A2,1,emg_rms_20_45hz,0.41423098481684123,0.621742573548533,3
A2,2,posterior_alpha_logpower,0.11168280590624831,0.14187299226047442,3
A2,2,frontal_midline_theta_logpower,0.038418415292948094,0.14187299226047442,3
A2,2,aperiodic_offset,0.0020101518362344827,0.14187299226047442,3
A2,2,aperiodic_exponent,0.594016067787213,0.14187299226047442,3
A2,2,alpha_peak_hz,0.4855677395589965,0.14187299226047442,3
A2,2,slow_eye_logpower,-0.05138613042370814,0.14187299226047442,3
A2,2,blink_amplitude,-0.10473555237209706,0.14187299226047442,3
A2,2,blink_event_count,0.610058562411112,0.14187299226047442,3
A2,2,emg_rms_20_45hz,0.10786239905241124,0.14187299226047442,3
A2,3,posterior_alpha_logpower,0.06994020637606387,0.10625800097805105,3
A2,3,frontal_midline_theta_logpower,0.03951544238727671,0.10625800097805105,3
A2,3,aperiodic_offset,0.04661637594863962,0.10625800097805105,3
A2,3,aperiodic_exponent,-0.08145820032005738,0.10625800097805105,3
A2,3,alpha_peak_hz,-0.7530794414394568,0.10625800097805105,3
A2,3,slow_eye_logpower,-0.04598795447325802,0.10625800097805105,3
A2,3,blink_amplitude,-0.13155194119111807,0.10625800097805105,3
A2,3,blink_event_count,0.6297589690311263,0.10625800097805105,3
A2,3,emg_rms_20_45hz,0.03990692994136879,0.10625800097805105,3
A6,1,posterior_alpha_logpower,0.41651847764649513,0.6211395660776514,3
A6,1,frontal_midline_theta_logpower,0.41934319422892474,0.6211395660776514,3
A6,1,aperiodic_offset,0.4196644283165411,0.6211395660776514,3
A6,1,aperiodic_exponent,-0.03662002716875447,0.6211395660776514,3
A6,1,alpha_peak_hz,0.041692531049726096,0.6211395660776514,3
A6,1,slow_eye_logpower,0.41098771885295304,0.6211395660776514,3
A6,1,blink_amplitude,0.34210873479794324,0.6211395660776514,3
A6,1,blink_event_count,0.10093680718474371,0.6211395660776514,3
A6,1,emg_rms_20_45hz,0.41872256541277125,0.6211395660776514,3
A6,2,posterior_alpha_logpower,0.09866520475135197,0.147693501236898,3
A6,2,frontal_midline_theta_logpower,0.05303700885955207,0.147693501236898,3
A6,2,aperiodic_offset,-0.011956566901533402,0.147693501236898,3
A6,2,aperiodic_exponent,0.639012158692487,0.147693501236898,3
A6,2,alpha_peak_hz,-0.005999148215269813,0.147693501236898,3
A6,2,slow_eye_logpower,-0.12193143346602792,0.147693501236898,3
A6,2,blink_amplitude,-0.2577538581155907,0.147693501236898,3
A6,2,blink_event_count,0.7010513594510998,0.147693501236898,3
A6,2,emg_rms_20_45hz,0.07848203874522279,0.147693501236898,3
A6,3,posterior_alpha_logpower,0.005700229091173745,0.11500894010470057,3
A6,3,frontal_midline_theta_logpower,0.02250664460438209,0.11500894010470057,3
A6,3,aperiodic_offset,0.04171650423807944,0.11500894010470057,3
A6,3,aperiodic_exponent,-0.2894232575193436,0.11500894010470057,3
A6,3,alpha_peak_hz,-0.9264762442504458,0.11500894010470057,3
A6,3,slow_eye_logpower,-0.02509203465847879,0.11500894010470057,3
A6,3,blink_amplitude,-0.05857378952151878,0.11500894010470057,3
A6,3,blink_event_count,0.2265331274863345,0.11500894010470057,3
A6,3,emg_rms_20_45hz,0.014794647229374808,0.11500894010470057,3
A10,1,posterior_alpha_logpower,0.4125178834086297,0.6406815144621902,3
A10,1,frontal_midline_theta_logpower,0.4127338527388571,0.6406815144621902,3
A10,1,aperiodic_offset,0.4137465687396972,0.6406815144621902,3
A10,1,aperiodic_exponent,-0.07914916456467559,0.6406815144621902,3
A10,1,alpha_peak_hz,-0.016086303960619046,0.6406815144621902,3
A10,1,slow_eye_logpower,0.4108891592727569,0.6406815144621902,3
A10,1,blink_amplitude,0.37804395048768025,0.6406815144621902,3
A10,1,blink_event_count,-0.0007665786131035961,0.6406815144621902,3
A10,1,emg_rms_20_45hz,0.4123378017477371,0.6406815144621902,3
A10,2,posterior_alpha_logpower,0.06248873715168217,0.1252311842098745,3
A10,2,frontal_midline_theta_logpower,0.0639376526717537,0.1252311842098745,3
A10,2,aperiodic_offset,0.04223892564742383,0.1252311842098745,3
A10,2,aperiodic_exponent,0.31019736997354264,0.1252311842098745,3
A10,2,alpha_peak_hz,0.5947951699675034,0.1252311842098745,3
A10,2,slow_eye_logpower,-0.054900793667468806,0.1252311842098745,3
A10,2,blink_amplitude,-0.1159531931273986,0.1252311842098745,3
A10,2,blink_event_count,0.7196894741188449,0.1252311842098745,3
A10,2,emg_rms_20_45hz,0.07620449859276061,0.1252311842098745,3
A10,3,posterior_alpha_logpower,0.012734449628933952,0.10834652660234552,3
A10,3,frontal_midline_theta_logpower,-0.00015066027905770405,0.10834652660234552,3
A10,3,aperiodic_offset,0.05605779240100463,0.10834652660234552,3
A10,3,aperiodic_exponent,-0.7920815404330501,0.10834652660234552,3
A10,3,alpha_peak_hz,-0.259480614732079,0.10834652660234552,3
A10,3,slow_eye_logpower,-0.08275574797685659,0.10834652660234552,3
A10,3,blink_amplitude,-0.14839477390845854,0.10834652660234552,3
A10,3,blink_event_count,0.5224651962917806,0.10834652660234552,3
A10,3,emg_rms_20_45hz,-0.011514113338104544,0.10834652660234552,3
A14,1,posterior_alpha_logpower,0.41532224150964997,0.6189226761281874,3
A14,1,frontal_midline_theta_logpower,0.41465635607132145,0.6189226761281874,3
A14,1,aperiodic_offset,0.41989778670023536,0.6189226761281874,3
A14,1,aperiodic_exponent,-0.06633989030769896,0.6189226761281874,3
A14,1,alpha_peak_hz,0.0217610133406334,0.6189226761281874,3
A14,1,slow_eye_logpower,0.41908692790981966,0.6189226761281874,3
A14,1,blink_amplitude,0.35215201333444796,0.6189226761281874,3
A14,1,blink_event_count,-0.04197735579020245,0.6189226761281874,3
A14,1,emg_rms_20_45hz,0.41589887714938,0.6189226761281874,3
A14,2,posterior_alpha_logpower,0.13123978962355118,0.1734523301387895,3
A14,2,frontal_midline_theta_logpower,0.10307642260880484,0.1734523301387895,3
A14,2,aperiodic_offset,0.018618696571172814,0.1734523301387895,3
A14,2,aperiodic_exponent,0.6514798889037349,0.1734523301387895,3
A14,2,alpha_peak_hz,0.12927564667158023,0.1734523301387895,3
A14,2,slow_eye_logpower,-0.04629924325776733,0.1734523301387895,3
A14,2,blink_amplitude,-0.19962698539652823,0.1734523301387895,3
A14,2,blink_event_count,0.6869421773409429,0.1734523301387895,3
A14,2,emg_rms_20_45hz,0.1295467720813089,0.1734523301387895,3
A14,3,posterior_alpha_logpower,0.0044172700753911135,0.11023057479943463,3
A14,3,frontal_midline_theta_logpower,-0.0660848654090838,0.11023057479943463,3
A14,3,aperiodic_offset,-0.008467112144419735,0.11023057479943463,3
A14,3,aperiodic_exponent,-0.11730569306724489,0.11023057479943463,3
A14,3,alpha_peak_hz,0.9888747509956528,0.11023057479943463,3
A14,3,slow_eye_logpower,-0.0038643208012402105,0.11023057479943463,3
A14,3,blink_amplitude,0.012442423681125133,0.11023057479943463,3
A14,3,blink_event_count,-0.05971957724731698,0.11023057479943463,3
A14,3,emg_rms_20_45hz,-0.013096286850231151,0.11023057479943463,3
A18,1,posterior_alpha_logpower,0.4222449172778206,0.6052640403883754,3
A18,1,frontal_midline_theta_logpower,0.4227477126677932,0.6052640403883754,3
A18,1,aperiodic_offset,0.4251238883479221,0.6052640403883754,3
A18,1,aperiodic_exponent,-0.08287338465178332,0.6052640403883754,3
A18,1,alpha_peak_hz,0.025646450106037395,0.6052640403883754,3
A18,1,slow_eye_logpower,0.4233304055772188,0.6052640403883754,3
A18,1,blink_amplitude,0.4048125336225656,0.6052640403883754,3
A18,1,blink_event_count,-0.023211966465739683,0.6052640403883754,3
A18,1,emg_rms_20_45hz,0.3333420577802248,0.6052640403883754,3
A18,2,posterior_alpha_logpower,0.06931340625456058,0.14977325213794046,3
A18,2,frontal_midline_theta_logpower,0.06794396621632705,0.14977325213794046,3
A18,2,aperiodic_offset,0.0011922051360928679,0.14977325213794046,3
A18,2,aperiodic_exponent,0.6278627960130382,0.14977325213794046,3
A18,2,alpha_peak_hz,-0.2885923383132597,0.14977325213794046,3
A18,2,slow_eye_logpower,-0.023488933945458285,0.14977325213794046,3
A18,2,blink_amplitude,-0.002385208630509006,0.14977325213794046,3
A18,2,blink_event_count,0.7108388906656095,0.14977325213794046,3
A18,2,emg_rms_20_45hz,0.0850368846081164,0.14977325213794046,3
A18,3,posterior_alpha_logpower,0.021592261743423942,0.10958199854925607,3
A18,3,frontal_midline_theta_logpower,0.02186807509927026,0.10958199854925607,3
A18,3,aperiodic_offset,-0.0071398776599735005,0.10958199854925607,3
A18,3,aperiodic_exponent,0.36941519213865104,0.10958199854925607,3
A18,3,alpha_peak_hz,0.9267883303160321,0.10958199854925607,3
A18,3,slow_eye_logpower,0.0175862500595193,0.10958199854925607,3
A18,3,blink_amplitude,-0.016374457717646958,0.10958199854925607,3
A18,3,blink_event_count,0.049240639742404634,0.10958199854925607,3
A18,3,emg_rms_20_45hz,-0.024461206419490705,0.10958199854925607,3
A22,1,posterior_alpha_logpower,0.40659026879413546,0.662967079426076,3
A22,1,frontal_midline_theta_logpower,0.4061493206464891,0.662967079426076,3
A22,1,aperiodic_offset,0.4082040656591528,0.662967079426076,3
A22,1,aperiodic_exponent,-0.10884309454085685,0.662967079426076,3
A22,1,alpha_peak_hz,0.0538062097677171,0.662967079426076,3
A22,1,slow_eye_logpower,0.40630919624882167,0.662967079426076,3
A22,1,blink_amplitude,0.39163026405406803,0.662967079426076,3
A22,1,blink_event_count,0.06775879567018414,0.662967079426076,3
A22,1,emg_rms_20_45hz,0.4065733819752006,0.662967079426076,3
A22,2,posterior_alpha_logpower,0.04988760029188683,0.11439473598303261,3
A22,2,frontal_midline_theta_logpower,0.06265650410074342,0.11439473598303261,3
A22,2,aperiodic_offset,-0.004830836551285512,0.11439473598303261,3
A22,2,aperiodic_exponent,0.5924446433090822,0.11439473598303261,3
A22,2,alpha_peak_hz,-0.7957585620998486,0.11439473598303261,3
A22,2,slow_eye_logpower,0.041104331458364084,0.11439473598303261,3
A22,2,blink_amplitude,0.042557887077566185,0.11439473598303261,3
A22,2,blink_event_count,0.033654226287474054,0.11439473598303261,3
A22,2,emg_rms_20_45hz,0.06860292664461431,0.11439473598303261,3
A22,3,posterior_alpha_logpower,0.006418886240194303,0.11182616810653884,3
A22,3,frontal_midline_theta_logpower,0.005542966719446123,0.11182616810653884,3
A22,3,aperiodic_offset,-0.028607019978070965,0.11182616810653884,3
A22,3,aperiodic_exponent,0.3475169590448456,0.11182616810653884,3
A22,3,alpha_peak_hz,0.29351683366283204,0.11182616810653884,3
A22,3,slow_eye_logpower,-0.06497559039011504,0.11182616810653884,3
A22,3,blink_amplitude,-0.02161800135071921,0.11182616810653884,3
A22,3,blink_event_count,0.8873683086200593,0.11182616810653884,3
A22,3,emg_rms_20_45hz,0.008823995011070798,0.11182616810653884,3
A26,1,posterior_alpha_logpower,0.4209629415538671,0.6158503030286884,3
A26,1,frontal_midline_theta_logpower,0.42168350872125515,0.6158503030286884,3
A26,1,aperiodic_offset,0.42062549949675565,0.6158503030286884,3
A26,1,aperiodic_exponent,0.058341766212656083,0.6158503030286884,3
A26,1,alpha_peak_hz,-0.011473881671915107,0.6158503030286884,3
A26,1,slow_eye_logpower,0.4168050666107751,0.6158503030286884,3
A26,1,blink_amplitude,0.3339301190693533,0.6158503030286884,3
A26,1,blink_event_count,0.05225680891686603,0.6158503030286884,3
A26,1,emg_rms_20_45hz,0.4201731021689257,0.6158503030286884,3
A26,2,posterior_alpha_logpower,0.06389649565285435,0.1546103379712536,3
A26,2,frontal_midline_theta_logpower,0.035556205635706634,0.1546103379712536,3
A26,2,aperiodic_offset,-0.0343104521276843,0.1546103379712536,3
A26,2,aperiodic_exponent,0.6626814118208414,0.1546103379712536,3
A26,2,alpha_peak_hz,-0.07836621464764537,0.1546103379712536,3
A26,2,slow_eye_logpower,-0.1178094795475351,0.1546103379712536,3
A26,2,blink_amplitude,-0.25155359948420736,0.1546103379712536,3
A26,2,blink_event_count,0.6824867631068167,0.1546103379712536,3
A26,2,emg_rms_20_45hz,0.07239752127706259,0.1546103379712536,3
A26,3,posterior_alpha_logpower,0.006729346474011797,0.11106000499435789,3
A26,3,frontal_midline_theta_logpower,-0.0003498700841558803,0.11106000499435789,3
A26,3,aperiodic_offset,0.005225327920198143,0.11106000499435789,3
A26,3,aperiodic_exponent,-0.00879444582184793,0.11106000499435789,3
A26,3,alpha_peak_hz,0.9930252035875125,0.11106000499435789,3
A26,3,slow_eye_logpower,0.0018612568271989352,0.11106000499435789,3
A26,3,blink_amplitude,-0.015288475529415658,0.11106000499435789,3
A26,3,blink_event_count,0.11555823668778387,0.11106000499435789,3
A26,3,emg_rms_20_45hz,0.012648492810154581,0.11106000499435789,3
A30,1,posterior_alpha_logpower,0.41022947775705737,0.6543054052953452,3
A30,1,frontal_midline_theta_logpower,0.4097286763031206,0.6543054052953452,3
A30,1,aperiodic_offset,0.40800261006379784,0.6543054052953452,3
A30,1,aperiodic_exponent,0.1325009498656932,0.6543054052953452,3
A30,1,alpha_peak_hz,-0.02260408614861976,0.6543054052953452,3
A30,1,slow_eye_logpower,0.405635039120344,0.6543054052953452,3
A30,1,blink_amplitude,0.37727212619541906,0.6543054052953452,3
A30,1,blink_event_count,0.0653460804425711,0.6543054052953452,3
A30,1,emg_rms_20_45hz,0.41006884635861646,0.6543054052953452,3
A30,2,posterior_alpha_logpower,0.014280573805714996,0.13582786987964857,3
A30,2,frontal_midline_theta_logpower,0.0057559728148795395,0.13582786987964857,3
A30,2,aperiodic_offset,-0.06909387280736373,0.13582786987964857,3
A30,2,aperiodic_exponent,0.625426125745324,0.13582786987964857,3
A30,2,alpha_peak_hz,-0.019769793920553863,0.13582786987964857,3
A30,2,slow_eye_logpower,-0.1202929390291112,0.13582786987964857,3
A30,2,blink_amplitude,-0.19247201585109808,0.13582786987964857,3
A30,2,blink_event_count,0.742551511902603,0.13582786987964857,3
A30,2,emg_rms_20_45hz,0.023273833329701857,0.13582786987964857,3
A30,3,posterior_alpha_logpower,0.007920823028872337,0.111073140981797,3
A30,3,frontal_midline_theta_logpower,0.0012061094725679827,0.111073140981797,3
A30,3,aperiodic_offset,0.015383797092434598,0.111073140981797,3
A30,3,aperiodic_exponent,-0.04575171587752384,0.111073140981797,3
A30,3,alpha_peak_hz,0.9959451040424483,0.111073140981797,3
A30,3,slow_eye_logpower,0.020478516010337247,0.111073140981797,3
A30,3,blink_amplitude,0.009300251466564527,0.111073140981797,3
A30,3,blink_event_count,0.0718932497416783,0.111073140981797,3
A30,3,emg_rms_20_45hz,0.004977069810385649,0.111073140981797,3
A34,1,posterior_alpha_logpower,0.4124500661229277,0.6434022558819327,3
A34,1,frontal_midline_theta_logpower,0.4136807181364719,0.6434022558819327,3
A34,1,aperiodic_offset,0.4133979024476714,0.6434022558819327,3
A34,1,aperiodic_exponent,0.06473232864983068,0.6434022558819327,3
A34,1,alpha_peak_hz,0.019815214298877656,0.6434022558819327,3
A34,1,slow_eye_logpower,0.4106968547317825,0.6434022558819327,3
A34,1,blink_amplitude,0.3752392156138966,0.6434022558819327,3
A34,1,blink_event_count,0.05967475499831455,0.6434022558819327,3
A34,1,emg_rms_20_45hz,0.4125954577474054,0.6434022558819327,3
A34,2,posterior_alpha_logpower,0.05528046505616585,0.1511261800272831,3
A34,2,frontal_midline_theta_logpower,0.011221015728908922,0.1511261800272831,3
A34,2,aperiodic_offset,-0.029183586870101058,0.1511261800272831,3
A34,2,aperiodic_exponent,0.6802577600026504,0.1511261800272831,3
A34,2,alpha_peak_hz,0.20343798727278076,0.1511261800272831,3
A34,2,slow_eye_logpower,-0.08282984924812982,0.1511261800272831,3
A34,2,blink_amplitude,-0.2371758314259715,0.1511261800272831,3
A34,2,blink_event_count,0.652855089937526,0.1511261800272831,3
A34,2,emg_rms_20_45hz,0.049959134707815586,0.1511261800272831,3
A34,3,posterior_alpha_logpower,0.031126221469801103,0.11258020313984549,3
A34,3,frontal_midline_theta_logpower,0.01578300426712063,0.11258020313984549,3
A34,3,aperiodic_offset,0.021175488654101758,0.11258020313984549,3
A34,3,aperiodic_exponent,-0.07637996066945606,0.11258020313984549,3
A34,3,alpha_peak_hz,-0.9334806108563484,0.11258020313984549,3
A34,3,slow_eye_logpower,-0.008916222398946117,0.11258020313984549,3
A34,3,blink_amplitude,-0.07241827588889752,0.11258020313984549,3
A34,3,blink_event_count,0.33998165447014794,0.11258020313984549,3
A34,3,emg_rms_20_45hz,0.014222288005855507,0.11258020313984549,3
A38,1,posterior_alpha_logpower,0.4096020962275765,0.6547069059684563,3
A38,1,frontal_midline_theta_logpower,0.41000172028097304,0.6547069059684563,3
A38,1,aperiodic_offset,0.40963862044606236,0.6547069059684563,3
A38,1,aperiodic_exponent,0.03462057999201718,0.6547069059684563,3
A38,1,alpha_peak_hz,-0.050696140314769364,0.6547069059684563,3
A38,1,slow_eye_logpower,0.4088656435123996,0.6547069059684563,3
A38,1,blink_amplitude,0.3971788044889053,0.6547069059684563,3
A38,1,blink_event_count,-0.008113309241092707,0.6547069059684563,3
A38,1,emg_rms_20_45hz,0.40934616964493536,0.6547069059684563,3
A38,2,posterior_alpha_logpower,0.009408620077973632,0.12036942903305856,3
A38,2,frontal_midline_theta_logpower,0.007656277534255624,0.12036942903305856,3
A38,2,aperiodic_offset,0.03257164241315196,0.12036942903305856,3
A38,2,aperiodic_exponent,-0.3133881598955046,0.12036942903305856,3
A38,2,alpha_peak_hz,-0.6424552454480716,0.12036942903305856,3
A38,2,slow_eye_logpower,-0.0027502567765057178,0.12036942903305856,3
A38,2,blink_amplitude,-0.07117168413803755,0.12036942903305856,3
A38,2,blink_event_count,0.694595801740997,0.12036942903305856,3
A38,2,emg_rms_20_45hz,-0.017168747625405763,0.12036942903305856,3
A38,3,posterior_alpha_logpower,0.017230218446186444,0.11175270775999403,3
A38,3,frontal_midline_theta_logpower,0.03567226442485256,0.11175270775999403,3
A38,3,aperiodic_offset,-0.05567322875149626,0.11175270775999403,3
A38,3,aperiodic_exponent,0.9084929875141963,0.11175270775999403,3
A38,3,alpha_peak_hz,-0.011725818106682911,0.11175270775999403,3
A38,3,slow_eye_logpower,-0.03566813408587641,0.11175270775999403,3
A38,3,blink_amplitude,-0.10184132347298648,0.11175270775999403,3
A38,3,blink_event_count,0.39210434898843716,0.11175270775999403,3
A38,3,emg_rms_20_45hz,0.06666637907671484,0.11175270775999403,3
A42,1,posterior_alpha_logpower,0.40387080288630856,0.6787108233143992,3
A42,1,frontal_midline_theta_logpower,0.40373493824401074,0.6787108233143992,3
A42,1,aperiodic_offset,0.4037594377316189,0.6787108233143992,3
A42,1,aperiodic_exponent,-0.0072198055993161325,0.6787108233143992,3
A42,1,alpha_peak_hz,0.01600109504180571,0.6787108233143992,3
A42,1,slow_eye_logpower,0.40354443093268677,0.6787108233143992,3
A42,1,blink_amplitude,0.34755641321089376,0.6787108233143992,3
A42,1,blink_event_count,0.25464546383820064,0.6787108233143992,3
A42,1,emg_rms_20_45hz,0.4025776318551636,0.6787108233143992,3
A42,2,posterior_alpha_logpower,0.010679301355911339,0.12451208275892317,3
A42,2,frontal_midline_theta_logpower,0.008800623228887462,0.12451208275892317,3
A42,2,aperiodic_offset,0.016938469648673717,0.12451208275892317,3
A42,2,aperiodic_exponent,-0.7587987030719675,0.12451208275892317,3
A42,2,alpha_peak_hz,-0.6067712505701467,0.12451208275892317,3
A42,2,slow_eye_logpower,0.018841514134281225,0.12451208275892317,3
A42,2,blink_amplitude,0.10559105153442765,0.12451208275892317,3
A42,2,blink_event_count,-0.20990342392491954,0.12451208275892317,3
A42,2,emg_rms_20_45hz,-0.0032935243601861517,0.12451208275892317,3
A42,3,posterior_alpha_logpower,0.0016254967169603222,0.10557129204439761,3
A42,3,frontal_midline_theta_logpower,0.002902672782839624,0.10557129204439761,3
A42,3,aperiodic_offset,-0.0018702512102471555,0.10557129204439761,3
A42,3,aperiodic_exponent,0.4603537451253679,0.10557129204439761,3
A42,3,alpha_peak_hz,-0.7557460466079149,0.10557129204439761,3
A42,3,slow_eye_logpower,-0.01514588039989575,0.10557129204439761,3
A42,3,blink_amplitude,-0.24407765191925782,0.10557129204439761,3
A42,3,blink_event_count,0.39621391235265163,0.10557129204439761,3
A42,3,emg_rms_20_45hz,0.010909381091685315,0.10557129204439761,3
A46,1,posterior_alpha_logpower,0.37994225353421524,0.7647993853520992,3
A46,1,frontal_midline_theta_logpower,0.3800917787827436,0.7647993853520992,3
A46,1,aperiodic_offset,0.3799547502441834,0.7647993853520992,3
A46,1,aperiodic_exponent,0.026094326610090396,0.7647993853520992,3
A46,1,alpha_peak_hz,0.09555863877962686,0.7647993853520992,3
A46,1,slow_eye_logpower,0.3799401787741106,0.7647993853520992,3
A46,1,blink_amplitude,0.3768385649746399,0.7647993853520992,3
A46,1,blink_event_count,0.3559016899165106,0.7647993853520992,3
A46,1,emg_rms_20_45hz,0.37943153234393456,0.7647993853520992,3
A46,2,posterior_alpha_logpower,0.012267104053776833,0.11401623653329966,3
A46,2,frontal_midline_theta_logpower,0.01391072335501104,0.11401623653329966,3
A46,2,aperiodic_offset,0.022827518807965057,0.11401623653329966,3
A46,2,aperiodic_exponent,-0.8773008816220133,0.11401623653329966,3
A46,2,alpha_peak_hz,-0.46886711203264864,0.11401623653329966,3
A46,2,slow_eye_logpower,0.010132203803659895,0.11401623653329966,3
A46,2,blink_amplitude,0.0173810700339738,0.11401623653329966,3
A46,2,blink_event_count,0.09528552943778736,0.11401623653329966,3
A46,2,emg_rms_20_45hz,0.012554417894275197,0.11401623653329966,3
A46,3,posterior_alpha_logpower,0.040026364257365776,0.10264853426906985,3
A46,3,frontal_midline_theta_logpower,0.03896593892610468,0.10264853426906985,3
A46,3,aperiodic_offset,0.03568118728249346,0.10264853426906985,3
A46,3,aperiodic_exponent,0.4703865832738382,0.10264853426906985,3
A46,3,alpha_peak_hz,-0.8776085412155455,0.10264853426906985,3
A46,3,slow_eye_logpower,0.03872851987689262,0.10264853426906985,3
A46,3,blink_amplitude,0.0040691723887942705,0.10264853426906985,3
A46,3,blink_event_count,-0.018096028414299737,0.10264853426906985,3
A46,3,emg_rms_20_45hz,0.04798110715049694,0.10264853426906985,3
A50,1,posterior_alpha_logpower,0.39915820758702697,0.6913794805597429,3
A50,1,frontal_midline_theta_logpower,0.39939881450157755,0.6913794805597429,3
A50,1,aperiodic_offset,0.3992972633015052,0.6913794805597429,3
A50,1,aperiodic_exponent,-0.042943684807650116,0.6913794805597429,3
A50,1,alpha_peak_hz,0.052595351243661576,0.6913794805597429,3
A50,1,slow_eye_logpower,0.39940485769341233,0.6913794805597429,3
A50,1,blink_amplitude,0.3546926642846372,0.6913794805597429,3
A50,1,blink_event_count,0.2705405901308594,0.6913794805597429,3
A50,1,emg_rms_20_45hz,0.3982226003361549,0.6913794805597429,3
A50,2,posterior_alpha_logpower,0.010600387655192943,0.12439435196811512,3
A50,2,frontal_midline_theta_logpower,-0.00010505309304093371,0.12439435196811512,3
A50,2,aperiodic_offset,-0.010280596865592507,0.12439435196811512,3
A50,2,aperiodic_exponent,0.802480385905172,0.12439435196811512,3
A50,2,alpha_peak_hz,0.4236526215061304,0.12439435196811512,3
A50,2,slow_eye_logpower,-0.01537220004804752,0.12439435196811512,3
A50,2,blink_amplitude,-0.2327111903294076,0.12439435196811512,3
A50,2,blink_event_count,0.34882098547458223,0.12439435196811512,3
A50,2,emg_rms_20_45hz,0.01608521232869891,0.12439435196811512,3
A50,3,posterior_alpha_logpower,0.04151794294377588,0.10737609132028836,3
A50,3,frontal_midline_theta_logpower,0.04183243969804121,0.10737609132028836,3
A50,3,aperiodic_offset,0.037243751571802645,0.10737609132028836,3
A50,3,aperiodic_exponent,0.42953082810091986,0.10737609132028836,3
A50,3,alpha_peak_hz,-0.8937530772259856,0.10737609132028836,3
A50,3,slow_eye_logpower,0.036124663515211056,0.10737609132028836,3
A50,3,blink_amplitude,-0.07941689874088649,0.10737609132028836,3
A50,3,blink_event_count,0.0435587569866171,0.10737609132028836,3
A50,3,emg_rms_20_45hz,0.04835819063589987,0.10737609132028836,3
A54,1,posterior_alpha_logpower,0.4110218814239725,0.6497604422484988,3
A54,1,frontal_midline_theta_logpower,0.41107515113483617,0.6497604422484988,3
A54,1,aperiodic_offset,0.41119315360263586,0.6497604422484988,3
A54,1,aperiodic_exponent,-0.02340436857901726,0.6497604422484988,3
A54,1,alpha_peak_hz,0.02677765590260832,0.6497604422484988,3
A54,1,slow_eye_logpower,0.4116306827920895,0.6497604422484988,3
A54,1,blink_amplitude,0.24465718412574097,0.6497604422484988,3
A54,1,blink_event_count,0.3070254244543473,0.6497604422484988,3
A54,1,emg_rms_20_45hz,0.41008785423940136,0.6497604422484988,3
A54,2,posterior_alpha_logpower,0.014562884664769082,0.1319053122146054,3
A54,2,frontal_midline_theta_logpower,0.012887584155308355,0.1319053122146054,3
A54,2,aperiodic_offset,0.005002196948559411,0.1319053122146054,3
A54,2,aperiodic_exponent,0.7840318769984393,0.1319053122146054,3
A54,2,alpha_peak_hz,0.5062447509451283,0.1319053122146054,3
A54,2,slow_eye_logpower,-0.0011442097194554728,0.1319053122146054,3
A54,2,blink_amplitude,-0.2979318213783935,0.1319053122146054,3
A54,2,blink_event_count,0.1994134865042095,0.1319053122146054,3
A54,2,emg_rms_20_45hz,0.008755602542560966,0.1319053122146054,3
A54,3,posterior_alpha_logpower,0.019839628375026376,0.109941810093795,3
A54,3,frontal_midline_theta_logpower,0.017561171542731843,0.109941810093795,3
A54,3,aperiodic_offset,0.014624680788742083,0.109941810093795,3
A54,3,aperiodic_exponent,0.25474136543131815,0.109941810093795,3
A54,3,alpha_peak_hz,-0.7892588713010286,0.109941810093795,3
A54,3,slow_eye_logpower,-0.0024148387474973677,0.109941810093795,3
A54,3,blink_amplitude,-0.433352736641342,0.109941810093795,3
A54,3,blink_event_count,0.3511661077567948,0.109941810093795,3
A54,3,emg_rms_20_45hz,0.011971753624908613,0.109941810093795,3
A58,1,posterior_alpha_logpower,0.4014836776657522,0.6865551220746521,3
A58,1,frontal_midline_theta_logpower,0.40142238462321556,0.6865551220746521,3
A58,1,aperiodic_offset,0.401301295523249,0.6865551220746521,3
A58,1,aperiodic_exponent,0.006749746434958793,0.6865551220746521,3
A58,1,alpha_peak_hz,-0.040275628604876816,0.6865551220746521,3
A58,1,slow_eye_logpower,0.40123180023760835,0.6865551220746521,3
A58,1,blink_amplitude,0.36524836066590793,0.6865551220746521,3
A58,1,blink_event_count,0.24443967571389605,0.6865551220746521,3
A58,1,emg_rms_20_45hz,0.40101924269558625,0.6865551220746521,3
A58,2,posterior_alpha_logpower,0.0003023585122180887,0.11838710606853683,3
A58,2,frontal_midline_theta_logpower,0.011537540388320456,0.11838710606853683,3
A58,2,aperiodic_offset,0.02215004150938094,0.11838710606853683,3
A58,2,aperiodic_exponent,-0.9080811931568711,0.11838710606853683,3
A58,2,alpha_peak_hz,-0.09061195917453171,0.11838710606853683,3
A58,2,slow_eye_logpower,0.02336973221710773,0.11838710606853683,3
A58,2,blink_amplitude,0.1781448744429289,0.11838710606853683,3
A58,2,blink_event_count,-0.36630078953284306,0.11838710606853683,3
A58,2,emg_rms_20_45hz,0.009807130315538296,0.11838710606853683,3
A58,3,posterior_alpha_logpower,0.01348056526353405,0.11032815677954981,3
A58,3,frontal_midline_theta_logpower,0.015969684231387463,0.11032815677954981,3
A58,3,aperiodic_offset,0.019090587653117684,0.11032815677954981,3
A58,3,aperiodic_exponent,-0.049555160579146766,0.11032815677954981,3
A58,3,alpha_peak_hz,0.9919040452807075,0.11032815677954981,3
A58,3,slow_eye_logpower,0.023205319520632286,0.11032815677954981,3
A58,3,blink_amplitude,0.06473878519257782,0.11032815677954981,3
A58,3,blink_event_count,-0.08727112271420856,0.11032815677954981,3
A58,3,emg_rms_20_45hz,0.02288226392783851,0.11032815677954981,3
B62,1,posterior_alpha_logpower,0.1261544156180024,0.3589250153778151,3
B62,1,frontal_midline_theta_logpower,0.2463364911086221,0.3589250153778151,3
B62,1,aperiodic_offset,0.44757333664338705,0.3589250153778151,3
B62,1,aperiodic_exponent,-0.4102269680988105,0.3589250153778151,3
B62,1,alpha_peak_hz,0.044346869958700366,0.3589250153778151,3
B62,1,slow_eye_logpower,0.48656708688600486,0.3589250153778151,3
B62,1,blink_amplitude,0.42471512251530985,0.3589250153778151,3
B62,1,blink_event_count,-0.3678866663554265,0.3589250153778151,3
B62,1,emg_rms_20_45hz,0.018911109104589707,0.3589250153778151,3
B62,2,posterior_alpha_logpower,0.1368443604860216,0.14809186388914217,3
B62,2,frontal_midline_theta_logpower,-0.06330610534557979,0.14809186388914217,3
B62,2,aperiodic_offset,-0.4272557987898234,0.14809186388914217,3
B62,2,aperiodic_exponent,0.4817320624790454,0.14809186388914217,3
B62,2,alpha_peak_hz,0.033381310080755885,0.14809186388914217,3
B62,2,slow_eye_logpower,0.23733474280815986,0.14809186388914217,3
B62,2,blink_amplitude,0.23951865093021224,0.14809186388914217,3
B62,2,blink_event_count,-0.4317148321760757,0.14809186388914217,3
B62,2,emg_rms_20_45hz,0.511335201153346,0.14809186388914217,3
B62,3,posterior_alpha_logpower,0.666460960903672,0.14152130939766316,3
B62,3,frontal_midline_theta_logpower,0.2405266270124306,0.14152130939766316,3
B62,3,aperiodic_offset,0.155543566603437,0.14152130939766316,3
B62,3,aperiodic_exponent,-0.16270443443823668,0.14152130939766316,3
B62,3,alpha_peak_hz,-0.10904379202302705,0.14152130939766316,3
B62,3,slow_eye_logpower,-0.20046539579536132,0.14152130939766316,3
B62,3,blink_amplitude,-0.26098568457569604,0.14152130939766316,3
B62,3,blink_event_count,0.20806729129059978,0.14152130939766316,3
B62,3,emg_rms_20_45hz,0.5327548652459122,0.14152130939766316,3
B66,1,posterior_alpha_logpower,0.13695915180247611,0.4550585894180976,3
B66,1,frontal_midline_theta_logpower,0.4165899756316658,0.4550585894180976,3
B66,1,aperiodic_offset,0.46017293830520545,0.4550585894180976,3
B66,1,aperiodic_exponent,-0.4012763681887536,0.4550585894180976,3
B66,1,alpha_peak_hz,-0.12807371344519347,0.4550585894180976,3
B66,1,slow_eye_logpower,0.42826688030990134,0.4550585894180976,3
B66,1,blink_amplitude,0.4304298707623666,0.4550585894180976,3
B66,1,blink_event_count,-0.22222621378799176,0.4550585894180976,3
B66,1,emg_rms_20_45hz,-0.02105624706545066,0.4550585894180976,3
B66,2,posterior_alpha_logpower,0.4811156685373025,0.1428466735383368,3
B66,2,frontal_midline_theta_logpower,0.10883110178513472,0.1428466735383368,3
B66,2,aperiodic_offset,0.15627104903419003,0.1428466735383368,3
B66,2,aperiodic_exponent,-0.19204036220986115,0.1428466735383368,3
B66,2,alpha_peak_hz,-0.32948751971487295,0.1428466735383368,3
B66,2,slow_eye_logpower,-0.25761621159907494,0.1428466735383368,3
B66,2,blink_amplitude,-0.1376779284888865,0.1428466735383368,3
B66,2,blink_event_count,0.5561059225623279,0.1428466735383368,3
B66,2,emg_rms_20_45hz,0.4384589103437069,0.1428466735383368,3
B66,3,posterior_alpha_logpower,0.27606787900220897,0.11219573480538934,3
B66,3,frontal_midline_theta_logpower,-0.07476917250929711,0.11219573480538934,3
B66,3,aperiodic_offset,-0.059193327603738986,0.11219573480538934,3
B66,3,aperiodic_exponent,0.07537604012370167,0.11219573480538934,3
B66,3,alpha_peak_hz,-0.6109308961772131,0.11219573480538934,3
B66,3,slow_eye_logpower,-0.06789662419325218,0.11219573480538934,3
B66,3,blink_amplitude,-0.03708245564409699,0.11219573480538934,3
B66,3,blink_event_count,-0.010324402926590636,0.11219573480538934,3
B66,3,emg_rms_20_45hz,-0.7277928869361416,0.11219573480538934,3
B70,1,posterior_alpha_logpower,0.04293547549010564,0.3498856523391471,3
B70,1,frontal_midline_theta_logpower,0.3919094413624059,0.3498856523391471,3
B70,1,aperiodic_offset,0.49912737047204275,0.3498856523391471,3
B70,1,aperiodic_exponent,-0.40935642302350556,0.3498856523391471,3
B70,1,alpha_peak_hz,-0.06755259575744516,0.3498856523391471,3
B70,1,slow_eye_logpower,0.4344197405477717,0.3498856523391471,3
B70,1,blink_amplitude,0.4210257739829512,0.3498856523391471,3
B70,1,blink_event_count,-0.22435850308737126,0.3498856523391471,3
B70,1,emg_rms_20_45hz,-0.08354290666357769,0.3498856523391471,3
B70,2,posterior_alpha_logpower,0.2858896182312183,0.19024070454173325,3
B70,2,frontal_midline_theta_logpower,-0.14069557869274402,0.19024070454173325,3
B70,2,aperiodic_offset,-0.24893277879874534,0.19024070454173325,3
B70,2,aperiodic_exponent,0.4045833299121171,0.19024070454173325,3
B70,2,alpha_peak_hz,0.10986516708024338,0.19024070454173325,3
B70,2,slow_eye_logpower,0.34324684804739286,0.19024070454173325,3
B70,2,blink_amplitude,0.3208790584915493,0.19024070454173325,3
B70,2,blink_event_count,-0.43560745290822517,0.19024070454173325,3
B70,2,emg_rms_20_45hz,0.5002106599034296,0.19024070454173325,3
B70,3,posterior_alpha_logpower,0.6968037665934367,0.1276270265405486,3
B70,3,frontal_midline_theta_logpower,0.3736299887249812,0.1276270265405486,3
B70,3,aperiodic_offset,0.11182294071271007,0.1276270265405486,3
B70,3,aperiodic_exponent,0.15070782065199181,0.1276270265405486,3
B70,3,alpha_peak_hz,-0.42494429371199893,0.1276270265405486,3
B70,3,slow_eye_logpower,-0.13696869938877304,0.1276270265405486,3
B70,3,blink_amplitude,-0.1364499064143904,0.1276270265405486,3
B70,3,blink_event_count,0.3005145045775273,0.1276270265405486,3
B70,3,emg_rms_20_45hz,0.17715051035389087,0.1276270265405486,3
B74,1,posterior_alpha_logpower,0.20525676579210012,0.4192087054484798,3
B74,1,frontal_midline_theta_logpower,0.36654857210705327,0.4192087054484798,3
B74,1,aperiodic_offset,0.4588756592947094,0.4192087054484798,3
B74,1,aperiodic_exponent,-0.377603678746587,0.4192087054484798,3
B74,1,alpha_peak_hz,-0.15675298429885692,0.4192087054484798,3
B74,1,slow_eye_logpower,0.41324080115518147,0.4192087054484798,3
B74,1,blink_amplitude,0.4216951036803749,0.4192087054484798,3
B74,1,blink_event_count,-0.29226142370888514,0.4192087054484798,3
B74,1,emg_rms_20_45hz,-0.10852390245663579,0.4192087054484798,3
B74,2,posterior_alpha_logpower,0.5666284973495549,0.19722944251619567,3
B74,2,frontal_midline_theta_logpower,0.2788717404634703,0.19722944251619567,3
B74,2,aperiodic_offset,0.02597042080756104,0.19722944251619567,3
B74,2,aperiodic_exponent,0.027506399142197713,0.19722944251619567,3
B74,2,alpha_peak_hz,-0.5711383863930003,0.19722944251619567,3
B74,2,slow_eye_logpower,-0.294159550844867,0.19722944251619567,3
B74,2,blink_amplitude,-0.20431648991191775,0.19722944251619567,3
B74,2,blink_event_count,0.3746060600668703,0.19722944251619567,3
B74,2,emg_rms_20_45hz,-0.07019834441042708,0.19722944251619567,3
B74,3,posterior_alpha_logpower,0.2227891523307481,0.11302970845036259,3
B74,3,frontal_midline_theta_logpower,-0.08355406756906196,0.11302970845036259,3
B74,3,aperiodic_offset,-0.22629996953897796,0.11302970845036259,3
B74,3,aperiodic_exponent,0.36092022382400385,0.11302970845036259,3
B74,3,alpha_peak_hz,-0.2893891191825286,0.11302970845036259,3
B74,3,slow_eye_logpower,0.11560675009917568,0.11302970845036259,3
B74,3,blink_amplitude,0.21899648243227599,0.11302970845036259,3
B74,3,blink_event_count,-0.38870376174194615,0.11302970845036259,3
B74,3,emg_rms_20_45hz,0.6824570100292898,0.11302970845036259,3
B78,1,posterior_alpha_logpower,0.01750665101290996,0.3499129067203456,3
B78,1,frontal_midline_theta_logpower,0.197904785445651,0.3499129067203456,3
B78,1,aperiodic_offset,0.43130769792699386,0.3499129067203456,3
B78,1,aperiodic_exponent,-0.4186006570404472,0.3499129067203456,3
B78,1,alpha_peak_hz,-0.13585826094286066,0.3499129067203456,3
B78,1,slow_eye_logpower,0.48535397915481326,0.3499129067203456,3
B78,1,blink_amplitude,0.47167272144156447,0.3499129067203456,3
B78,1,blink_event_count,-0.3460768495459608,0.3499129067203456,3
B78,1,emg_rms_20_45hz,0.05480947555549187,0.3499129067203456,3
B78,2,posterior_alpha_logpower,0.15878053348595028,0.1631727747500003,3
B78,2,frontal_midline_theta_logpower,0.4716537944519563,0.1631727747500003,3
B78,2,aperiodic_offset,0.33965684826962717,0.1631727747500003,3
B78,2,aperiodic_exponent,-0.2287892838450963,0.1631727747500003,3
B78,2,alpha_peak_hz,-0.4510306540738451,0.1631727747500003,3
B78,2,slow_eye_logpower,-0.2730800894979021,0.1631727747500003,3
B78,2,blink_amplitude,-0.27205028214660576,0.1631727747500003,3
B78,2,blink_event_count,0.4343039580930602,0.1631727747500003,3
B78,2,emg_rms_20_45hz,0.20973187445014196,0.1631727747500003,3
B78,3,posterior_alpha_logpower,0.8376611777456408,0.12748079492963993,3
B78,3,frontal_midline_theta_logpower,0.20853785211519504,0.12748079492963993,3
B78,3,aperiodic_offset,0.10579237224590951,0.12748079492963993,3
B78,3,aperiodic_exponent,0.16795615888037585,0.12748079492963993,3
B78,3,alpha_peak_hz,0.4473884350601435,0.12748079492963993,3
B78,3,slow_eye_logpower,0.06355411598295295,0.12748079492963993,3
B78,3,blink_amplitude,0.04029130016967296,0.12748079492963993,3
B78,3,blink_event_count,0.04493163732527754,0.12748079492963993,3
B78,3,emg_rms_20_45hz,-0.08715870476130456,0.12748079492963993,3
C82,1,posterior_alpha_logpower,0.18937681653447663,0.3991250956165041,3
C82,1,frontal_midline_theta_logpower,0.2983871193416938,0.3991250956165041,3
C82,1,aperiodic_offset,0.4850386185213594,0.3991250956165041,3
C82,1,aperiodic_exponent,-0.4278873151672151,0.3991250956165041,3
C82,1,alpha_peak_hz,-0.06119977007516941,0.3991250956165041,3
C82,1,slow_eye_logpower,0.47150795580367333,0.3991250956165041,3
C82,1,blink_amplitude,0.38498233113288105,0.3991250956165041,3
C82,1,blink_event_count,-0.26511124970148453,0.3991250956165041,3
C82,1,emg_rms_20_45hz,-0.11041285335464268,0.3991250956165041,3
C82,2,posterior_alpha_logpower,0.6231233504039728,0.13250072041347336,3
C82,2,frontal_midline_theta_logpower,0.0820878609945809,0.13250072041347336,3
C82,2,aperiodic_offset,-0.0020814287744575083,0.13250072041347336,3
C82,2,aperiodic_exponent,0.07457985138893225,0.13250072041347336,3
C82,2,alpha_peak_hz,-0.7121369768635639,0.13250072041347336,3
C82,2,slow_eye_logpower,-0.07849490822987062,0.13250072041347336,3
C82,2,blink_amplitude,-0.12401103487082407,0.13250072041347336,3
C82,2,blink_event_count,0.174410677598466,0.13250072041347336,3
C82,2,emg_rms_20_45hz,0.20078356759267985,0.13250072041347336,3
C82,3,posterior_alpha_logpower,0.07709301119827405,0.11915477664071715,3
C82,3,frontal_midline_theta_logpower,-0.5024656019067666,0.11915477664071715,3
C82,3,aperiodic_offset,-0.1913727952576254,0.11915477664071715,3
C82,3,aperiodic_exponent,0.20046443668359937,0.11915477664071715,3
C82,3,alpha_peak_hz,-0.28558549144640516,0.11915477664071715,3
C82,3,slow_eye_logpower,0.037818144133055065,0.11915477664071715,3
C82,3,blink_amplitude,0.24912195894245873,0.11915477664071715,3
C82,3,blink_event_count,-0.4569673008245141,0.11915477664071715,3
C82,3,emg_rms_20_45hz,-0.5575888269905892,0.11915477664071715,3
C86,1,posterior_alpha_logpower,0.303221908686522,0.3319038033162776,3
C86,1,frontal_midline_theta_logpower,0.29534793923332503,0.3319038033162776,3
C86,1,aperiodic_offset,0.48240093017842806,0.3319038033162776,3
C86,1,aperiodic_exponent,-0.36773677576608976,0.3319038033162776,3
C86,1,alpha_peak_hz,0.01773689535930009,0.3319038033162776,3
C86,1,slow_eye_logpower,0.4721143515265603,0.3319038033162776,3
C86,1,blink_amplitude,0.43755256168380907,0.3319038033162776,3
C86,1,blink_event_count,-0.11842658158690901,0.3319038033162776,3
C86,1,emg_rms_20_45hz,-0.15556804735716928,0.3319038033162776,3
C86,2,posterior_alpha_logpower,0.18330594283233353,0.15684943198451506,3
C86,2,frontal_midline_theta_logpower,-0.2377960459819241,0.15684943198451506,3
C86,2,aperiodic_offset,-0.36600901491096927,0.15684943198451506,3
C86,2,aperiodic_exponent,0.42024564918775287,0.15684943198451506,3
C86,2,alpha_peak_hz,0.145734229763607,0.15684943198451506,3
C86,2,slow_eye_logpower,0.2742693586448152,0.15684943198451506,3
C86,2,blink_amplitude,0.29846052523453126,0.15684943198451506,3
C86,2,blink_event_count,-0.6416037189864653,0.15684943198451506,3
C86,2,emg_rms_20_45hz,-0.0456815391992547,0.15684943198451506,3
C86,3,posterior_alpha_logpower,0.3716744200358949,0.13292501843873797,3
C86,3,frontal_midline_theta_logpower,0.48229994714597124,0.13292501843873797,3
C86,3,aperiodic_offset,-0.15991908985524772,0.13292501843873797,3
C86,3,aperiodic_exponent,0.4205311865395003,0.13292501843873797,3
C86,3,alpha_peak_hz,-0.5715404019506555,0.13292501843873797,3
C86,3,slow_eye_logpower,0.0026456592539636503,0.13292501843873797,3
C86,3,blink_amplitude,0.10073837165505115,0.13292501843873797,3
C86,3,blink_event_count,0.19611250850742026,0.13292501843873797,3
C86,3,emg_rms_20_45hz,0.22704740965255366,0.13292501843873797,3
A3,1,posterior_alpha_logpower,0.41787763112414505,0.6246044171534071,3
A3,1,frontal_midline_theta_logpower,0.4194480801165691,0.6246044171534071,3
A3,1,aperiodic_offset,0.419176292911187,0.6246044171534071,3
A3,1,aperiodic_exponent,0.009388986626764566,0.6246044171534071,3
A3,1,alpha_peak_hz,-0.04044083363978926,0.6246044171534071,3
A3,1,slow_eye_logpower,0.4153791414541463,0.6246044171534071,3
A3,1,blink_amplitude,0.34718633609738836,0.6246044171534071,3
A3,1,blink_event_count,0.06890239730602202,0.6246044171534071,3
A3,1,emg_rms_20_45hz,0.41735295778998055,0.6246044171534071,3
A3,2,posterior_alpha_logpower,0.05040935629265636,0.15288977408222001,3
A3,2,frontal_midline_theta_logpower,0.03857650391256213,0.15288977408222001,3
A3,2,aperiodic_offset,0.005190369532138372,0.15288977408222001,3
A3,2,aperiodic_exponent,0.623584394352321,0.15288977408222001,3
A3,2,alpha_peak_hz,0.416463731283156,0.15288977408222001,3
A3,2,slow_eye_logpower,-0.05685013467467755,0.15288977408222001,3
A3,2,blink_amplitude,-0.20415776306599143,0.15288977408222001,3
A3,2,blink_event_count,0.620984877693286,0.15288977408222001,3
A3,2,emg_rms_20_45hz,0.05576491278341476,0.15288977408222001,3
A3,3,posterior_alpha_logpower,0.011511084746301446,0.10220384981100075,3
A3,3,frontal_midline_theta_logpower,0.013513740943295008,0.10220384981100075,3
A3,3,aperiodic_offset,0.031096557577685948,0.10220384981100075,3
A3,3,aperiodic_exponent,-0.23729999791913844,0.10220384981100075,3
A3,3,alpha_peak_hz,0.9007777678767874,0.10220384981100075,3
A3,3,slow_eye_logpower,0.06795001390447361,0.10220384981100075,3
A3,3,blink_amplitude,0.02332153492183615,0.10220384981100075,3
A3,3,blink_event_count,-0.35466036412225854,0.10220384981100075,3
A3,3,emg_rms_20_45hz,0.007805732952460024,0.10220384981100075,3
A7,1,posterior_alpha_logpower,0.40958934626051996,0.6566889202263488,3
A7,1,frontal_midline_theta_logpower,0.4101781551463368,0.6566889202263488,3
A7,1,aperiodic_offset,0.4095086705600186,0.6566889202263488,3
A7,1,aperiodic_exponent,0.025319424983567342,0.6566889202263488,3
A7,1,alpha_peak_hz,-0.03169242459507056,0.6566889202263488,3
A7,1,slow_eye_logpower,0.40866017831764834,0.6566889202263488,3
A7,1,blink_amplitude,0.39877962541737605,0.6566889202263488,3
A7,1,blink_event_count,0.023446085856186655,0.6566889202263488,3
A7,1,emg_rms_20_45hz,0.4099628815099857,0.6566889202263488,3
A7,2,posterior_alpha_logpower,0.007827513323428554,0.12527670063904,3
A7,2,frontal_midline_theta_logpower,0.0003626500182875567,0.12527670063904,3
A7,2,aperiodic_offset,-0.04791419906223847,0.12527670063904,3
A7,2,aperiodic_exponent,0.6430997925633812,0.12527670063904,3
A7,2,alpha_peak_hz,-0.2847733242639993,0.12527670063904,3
A7,2,slow_eye_logpower,-0.057098614017960764,0.12527670063904,3
A7,2,blink_amplitude,-0.018260211394704344,0.12527670063904,3
A7,2,blink_event_count,0.7065597808161134,0.12527670063904,3
A7,2,emg_rms_20_45hz,0.012215880281880791,0.12527670063904,3
A7,3,posterior_alpha_logpower,0.015173581954482372,0.11073871295230994,3
A7,3,frontal_midline_theta_logpower,0.003220601252169498,0.11073871295230994,3
A7,3,aperiodic_offset,-0.01759581273338449,0.11073871295230994,3
A7,3,aperiodic_exponent,0.4225471477572864,0.11073871295230994,3
A7,3,alpha_peak_hz,0.9054065256510332,0.11073871295230994,3
A7,3,slow_eye_logpower,0.02163749461927222,0.11073871295230994,3
A7,3,blink_amplitude,0.007033089933668343,0.11073871295230994,3
A7,3,blink_event_count,-0.019384585893178038,0.11073871295230994,3
A7,3,emg_rms_20_45hz,0.015789269949536455,0.11073871295230994,3
A11,1,posterior_alpha_logpower,0.4117025058427707,0.6425735775309082,3
A11,1,frontal_midline_theta_logpower,0.4131155011370079,0.6425735775309082,3
A11,1,aperiodic_offset,0.413655761118466,0.6425735775309082,3
A11,1,aperiodic_exponent,-0.0475565235260622,0.6425735775309082,3
A11,1,alpha_peak_hz,-0.05410328411760532,0.6425735775309082,3
A11,1,slow_eye_logpower,0.41248035767433494,0.6425735775309082,3
A11,1,blink_amplitude,0.3707205737814611,0.6425735775309082,3
A11,1,blink_event_count,0.07613556917353187,0.6425735775309082,3
A11,1,emg_rms_20_45hz,0.4125122279751587,0.6425735775309082,3
A11,2,posterior_alpha_logpower,0.06771330826755517,0.12590933577727004,3
A11,2,frontal_midline_theta_logpower,0.05379019891928542,0.12590933577727004,3
A11,2,aperiodic_offset,-0.007121990961976084,0.12590933577727004,3
A11,2,aperiodic_exponent,0.6824284679820065,0.12590933577727004,3
A11,2,alpha_peak_hz,0.3491387721786605,0.12590933577727004,3
A11,2,slow_eye_logpower,-0.014535904635949108,0.12590933577727004,3
A11,2,blink_amplitude,-0.1684772227406644,0.12590933577727004,3
A11,2,blink_event_count,0.6101120669319052,0.12590933577727004,3
A11,2,emg_rms_20_45hz,0.06349568611976435,0.12590933577727004,3
A11,3,posterior_alpha_logpower,0.023564729087293915,0.11238585546797958,3
A11,3,frontal_midline_theta_logpower,0.02165249292174827,0.11238585546797958,3
A11,3,aperiodic_offset,0.013981571573469184,0.11238585546797958,3
A11,3,aperiodic_exponent,0.13284187181712706,0.11238585546797958,3
A11,3,alpha_peak_hz,0.7941616349178543,0.11238585546797958,3
A11,3,slow_eye_logpower,0.04664400685790402,0.11238585546797958,3
A11,3,blink_amplitude,0.10464243437178736,0.11238585546797958,3
A11,3,blink_event_count,-0.5801765420150559,0.11238585546797958,3
A11,3,emg_rms_20_45hz,0.02664959877394303,0.11238585546797958,3
A15,1,posterior_alpha_logpower,0.40807813727030656,0.6585515742726852,3
A15,1,frontal_midline_theta_logpower,0.4089964417727828,0.6585515742726852,3
A15,1,aperiodic_offset,0.408835251122564,0.6585515742726852,3
A15,1,aperiodic_exponent,-0.004586408390365473,0.6585515742726852,3
A15,1,alpha_peak_hz,0.04055043528184926,0.6585515742726852,3
A15,1,slow_eye_logpower,0.4083852079965199,0.6585515742726852,3
A15,1,blink_amplitude,0.4028635058120937,0.6585515742726852,3
A15,1,blink_event_count,-0.029920318048558027,0.6585515742726852,3
A15,1,emg_rms_20_45hz,0.40915742830551166,0.6585515742726852,3
A15,2,posterior_alpha_logpower,0.06073883928801508,0.12189788002968839,3
A15,2,frontal_midline_theta_logpower,0.029190295951275334,0.12189788002968839,3
A15,2,aperiodic_offset,-0.02891097229001744,0.12189788002968839,3
A15,2,aperiodic_exponent,0.7209219036276698,0.12189788002968839,3
A15,2,alpha_peak_hz,0.25828019905159905,0.12189788002968839,3
A15,2,slow_eye_logpower,-0.04139569731236243,0.12189788002968839,3
A15,2,blink_amplitude,-0.03948760555183443,0.12189788002968839,3
A15,2,blink_event_count,0.6344987388106865,0.12189788002968839,3
A15,2,emg_rms_20_45hz,0.04821098477156585,0.12189788002968839,3
A15,3,posterior_alpha_logpower,0.03227197767536327,0.1112242062976145,3
A15,3,frontal_midline_theta_logpower,0.04151392273553731,0.1112242062976145,3
A15,3,aperiodic_offset,0.04438582798026109,0.1112242062976145,3
A15,3,aperiodic_exponent,-0.10839757335360135,0.1112242062976145,3
A15,3,alpha_peak_hz,-0.8716860542576181,0.1112242062976145,3
A15,3,slow_eye_logpower,-0.0016394739197814444,0.1112242062976145,3
A15,3,blink_amplitude,-0.019095633736348365,0.1112242062976145,3
A15,3,blink_event_count,0.47204109113375853,0.1112242062976145,3
A15,3,emg_rms_20_45hz,0.022097014121699125,0.1112242062976145,3
A19,1,posterior_alpha_logpower,0.4143805681791313,0.6264235479380407,3
A19,1,frontal_midline_theta_logpower,0.4180676358991119,0.6264235479380407,3
A19,1,aperiodic_offset,0.41901125431141456,0.6264235479380407,3
A19,1,aperiodic_exponent,-0.043282306109698604,0.6264235479380407,3
A19,1,alpha_peak_hz,0.07076638413116919,0.6264235479380407,3
A19,1,slow_eye_logpower,0.41192308663461635,0.6264235479380407,3
A19,1,blink_amplitude,0.34891984849001223,0.6264235479380407,3
A19,1,blink_event_count,0.08323866180995984,0.6264235479380407,3
A19,1,emg_rms_20_45hz,0.4155744955500436,0.6264235479380407,3
A19,2,posterior_alpha_logpower,0.10488951597810302,0.17226857682851782,3
A19,2,frontal_midline_theta_logpower,0.05029250292478619,0.17226857682851782,3
A19,2,aperiodic_offset,0.003825106772223665,0.17226857682851782,3
A19,2,aperiodic_exponent,0.6513983861851343,0.17226857682851782,3
A19,2,alpha_peak_hz,0.172799326507399,0.17226857682851782,3
A19,2,slow_eye_logpower,-0.11949769446326575,0.17226857682851782,3
A19,2,blink_amplitude,-0.27106254502918764,0.17226857682851782,3
A19,2,blink_event_count,0.660179916067958,0.17226857682851782,3
A19,2,emg_rms_20_45hz,0.09318064981732686,0.17226857682851782,3
A19,3,posterior_alpha_logpower,0.0640338102024678,0.10671004893338129,3
A19,3,frontal_midline_theta_logpower,0.03265088217859969,0.10671004893338129,3
A19,3,aperiodic_offset,0.022512425779143107,0.10671004893338129,3
A19,3,aperiodic_exponent,0.15056679030974768,0.10671004893338129,3
A19,3,alpha_peak_hz,-0.9806924496931816,0.10671004893338129,3
A19,3,slow_eye_logpower,0.015871775522576015,0.10671004893338129,3
A19,3,blink_amplitude,-0.020976919138939953,0.10671004893338129,3
A19,3,blink_event_count,0.0827381880080087,0.10671004893338129,3
A19,3,emg_rms_20_45hz,0.04859208114919007,0.10671004893338129,3
A23,1,posterior_alpha_logpower,0.4329859688054879,0.5734120588091056,3
A23,1,frontal_midline_theta_logpower,0.4363092130453202,0.5734120588091056,3
A23,1,aperiodic_offset,0.4371611441171189,0.5734120588091056,3
A23,1,aperiodic_exponent,-0.07383549588461587,0.5734120588091056,3
A23,1,alpha_peak_hz,0.010992361971166778,0.5734120588091056,3
A23,1,slow_eye_logpower,0.43261463381626053,0.5734120588091056,3
A23,1,blink_amplitude,0.22283974179014032,0.5734120588091056,3
A23,1,blink_event_count,-0.03780267555440504,0.5734120588091056,3
A23,1,emg_rms_20_45hz,0.4327043203357,0.5734120588091056,3
A23,2,posterior_alpha_logpower,0.12694464611792408,0.14755689123053647,3
A23,2,frontal_midline_theta_logpower,0.0778090103589515,0.14755689123053647,3
A23,2,aperiodic_offset,0.04369765452901509,0.14755689123053647,3
A23,2,aperiodic_exponent,0.6582333167191986,0.14755689123053647,3
A23,2,alpha_peak_hz,0.30141259948306093,0.14755689123053647,3
A23,2,slow_eye_logpower,-0.06847980468219636,0.14755689123053647,3
A23,2,blink_amplitude,-0.3074438560259224,0.14755689123053647,3
A23,2,blink_event_count,0.5788441242328914,0.14755689123053647,3
A23,2,emg_rms_20_45hz,0.13239692947716614,0.14755689123053647,3
A23,3,posterior_alpha_logpower,0.030653173780280322,0.10835385933040463,3
A23,3,frontal_midline_theta_logpower,0.030191119877117416,0.10835385933040463,3
A23,3,aperiodic_offset,0.022221357069956996,0.10835385933040463,3
A23,3,aperiodic_exponent,0.07388337810459981,0.10835385933040463,3
A23,3,alpha_peak_hz,-0.9306150594488941,0.10835385933040463,3
A23,3,slow_eye_logpower,-0.017084481619142458,0.10835385933040463,3
A23,3,blink_amplitude,-0.057315968592068646,0.10835385933040463,3
A23,3,blink_event_count,0.3488402000086006,0.10835385933040463,3
A23,3,emg_rms_20_45hz,0.02975673309744535,0.10835385933040463,3
A27,1,posterior_alpha_logpower,0.40968504871126654,0.6514502450834724,3
A27,1,frontal_midline_theta_logpower,0.4106448248294754,0.6514502450834724,3
A27,1,aperiodic_offset,0.4109259045851041,0.6514502450834724,3
A27,1,aperiodic_exponent,-0.013415843794992461,0.6514502450834724,3
A27,1,alpha_peak_hz,0.06773345257947529,0.6514502450834724,3
A27,1,slow_eye_logpower,0.40849761038228216,0.6514502450834724,3
A27,1,blink_amplitude,0.38383511077042826,0.6514502450834724,3
A27,1,blink_event_count,0.08616498125802251,0.6514502450834724,3
A27,1,emg_rms_20_45hz,0.4102157849689422,0.6514502450834724,3
A27,2,posterior_alpha_logpower,0.041231182761666325,0.12198693375856219,3
A27,2,frontal_midline_theta_logpower,0.005277593555350816,0.12198693375856219,3
A27,2,aperiodic_offset,-0.04707174652902624,0.12198693375856219,3
A27,2,aperiodic_exponent,0.7576909590321,0.12198693375856219,3
A27,2,alpha_peak_hz,0.23640369619312174,0.12198693375856219,3
A27,2,slow_eye_logpower,-0.06411480904869055,0.12198693375856219,3
A27,2,blink_amplitude,-0.11731258757477359,0.12198693375856219,3
A27,2,blink_event_count,0.5889655651366053,0.12198693375856219,3
A27,2,emg_rms_20_45hz,0.036341455952839746,0.12198693375856219,3
A27,3,posterior_alpha_logpower,0.045165571123565174,0.10853082946621201,3
A27,3,frontal_midline_theta_logpower,0.020989754013599263,0.10853082946621201,3
A27,3,aperiodic_offset,0.02644156471102278,0.10853082946621201,3
A27,3,aperiodic_exponent,0.016617545881028078,0.10853082946621201,3
A27,3,alpha_peak_hz,-0.9358519696460084,0.10853082946621201,3
A27,3,slow_eye_logpower,0.0028656402968556044,0.10853082946621201,3
A27,3,blink_amplitude,-0.035344325728340065,0.10853082946621201,3
A27,3,blink_event_count,0.3450503057200104,0.10853082946621201,3
A27,3,emg_rms_20_45hz,0.020202633807697726,0.10853082946621201,3
A31,1,posterior_alpha_logpower,0.43469814185440214,0.5784206880392362,3
A31,1,frontal_midline_theta_logpower,0.43419641441427326,0.5784206880392362,3
A31,1,aperiodic_offset,0.4342846790539789,0.5784206880392362,3
A31,1,aperiodic_exponent,0.026004749486199123,0.5784206880392362,3
A31,1,alpha_peak_hz,0.05565426138669119,0.5784206880392362,3
A31,1,slow_eye_logpower,0.42948511183522076,0.5784206880392362,3
A31,1,blink_amplitude,0.22503306161298167,0.5784206880392362,3
A31,1,blink_event_count,0.09039015005169124,0.5784206880392362,3
A31,1,emg_rms_20_45hz,0.4322805264841006,0.5784206880392362,3
A31,2,posterior_alpha_logpower,0.05942339611897068,0.13484931968827968,3
A31,2,frontal_midline_theta_logpower,0.06530359867113204,0.13484931968827968,3
A31,2,aperiodic_offset,0.07203909163557966,0.13484931968827968,3
A31,2,aperiodic_exponent,-0.29750103355836166,0.13484931968827968,3
A31,2,alpha_peak_hz,-0.3836290415150711,0.13484931968827968,3
A31,2,slow_eye_logpower,-0.09375900279890487,0.13484931968827968,3
A31,2,blink_amplitude,-0.46369115261111826,0.13484931968827968,3
A31,2,blink_event_count,0.7244077251154912,0.13484931968827968,3
A31,2,emg_rms_20_45hz,0.05262865175804129,0.13484931968827968,3
A31,3,posterior_alpha_logpower,0.011637260667178805,0.11193710863724272,3
A31,3,frontal_midline_theta_logpower,0.009203463999386801,0.11193710863724272,3
A31,3,aperiodic_offset,-0.035810405251578685,0.11193710863724272,3
A31,3,aperiodic_exponent,0.8124650761568752,0.11193710863724272,3
A31,3,alpha_peak_hz,-0.5797314116327369,0.11193710863724272,3
A31,3,slow_eye_logpower,0.03349919761695921,0.11193710863724272,3
A31,3,blink_amplitude,-0.025441376140474415,0.11193710863724272,3
A31,3,blink_event_count,0.01520356485432457,0.11193710863724272,3
A31,3,emg_rms_20_45hz,0.017574624799101914,0.11193710863724272,3
A35,1,posterior_alpha_logpower,0.408869766526805,0.6559230549827865,3
A35,1,frontal_midline_theta_logpower,0.40998412596462985,0.6559230549827865,3
A35,1,aperiodic_offset,0.41036597278246856,0.6559230549827865,3
A35,1,aperiodic_exponent,-0.04589996602524908,0.6559230549827865,3
A35,1,alpha_peak_hz,0.016302877354065107,0.6559230549827865,3
A35,1,slow_eye_logpower,0.40843331964031593,0.6559230549827865,3
A35,1,blink_amplitude,0.399605842090476,0.6559230549827865,3
A35,1,blink_event_count,0.009305087671222206,0.6559230549827865,3
A35,1,emg_rms_20_45hz,0.40911675336836995,0.6559230549827865,3
A35,2,posterior_alpha_logpower,0.04162025273411768,0.15010184922511022,3
A35,2,frontal_midline_theta_logpower,-0.003259122106714878,0.15010184922511022,3
A35,2,aperiodic_offset,-0.03426168026734329,0.15010184922511022,3
A35,2,aperiodic_exponent,0.5531867495384796,0.15010184922511022,3
A35,2,alpha_peak_hz,0.5630666113017764,0.15010184922511022,3
A35,2,slow_eye_logpower,0.025040855882118643,0.15010184922511022,3
A35,2,blink_amplitude,-0.0018536376367206905,0.15010184922511022,3
A35,2,blink_event_count,-0.6104902598827787,0.15010184922511022,3
A35,2,emg_rms_20_45hz,0.0263598838264659,0.15010184922511022,3
A35,3,posterior_alpha_logpower,0.05131829946795834,0.09488030966088294,3
A35,3,frontal_midline_theta_logpower,0.035051699278942534,0.09488030966088294,3
A35,3,aperiodic_offset,-0.018954878136838698,0.09488030966088294,3
A35,3,aperiodic_exponent,0.7247498487335448,0.09488030966088294,3
A35,3,alpha_peak_hz,-0.6827350722416278,0.09488030966088294,3
A35,3,slow_eye_logpower,-0.01598968207557891,0.09488030966088294,3
A35,3,blink_amplitude,0.0012654587571782356,0.09488030966088294,3
A35,3,blink_event_count,0.03311635800020469,0.09488030966088294,3
A35,3,emg_rms_20_45hz,0.05509116551838583,0.09488030966088294,3
A39,1,posterior_alpha_logpower,0.41627108286208975,0.6276923997885456,3
A39,1,frontal_midline_theta_logpower,0.4171823411484089,0.6276923997885456,3
A39,1,aperiodic_offset,0.41726675929076473,0.6276923997885456,3
A39,1,aperiodic_exponent,0.03636059369462878,0.6276923997885456,3
A39,1,alpha_peak_hz,-0.004152896406336699,0.6276923997885456,3
A39,1,slow_eye_logpower,0.4118209390605602,0.6276923997885456,3
A39,1,blink_amplitude,0.3639022258014629,0.6276923997885456,3
A39,1,blink_event_count,0.048607821482689426,0.6276923997885456,3
A39,1,emg_rms_20_45hz,0.4157431370138019,0.6276923997885456,3
A39,2,posterior_alpha_logpower,0.0564077698749982,0.12353842594592446,3
A39,2,frontal_midline_theta_logpower,0.05076512791245167,0.12353842594592446,3
A39,2,aperiodic_offset,-0.016752941928744308,0.12353842594592446,3
A39,2,aperiodic_exponent,0.5564068093959494,0.12353842594592446,3
A39,2,alpha_peak_hz,0.2297006836456569,0.12353842594592446,3
A39,2,slow_eye_logpower,-0.10167792249818072,0.12353842594592446,3
A39,2,blink_amplitude,-0.20581995855560567,0.12353842594592446,3
A39,2,blink_event_count,0.7588576030911941,0.12353842594592446,3
A39,2,emg_rms_20_45hz,0.0551755886270449,0.12353842594592446,3
A39,3,posterior_alpha_logpower,0.03290627317453359,0.1106472700550114,3
A39,3,frontal_midline_theta_logpower,0.004521955982073312,0.1106472700550114,3
A39,3,aperiodic_offset,-0.018390485794460357,0.1106472700550114,3
A39,3,aperiodic_exponent,0.10974079383987571,0.1106472700550114,3
A39,3,alpha_peak_hz,-0.9717586565523836,0.1106472700550114,3
A39,3,slow_eye_logpower,-0.02917412164519842,0.1106472700550114,3
A39,3,blink_amplitude,-0.021884984482626844,0.1106472700550114,3
A39,3,blink_event_count,0.20168897830608573,0.1106472700550114,3
A39,3,emg_rms_20_45hz,-0.013858745443823385,0.1106472700550114,3
A43,1,posterior_alpha_logpower,0.3970571983604875,0.7011663533125824,3
A43,1,frontal_midline_theta_logpower,0.39715855576855164,0.7011663533125824,3
A43,1,aperiodic_offset,0.3969313849195181,0.7011663533125824,3
A43,1,aperiodic_exponent,0.04424151502307795,0.7011663533125824,3
A43,1,alpha_peak_hz,-0.029034485279795318,0.7011663533125824,3
A43,1,slow_eye_logpower,0.3968160311645391,0.7011663533125824,3
A43,1,blink_amplitude,0.3621700921939354,0.7011663533125824,3
A43,1,blink_event_count,0.28051367074564965,0.7011663533125824,3
A43,1,emg_rms_20_45hz,0.39615371731777754,0.7011663533125824,3
A43,2,posterior_alpha_logpower,0.013290709871926055,0.12397798906929229,3
A43,2,frontal_midline_theta_logpower,0.014010307287640916,0.12397798906929229,3
A43,2,aperiodic_offset,0.021957407870881022,0.12397798906929229,3
A43,2,aperiodic_exponent,-0.7144891877061317,0.12397798906929229,3
A43,2,alpha_peak_hz,-0.6922017391404163,0.12397798906929229,3
A43,2,slow_eye_logpower,0.017756841697906978,0.12397798906929229,3
A43,2,blink_amplitude,0.02010522650532213,0.12397798906929229,3
A43,2,blink_event_count,-0.09325248063378434,0.12397798906929229,3
A43,2,emg_rms_20_45hz,0.00955734472248617,0.12397798906929229,3
A43,3,posterior_alpha_logpower,0.03313530633033067,0.09882562879385262,3
A43,3,frontal_midline_theta_logpower,0.03273952689112172,0.09882562879385262,3
A43,3,aperiodic_offset,0.04156571463162302,0.09882562879385262,3
A43,3,aperiodic_exponent,-0.661347115728978,0.09882562879385262,3
A43,3,alpha_peak_hz,0.7151529758879501,0.09882562879385262,3
A43,3,slow_eye_logpower,0.03857480664541776,0.09882562879385262,3
A43,3,blink_amplitude,0.08709030564540675,0.09882562879385262,3
A43,3,blink_event_count,-0.19205796292215,0.09882562879385262,3
A43,3,emg_rms_20_45hz,0.03632742282527554,0.09882562879385262,3
A47,1,posterior_alpha_logpower,0.3979295915929368,0.6981713867330955,3
A47,1,frontal_midline_theta_logpower,0.3979788300530944,0.6981713867330955,3
A47,1,aperiodic_offset,0.3977741204293781,0.6981713867330955,3
A47,1,aperiodic_exponent,0.09449704018142484,0.6981713867330955,3
A47,1,alpha_peak_hz,0.03846332242336358,0.6981713867330955,3
A47,1,slow_eye_logpower,0.3977077844343113,0.6981713867330955,3
A47,1,blink_amplitude,0.34535482958430525,0.6981713867330955,3
A47,1,blink_event_count,0.2815315496469186,0.6981713867330955,3
A47,1,emg_rms_20_45hz,0.3974041629657917,0.6981713867330955,3
A47,2,posterior_alpha_logpower,0.013901511453317354,0.12095733526796089,3
A47,2,frontal_midline_theta_logpower,0.015144424941307246,0.12095733526796089,3
A47,2,aperiodic_offset,0.02050565765435621,0.12095733526796089,3
A47,2,aperiodic_exponent,-0.6693969437173996,0.12095733526796089,3
A47,2,alpha_peak_hz,0.7005750017853353,0.12095733526796089,3
A47,2,slow_eye_logpower,0.022190845380332835,0.12095733526796089,3
A47,2,blink_amplitude,0.16387790717095102,0.12095733526796089,3
A47,2,blink_event_count,-0.18132746508578612,0.12095733526796089,3
A47,2,emg_rms_20_45hz,0.005591003496147327,0.12095733526796089,3
A47,3,posterior_alpha_logpower,0.041578961148768696,0.10010639070862931,3
A47,3,frontal_midline_theta_logpower,0.04301470053571339,0.10010639070862931,3
A47,3,aperiodic_offset,0.048360660412821235,0.10010639070862931,3
A47,3,aperiodic_exponent,-0.6419026728257803,0.10010639070862931,3
A47,3,alpha_peak_hz,-0.7113720019125416,0.10010639070862931,3
A47,3,slow_eye_logpower,0.05069166168986265,0.10010639070862931,3
A47,3,blink_amplitude,0.16312433801454906,0.10010639070862931,3
A47,3,blink_event_count,-0.2114834925159284,0.10010639070862931,3
A47,3,emg_rms_20_45hz,0.04570058798102513,0.10010639070862931,3
A51,1,posterior_alpha_logpower,0.41055044500346816,0.6519204273909777,3
A51,1,frontal_midline_theta_logpower,0.4106069084172306,0.6519204273909777,3
A51,1,aperiodic_offset,0.4103614069117497,0.6519204273909777,3
A51,1,aperiodic_exponent,0.013015963137416573,0.6519204273909777,3
A51,1,alpha_peak_hz,-0.006618179817152762,0.6519204273909777,3
A51,1,slow_eye_logpower,0.41077939891141907,0.6519204273909777,3
A51,1,blink_amplitude,0.2913735719816656,0.6519204273909777,3
A51,1,blink_event_count,0.2695834756310906,0.6519204273909777,3
A51,1,emg_rms_20_45hz,0.4097890623622127,0.6519204273909777,3
A51,2,posterior_alpha_logpower,0.020536307958353133,0.12476867183100676,3
A51,2,frontal_midline_theta_logpower,0.0205840586078586,0.12476867183100676,3
A51,2,aperiodic_offset,0.03218228568445677,0.12476867183100676,3
A51,2,aperiodic_exponent,-0.8201204910130193,0.12476867183100676,3
A51,2,alpha_peak_hz,-0.42411298162215,0.12476867183100676,3
A51,2,slow_eye_logpower,0.010939309045614434,0.12476867183100676,3
A51,2,blink_amplitude,-0.31696989137212583,0.12476867183100676,3
A51,2,blink_event_count,0.2112079061423883,0.12476867183100676,3
A51,2,emg_rms_20_45hz,0.021238078515282182,0.12476867183100676,3
A51,3,posterior_alpha_logpower,0.02328032247588624,0.10927087924369619,3
A51,3,frontal_midline_theta_logpower,0.022130082582589496,0.10927087924369619,3
A51,3,aperiodic_offset,0.026399941392525866,0.10927087924369619,3
A51,3,aperiodic_exponent,-0.30830496396673474,0.10927087924369619,3
A51,3,alpha_peak_hz,0.8927770263746431,0.10927087924369619,3
A51,3,slow_eye_logpower,0.012525549801492071,0.10927087924369619,3
A51,3,blink_amplitude,-0.2801117294815241,0.10927087924369619,3
A51,3,blink_event_count,0.1629220392250314,0.10927087924369619,3
A51,3,emg_rms_20_45hz,0.03170959223477787,0.10927087924369619,3
A55,1,posterior_alpha_logpower,0.39552610239588454,0.705004790331027,3
A55,1,frontal_midline_theta_logpower,0.395452047348562,0.705004790331027,3
A55,1,aperiodic_offset,0.3949469937112739,0.705004790331027,3
A55,1,aperiodic_exponent,0.20795293589013017,0.705004790331027,3
A55,1,alpha_peak_hz,-0.05607442271089558,0.705004790331027,3
A55,1,slow_eye_logpower,0.39510257525868514,0.705004790331027,3
A55,1,blink_amplitude,0.3432250276107018,0.705004790331027,3
A55,1,blink_event_count,0.23406326744884468,0.705004790331027,3
A55,1,emg_rms_20_45hz,0.395107340578293,0.705004790331027,3
A55,2,posterior_alpha_logpower,0.020177716882066585,0.11735985341830202,3
A55,2,frontal_midline_theta_logpower,0.02637882570947832,0.11735985341830202,3
A55,2,aperiodic_offset,0.028965040877813444,0.11735985341830202,3
A55,2,aperiodic_exponent,-0.4209045629395714,0.11735985341830202,3
A55,2,alpha_peak_hz,-0.6935669246226357,0.11735985341830202,3
A55,2,slow_eye_logpower,0.04183374042675416,0.11735985341830202,3
A55,2,blink_amplitude,0.31252865868112917,0.11735985341830202,3
A55,2,blink_event_count,-0.4897401507170314,0.11735985341830202,3
A55,2,emg_rms_20_45hz,0.024344899039632557,0.11735985341830202,3
A55,3,posterior_alpha_logpower,0.05670318568001313,0.10173082393628201,3
A55,3,frontal_midline_theta_logpower,0.06306404662001912,0.10173082393628201,3
A55,3,aperiodic_offset,0.06685511601347108,0.10173082393628201,3
A55,3,aperiodic_exponent,-0.41783601796235803,0.10173082393628201,3
A55,3,alpha_peak_hz,0.7176698444254169,0.10173082393628201,3
A55,3,slow_eye_logpower,0.07604332126777057,0.10173082393628201,3
A55,3,blink_amplitude,0.30958254837157384,0.10173082393628201,3
A55,3,blink_event_count,-0.44095847274287275,0.10173082393628201,3
A55,3,emg_rms_20_45hz,0.051310905924862274,0.10173082393628201,3
A59,1,posterior_alpha_logpower,0.4033094937441148,0.6778475653419045,3
A59,1,frontal_midline_theta_logpower,0.403286239948739,0.6778475653419045,3
A59,1,aperiodic_offset,0.4031326738813128,0.6778475653419045,3
A59,1,aperiodic_exponent,0.028709547816596896,0.6778475653419045,3
A59,1,alpha_peak_hz,-0.08989680514085077,0.6778475653419045,3
A59,1,slow_eye_logpower,0.40335880414373326,0.6778475653419045,3
A59,1,blink_amplitude,0.3602479024257475,0.6778475653419045,3
A59,1,blink_event_count,0.22153336878496827,0.6778475653419045,3
A59,1,emg_rms_20_45hz,0.40215186794938734,0.6778475653419045,3
A59,2,posterior_alpha_logpower,0.015602549602885494,0.12011739063380779,3
A59,2,frontal_midline_theta_logpower,0.006852183761986846,0.12011739063380779,3
A59,2,aperiodic_offset,-0.002177716804334761,0.12011739063380779,3
A59,2,aperiodic_exponent,0.7658042751127145,0.12011739063380779,3
A59,2,alpha_peak_hz,0.5652151864958354,0.12011739063380779,3
A59,2,slow_eye_logpower,-0.0023646877619661467,0.12011739063380779,3
A59,2,blink_amplitude,-0.11799907246346802,0.12011739063380779,3
A59,2,blink_event_count,0.2825542680730282,0.12011739063380779,3
A59,2,emg_rms_20_45hz,0.0037660974410140503,0.12011739063380779,3
A59,3,posterior_alpha_logpower,0.03836572103345763,0.10042433179994045,3
A59,3,frontal_midline_theta_logpower,0.04046756651330348,0.10042433179994045,3
A59,3,aperiodic_offset,0.04869036628310759,0.10042433179994045,3
A59,3,aperiodic_exponent,-0.5715400439987195,0.10042433179994045,3
A59,3,alpha_peak_hz,0.8115599121996939,0.10042433179994045,3
A59,3,slow_eye_logpower,0.041033494626351974,0.10042433179994045,3
A59,3,blink_amplitude,0.0441777276133903,0.10042433179994045,3
A59,3,blink_event_count,-0.05893251101005387,0.10042433179994045,3
A59,3,emg_rms_20_45hz,0.04608386491358858,0.10042433179994045,3
B63,1,posterior_alpha_logpower,0.09440647311214187,0.3842051115988146,3
B63,1,frontal_midline_theta_logpower,-0.30401620798506473,0.3842051115988146,3
B63,1,aperiodic_offset,-0.424684829903724,0.3842051115988146,3
B63,1,aperiodic_exponent,0.39409111362229887,0.3842051115988146,3
B63,1,alpha_peak_hz,-0.10823861422273715,0.3842051115988146,3
B63,1,slow_eye_logpower,-0.46476818748614235,0.3842051115988146,3
B63,1,blink_amplitude,-0.43820743658016215,0.3842051115988146,3
B63,1,blink_event_count,0.373033205489158,0.3842051115988146,3
B63,1,emg_rms_20_45hz,0.0639684058798018,0.3842051115988146,3
B63,2,posterior_alpha_logpower,0.5411426137759501,0.17654502181212836,3
B63,2,frontal_midline_theta_logpower,0.28867150742945913,0.17654502181212836,3
B63,2,aperiodic_offset,0.40187508134601263,0.17654502181212836,3
B63,2,aperiodic_exponent,-0.43033725130632294,0.17654502181212836,3
B63,2,alpha_peak_hz,-0.08801357531459295,0.17654502181212836,3
B63,2,slow_eye_logpower,-0.2576661722221355,0.17654502181212836,3
B63,2,blink_amplitude,-0.2810151281131145,0.17654502181212836,3
B63,2,blink_event_count,0.34549417156073303,0.17654502181212836,3
B63,2,emg_rms_20_45hz,-0.06830615585186509,0.17654502181212836,3
B63,3,posterior_alpha_logpower,0.008868834731204398,0.12554224192998936,3
B63,3,frontal_midline_theta_logpower,0.1246677578959844,0.12554224192998936,3
B63,3,aperiodic_offset,-0.09063724089465974,0.12554224192998936,3
B63,3,aperiodic_exponent,0.10757008899123327,0.12554224192998936,3
B63,3,alpha_peak_hz,0.6806689434968761,0.12554224192998936,3
B63,3,slow_eye_logpower,-0.038595157145944324,0.12554224192998936,3
B63,3,blink_amplitude,-0.06749467946628171,0.12554224192998936,3
B63,3,blink_event_count,0.07268800444203408,0.12554224192998936,3
B63,3,emg_rms_20_45hz,-0.6999671320046569,0.12554224192998936,3
B67,1,posterior_alpha_logpower,0.010998193607886241,0.3667127483570097,3
B67,1,frontal_midline_theta_logpower,-0.23195296062230014,0.3667127483570097,3
B67,1,aperiodic_offset,-0.4704453159722524,0.3667127483570097,3
B67,1,aperiodic_exponent,0.4438832050402424,0.3667127483570097,3
B67,1,alpha_peak_hz,0.12169627664989242,0.3667127483570097,3
B67,1,slow_eye_logpower,-0.4462242855596838,0.3667127483570097,3
B67,1,blink_amplitude,-0.41257935765456827,0.3667127483570097,3
B67,1,blink_event_count,0.35209633175013655,0.3667127483570097,3
B67,1,emg_rms_20_45hz,-0.1400218511184167,0.3667127483570097,3
B67,2,posterior_alpha_logpower,0.5675965635980207,0.1738668333172835,3
B67,2,frontal_midline_theta_logpower,0.4718622550867314,0.1738668333172835,3
B67,2,aperiodic_offset,0.220000126695735,0.1738668333172835,3
B67,2,aperiodic_exponent,-0.239176646207646,0.1738668333172835,3
B67,2,alpha_peak_hz,-0.0865406206467531,0.1738668333172835,3
B67,2,slow_eye_logpower,-0.2575027649133159,0.1738668333172835,3
B67,2,blink_amplitude,-0.26180575213401247,0.1738668333172835,3
B67,2,blink_event_count,0.3831490884833196,0.1738668333172835,3
B67,2,emg_rms_20_45hz,0.24582961693604855,0.1738668333172835,3
B67,3,posterior_alpha_logpower,0.29791130242212377,0.11440019012261822,3
B67,3,frontal_midline_theta_logpower,0.13980228929343605,0.11440019012261822,3
B67,3,aperiodic_offset,-0.24087970214179988,0.11440019012261822,3
B67,3,aperiodic_exponent,0.3370060822790245,0.11440019012261822,3
B67,3,alpha_peak_hz,-0.776341597822381,0.11440019012261822,3
B67,3,slow_eye_logpower,0.16592906254746556,0.11440019012261822,3
B67,3,blink_amplitude,0.18860245060407874,0.11440019012261822,3
B67,3,blink_event_count,-0.054400906491924285,0.11440019012261822,3
B67,3,emg_rms_20_45hz,-0.22658104971994847,0.11440019012261822,3
B71,1,posterior_alpha_logpower,0.3125788146360063,0.31797955661907373,3
B71,1,frontal_midline_theta_logpower,0.23903753455601628,0.31797955661907373,3
B71,1,aperiodic_offset,0.519145148076934,0.31797955661907373,3
B71,1,aperiodic_exponent,-0.3994792365598877,0.31797955661907373,3
B71,1,alpha_peak_hz,0.1704681493478096,0.31797955661907373,3
B71,1,slow_eye_logpower,0.4532619666589492,0.31797955661907373,3
B71,1,blink_amplitude,0.2492357683503045,0.31797955661907373,3
B71,1,blink_event_count,-0.31912062618765746,0.31797955661907373,3
B71,1,emg_rms_20_45hz,-0.13265727968967153,0.31797955661907373,3
B71,2,posterior_alpha_logpower,0.2603147339824119,0.17204368420613445,3
B71,2,frontal_midline_theta_logpower,0.4155661072775662,0.17204368420613445,3
B71,2,aperiodic_offset,0.22406346392707133,0.17204368420613445,3
B71,2,aperiodic_exponent,-0.3275094192509525,0.17204368420613445,3
B71,2,alpha_peak_hz,-0.16291620226236397,0.17204368420613445,3
B71,2,slow_eye_logpower,-0.386129541125215,0.17204368420613445,3
B71,2,blink_amplitude,-0.5810656533684142,0.17204368420613445,3
B71,2,blink_event_count,0.28610364343645606,0.17204368420613445,3
B71,2,emg_rms_20_45hz,-0.08333003292633832,0.17204368420613445,3
B71,3,posterior_alpha_logpower,0.4923244003185139,0.13856167294158922,3
B71,3,frontal_midline_theta_logpower,0.05897409855771188,0.13856167294158922,3
B71,3,aperiodic_offset,-0.19793957508916654,0.13856167294158922,3
B71,3,aperiodic_exponent,0.4094896079067649,0.13856167294158922,3
B71,3,alpha_peak_hz,0.3450870929878713,0.13856167294158922,3
B71,3,slow_eye_logpower,-0.09534000171520449,0.13856167294158922,3
B71,3,blink_amplitude,0.03138894100490412,0.13856167294158922,3
B71,3,blink_event_count,0.03366531968836622,0.13856167294158922,3
B71,3,emg_rms_20_45hz,-0.6457425873668251,0.13856167294158922,3
B75,1,posterior_alpha_logpower,0.17150838868747575,0.32364110569950966,3
B75,1,frontal_midline_theta_logpower,0.25372475992934557,0.32364110569950966,3
B75,1,aperiodic_offset,0.4548924974639543,0.32364110569950966,3
B75,1,aperiodic_exponent,-0.3253285303848424,0.32364110569950966,3
B75,1,alpha_peak_hz,-0.07054575706493615,0.32364110569950966,3
B75,1,slow_eye_logpower,0.4889317784381512,0.32364110569950966,3
B75,1,blink_amplitude,0.463669782346905,0.32364110569950966,3
B75,1,blink_event_count,-0.3655187876495455,0.32364110569950966,3
B75,1,emg_rms_20_45hz,-0.028603197099084057,0.32364110569950966,3
B75,2,posterior_alpha_logpower,0.6144441082480198,0.18468996038528854,3
B75,2,frontal_midline_theta_logpower,0.38939668295894003,0.18468996038528854,3
B75,2,aperiodic_offset,0.02588567747585019,0.18468996038528854,3
B75,2,aperiodic_exponent,0.0005362032997753841,0.18468996038528854,3
B75,2,alpha_peak_hz,-0.5818002702695677,0.18468996038528854,3
B75,2,slow_eye_logpower,-0.1970254182362406,0.18468996038528854,3
B75,2,blink_amplitude,-0.15332709394212884,0.18468996038528854,3
B75,2,blink_event_count,0.23534360474056037,0.18468996038528854,3
B75,2,emg_rms_20_45hz,0.11811826861913587,0.18468996038528854,3
B75,3,posterior_alpha_logpower,0.11138906117644204,0.16464334100970332,3
B75,3,frontal_midline_theta_logpower,0.009932383909289258,0.16464334100970332,3
B75,3,aperiodic_offset,-0.4807517790921671,0.16464334100970332,3
B75,3,aperiodic_exponent,0.638065167683822,0.16464334100970332,3
B75,3,alpha_peak_hz,-0.17037939156510234,0.16464334100970332,3
B75,3,slow_eye_logpower,0.21468335007433761,0.16464334100970332,3
B75,3,blink_amplitude,0.35776832049984325,0.16464334100970332,3
B75,3,blink_event_count,-0.3458934094808343,0.16464334100970332,3
B75,3,emg_rms_20_45hz,0.16274487317163433,0.16464334100970332,3
B79,1,posterior_alpha_logpower,0.09589093835891342,0.39694312689952643,3
B79,1,frontal_midline_theta_logpower,0.31800393242880276,0.39694312689952643,3
B79,1,aperiodic_offset,0.4390182266629348,0.39694312689952643,3
B79,1,aperiodic_exponent,-0.45316405060250187,0.39694312689952643,3
B79,1,alpha_peak_hz,0.018170993566708038,0.39694312689952643,3
B79,1,slow_eye_logpower,0.4587461789782483,0.39694312689952643,3
B79,1,blink_amplitude,0.41216376695202894,0.39694312689952643,3
B79,1,blink_event_count,-0.27723400053675495,0.39694312689952643,3
B79,1,emg_rms_20_45hz,0.1845748174147468,0.39694312689952643,3
B79,2,posterior_alpha_logpower,0.5291751391644294,0.14824989022085172,3
B79,2,frontal_midline_theta_logpower,0.18678333905296274,0.14824989022085172,3
B79,2,aperiodic_offset,0.3369204092007872,0.14824989022085172,3
B79,2,aperiodic_exponent,-0.2016003358226235,0.14824989022085172,3
B79,2,alpha_peak_hz,-0.41669076172000985,0.14824989022085172,3
B79,2,slow_eye_logpower,-0.1735599792813866,0.14824989022085172,3
B79,2,blink_amplitude,-0.2080318664007308,0.14824989022085172,3
B79,2,blink_event_count,0.4100679317859629,0.14824989022085172,3
B79,2,emg_rms_20_45hz,-0.34020637174275054,0.14824989022085172,3
B79,3,posterior_alpha_logpower,0.4095483826948375,0.13488043441437275,3
B79,3,frontal_midline_theta_logpower,-0.35554369702636307,0.13488043441437275,3
B79,3,aperiodic_offset,-0.21317363444677595,0.13488043441437275,3
B79,3,aperiodic_exponent,0.25280213383667377,0.13488043441437275,3
B79,3,alpha_peak_hz,-0.6046638999033366,0.13488043441437275,3
B79,3,slow_eye_logpower,0.14987678765495593,0.13488043441437275,3
B79,3,blink_amplitude,0.22487308221917565,0.13488043441437275,3
B79,3,blink_event_count,-0.35339023285956606,0.13488043441437275,3
B79,3,emg_rms_20_45hz,0.18158425408022924,0.13488043441437275,3
C83,1,posterior_alpha_logpower,0.4114444810517378,0.6470558091731746,3
C83,1,frontal_midline_theta_logpower,0.4114867340112518,0.6470558091731746,3
C83,1,aperiodic_offset,0.4113446128886587,0.6470558091731746,3
C83,1,aperiodic_exponent,0.12641709421734637,0.6470558091731746,3
C83,1,alpha_peak_hz,0.09952502309048346,0.6470558091731746,3
C83,1,slow_eye_logpower,0.4109274657567201,0.6470558091731746,3
C83,1,blink_amplitude,0.2320064631828832,0.6470558091731746,3
C83,1,blink_event_count,0.27258679191958773,0.6470558091731746,3
C83,1,emg_rms_20_45hz,0.4114720695987716,0.6470558091731746,3
C83,2,posterior_alpha_logpower,0.037448885078673104,0.13500938825148362,3
C83,2,frontal_midline_theta_logpower,0.041875992080833715,0.13500938825148362,3
C83,2,aperiodic_offset,0.045938323564817626,0.13500938825148362,3
C83,2,aperiodic_exponent,-0.6272844525175519,0.13500938825148362,3
C83,2,alpha_peak_hz,-0.43550185963379545,0.13500938825148362,3
C83,2,slow_eye_logpower,0.07627709007313488,0.13500938825148362,3
C83,2,blink_amplitude,0.5259239645923615,0.13500938825148362,3
C83,2,blink_event_count,-0.3575025285077952,0.13500938825148362,3
C83,2,emg_rms_20_45hz,0.03692871125404826,0.13500938825148362,3
C83,3,posterior_alpha_logpower,0.036681830768378484,0.09909802717925323,3
C83,3,frontal_midline_theta_logpower,0.037741189716299445,0.09909802717925323,3
C83,3,aperiodic_offset,0.03484252483609875,0.09909802717925323,3
C83,3,aperiodic_exponent,0.27547659076074593,0.09909802717925323,3
C83,3,alpha_peak_hz,-0.8917144017190958,0.09909802717925323,3
C83,3,slow_eye_logpower,0.01908722539130113,0.09909802717925323,3
C83,3,blink_amplitude,-0.2927841354954388,0.09909802717925323,3
C83,3,blink_event_count,0.19312390606692312,0.09909802717925323,3
C83,3,emg_rms_20_45hz,0.03987985453108138,0.09909802717925323,3
C87,1,posterior_alpha_logpower,0.0025024846730749627,0.4352337167834466,3
C87,1,frontal_midline_theta_logpower,0.37580973668079815,0.4352337167834466,3
C87,1,aperiodic_offset,0.4515666137979401,0.4352337167834466,3
C87,1,aperiodic_exponent,-0.39899300845804153,0.4352337167834466,3
C87,1,alpha_peak_hz,-0.16257223827824346,0.4352337167834466,3
C87,1,slow_eye_logpower,0.4604264244571913,0.4352337167834466,3
C87,1,blink_amplitude,0.4084931489090078,0.4352337167834466,3
C87,1,blink_event_count,-0.29819576825875316,0.4352337167834466,3
C87,1,emg_rms_20_45hz,0.03799155143946381,0.4352337167834466,3
C87,2,posterior_alpha_logpower,0.32933408938987235,0.13236739584216534,3
C87,2,frontal_midline_theta_logpower,0.2782586349066216,0.13236739584216534,3
C87,2,aperiodic_offset,0.2985978174757407,0.13236739584216534,3
C87,2,aperiodic_exponent,-0.3292846669377167,0.13236739584216534,3
C87,2,alpha_peak_hz,-0.2530295353063611,0.13236739584216534,3
C87,2,slow_eye_logpower,-0.21522275411958508,0.13236739584216534,3
C87,2,blink_amplitude,-0.3824050476579891,0.13236739584216534,3
C87,2,blink_event_count,0.5565448305277527,0.13236739584216534,3
C87,2,emg_rms_20_45hz,0.22405711926747904,0.13236739584216534,3
C87,3,posterior_alpha_logpower,0.479935933111948,0.11658104288956571,3
C87,3,frontal_midline_theta_logpower,-0.04769066163487115,0.11658104288956571,3
C87,3,aperiodic_offset,-0.22257596400778548,0.11658104288956571,3
C87,3,aperiodic_exponent,0.31357546296036787,0.11658104288956571,3
C87,3,alpha_peak_hz,-0.3759635188037473,0.11658104288956571,3
C87,3,slow_eye_logpower,0.05451379346462648,0.11658104288956571,3
C87,3,blink_amplitude,0.12982528093019,0.11658104288956571,3
C87,3,blink_event_count,-0.26641869241519955,0.11658104288956571,3
C87,3,emg_rms_20_45hz,0.6223854318587171,0.11658104288956571,3
A4,1,posterior_alpha_logpower,0.43146415549591666,0.5794493617234778,3
A4,1,frontal_midline_theta_logpower,0.431392016201784,0.5794493617234778,3
A4,1,aperiodic_offset,0.43077425597707986,0.5794493617234778,3
A4,1,aperiodic_exponent,0.01427091205210168,0.5794493617234778,3
A4,1,alpha_peak_hz,0.04580675088495938,0.5794493617234778,3
A4,1,slow_eye_logpower,0.43061265180262465,0.5794493617234778,3
A4,1,blink_amplitude,0.3366547052601706,0.5794493617234778,3
A4,1,blink_event_count,0.017692475809704566,0.5794493617234778,3
A4,1,emg_rms_20_45hz,0.3752260168790732,0.5794493617234778,3
A4,2,posterior_alpha_logpower,0.024674219198317252,0.135954998051347,3
A4,2,frontal_midline_theta_logpower,0.015557950711803895,0.135954998051347,3
A4,2,aperiodic_offset,-0.02072510499726519,0.135954998051347,3
A4,2,aperiodic_exponent,0.15654420155847526,0.135954998051347,3
A4,2,alpha_peak_hz,0.6482945581602703,0.135954998051347,3
A4,2,slow_eye_logpower,-0.056544355470087695,0.135954998051347,3
A4,2,blink_amplitude,-0.170480495599139,0.135954998051347,3
A4,2,blink_event_count,0.7182108325847387,0.135954998051347,3
A4,2,emg_rms_20_45hz,0.07642001282604678,0.135954998051347,3
A4,3,posterior_alpha_logpower,0.029591163800546424,0.11379896297253014,3
A4,3,frontal_midline_theta_logpower,0.04129479764066342,0.11379896297253014,3
A4,3,aperiodic_offset,0.05528464255093213,0.11379896297253014,3
A4,3,aperiodic_exponent,-0.9198275953548881,0.11379896297253014,3
A4,3,alpha_peak_hz,-0.16948211177908462,0.11379896297253014,3
A4,3,slow_eye_logpower,-0.0007951250596028615,0.11379896297253014,3
A4,3,blink_amplitude,-0.12130676347949955,0.11379896297253014,3
A4,3,blink_event_count,0.32374813363988963,0.11379896297253014,3
A4,3,emg_rms_20_45hz,0.00518676163531828,0.11379896297253014,3
A8,1,posterior_alpha_logpower,0.4111934575907863,0.6379854454642389,3
A8,1,frontal_midline_theta_logpower,0.4134061402567496,0.6379854454642389,3
A8,1,aperiodic_offset,0.41434989626168933,0.6379854454642389,3
A8,1,aperiodic_exponent,-0.08490636855410852,0.6379854454642389,3
A8,1,alpha_peak_hz,-0.0635012492543513,0.6379854454642389,3
A8,1,slow_eye_logpower,0.4113206275072972,0.6379854454642389,3
A8,1,blink_amplitude,0.37111062941079503,0.6379854454642389,3
A8,1,blink_event_count,-0.046859936700271304,0.6379854454642389,3
A8,1,emg_rms_20_45hz,0.4098589458342252,0.6379854454642389,3
A8,2,posterior_alpha_logpower,0.0424247624328554,0.12614406946436338,3
A8,2,frontal_midline_theta_logpower,0.04702670263726836,0.12614406946436338,3
A8,2,aperiodic_offset,-0.014877050762595358,0.12614406946436338,3
A8,2,aperiodic_exponent,0.7398429812251945,0.12614406946436338,3
A8,2,alpha_peak_hz,-0.5813583711725889,0.12614406946436338,3
A8,2,slow_eye_logpower,-0.03341085333210148,0.12614406946436338,3
A8,2,blink_amplitude,-0.0029476742189844442,0.12614406946436338,3
A8,2,blink_event_count,0.3248167546323467,0.12614406946436338,3
A8,2,emg_rms_20_45hz,0.06157281492662925,0.12614406946436338,3
A8,3,posterior_alpha_logpower,0.10604376074888341,0.1212436899788441,3
A8,3,frontal_midline_theta_logpower,0.07542681524566897,0.1212436899788441,3
A8,3,aperiodic_offset,0.07021301773791971,0.1212436899788441,3
A8,3,aperiodic_exponent,0.038296766337302945,0.1212436899788441,3
A8,3,alpha_peak_hz,0.529729814683764,0.1212436899788441,3
A8,3,slow_eye_logpower,-0.039864711475890366,0.1212436899788441,3
A8,3,blink_amplitude,-0.14154154276358794,0.1212436899788441,3
A8,3,blink_event_count,0.8153763711296897,0.1212436899788441,3
A8,3,emg_rms_20_45hz,0.09794641119459901,0.1212436899788441,3
A12,1,posterior_alpha_logpower,0.4151573931713097,0.6333767293212582,3
A12,1,frontal_midline_theta_logpower,0.41664534791027297,0.6333767293212582,3
A12,1,aperiodic_offset,0.4168763900521302,0.6333767293212582,3
A12,1,aperiodic_exponent,-0.012602326589099419,0.6333767293212582,3
A12,1,alpha_peak_hz,0.024516395789217153,0.6333767293212582,3
A12,1,slow_eye_logpower,0.4116270894564474,0.6333767293212582,3
A12,1,blink_amplitude,0.36420736641316953,0.6333767293212582,3
A12,1,blink_event_count,0.07701183404868735,0.6333767293212582,3
A12,1,emg_rms_20_45hz,0.41411412312494034,0.6333767293212582,3
A12,2,posterior_alpha_logpower,0.07734958867811612,0.15351603955633028,3
A12,2,frontal_midline_theta_logpower,0.03272127311795281,0.15351603955633028,3
A12,2,aperiodic_offset,-0.010906717612645183,0.15351603955633028,3
A12,2,aperiodic_exponent,0.6902370520453751,0.15351603955633028,3
A12,2,alpha_peak_hz,0.28817055542382464,0.15351603955633028,3
A12,2,slow_eye_logpower,-0.09203539318641793,0.15351603955633028,3
A12,2,blink_amplitude,-0.21295656225040294,0.15351603955633028,3
A12,2,blink_event_count,0.6121448696021644,0.15351603955633028,3
A12,2,emg_rms_20_45hz,0.06939447754310059,0.15351603955633028,3
A12,3,posterior_alpha_logpower,0.020885885245261148,0.11332227477613999,3
A12,3,frontal_midline_theta_logpower,0.03210179979064226,0.11332227477613999,3
A12,3,aperiodic_offset,0.02729629305061612,0.11332227477613999,3
A12,3,aperiodic_exponent,-0.08532944864552704,0.11332227477613999,3
A12,3,alpha_peak_hz,-0.8764559201298368,0.11332227477613999,3
A12,3,slow_eye_logpower,-0.030595787817391272,0.11332227477613999,3
A12,3,blink_amplitude,-0.13571165031875704,0.11332227477613999,3
A12,3,blink_event_count,0.44918426977631454,0.11332227477613999,3
A12,3,emg_rms_20_45hz,0.03481105309726612,0.11332227477613999,3
A16,1,posterior_alpha_logpower,0.4162478763321729,0.630338156503554,3
A16,1,frontal_midline_theta_logpower,0.41755610350337435,0.630338156503554,3
A16,1,aperiodic_offset,0.4173876524211857,0.630338156503554,3
A16,1,aperiodic_exponent,0.04447094262983162,0.630338156503554,3
A16,1,alpha_peak_hz,-0.010904790359714683,0.630338156503554,3
A16,1,slow_eye_logpower,0.41529956444096117,0.630338156503554,3
A16,1,blink_amplitude,0.3599699898435246,0.630338156503554,3
A16,1,blink_event_count,0.02921015446119198,0.630338156503554,3
A16,1,emg_rms_20_45hz,0.4161372602336204,0.630338156503554,3
A16,2,posterior_alpha_logpower,0.06621528031394514,0.1498735373076067,3
A16,2,frontal_midline_theta_logpower,0.01931079206625578,0.1498735373076067,3
A16,2,aperiodic_offset,-0.011009312314402789,0.1498735373076067,3
A16,2,aperiodic_exponent,0.693460552559865,0.1498735373076067,3
A16,2,alpha_peak_hz,0.32783026471194016,0.1498735373076067,3
A16,2,slow_eye_logpower,-0.06832396077186878,0.1498735373076067,3
A16,2,blink_amplitude,-0.22034052022108885,0.1498735373076067,3
A16,2,blink_event_count,0.5895460862700994,0.1498735373076067,3
A16,2,emg_rms_20_45hz,0.07732081404188597,0.1498735373076067,3
A16,3,posterior_alpha_logpower,0.01740675854913673,0.12004585852125432,3
A16,3,frontal_midline_theta_logpower,0.02660357665461633,0.12004585852125432,3
A16,3,aperiodic_offset,0.03383932072230381,0.12004585852125432,3
A16,3,aperiodic_exponent,-0.15653295912762477,0.12004585852125432,3
A16,3,alpha_peak_hz,-0.7957524467277549,0.12004585852125432,3
A16,3,slow_eye_logpower,-0.02068505079491091,0.12004585852125432,3
A16,3,blink_amplitude,-0.1485166232427466,0.12004585852125432,3
A16,3,blink_event_count,0.5629228977587558,0.12004585852125432,3
A16,3,emg_rms_20_45hz,0.02742961074561017,0.12004585852125432,3
A20,1,posterior_alpha_logpower,0.4129853237277859,0.6346509981966524,3
A20,1,frontal_midline_theta_logpower,0.4156612188969362,0.6346509981966524,3
A20,1,aperiodic_offset,0.41510314339961685,0.6346509981966524,3
A20,1,aperiodic_exponent,-0.0239322453098535,0.6346509981966524,3
A20,1,alpha_peak_hz,0.032711003293918905,0.6346509981966524,3
A20,1,slow_eye_logpower,0.4136617207297239,0.6346509981966524,3
A20,1,blink_amplitude,0.37393615576196526,0.6346509981966524,3
A20,1,blink_event_count,0.005014888236599041,0.6346509981966524,3
A20,1,emg_rms_20_45hz,0.41442258003289545,0.6346509981966524,3
A20,2,posterior_alpha_logpower,0.08709883203951652,0.14660424121118734,3
A20,2,frontal_midline_theta_logpower,0.043711737409574125,0.14660424121118734,3
A20,2,aperiodic_offset,-0.019318040131018913,0.14660424121118734,3
A20,2,aperiodic_exponent,0.6696748180105848,0.14660424121118734,3
A20,2,alpha_peak_hz,0.0005562215182215624,0.14660424121118734,3
A20,2,slow_eye_logpower,-0.056663725146635535,0.14660424121118734,3
A20,2,blink_amplitude,-0.11932524330167167,0.14660424121118734,3
A20,2,blink_event_count,0.7192702013036778,0.14660424121118734,3
A20,2,emg_rms_20_45hz,0.08286317406222336,0.14660424121118734,3
A20,3,posterior_alpha_logpower,0.05172227220448548,0.11424087818104307,3
A20,3,frontal_midline_theta_logpower,0.028048928798868035,0.11424087818104307,3
A20,3,aperiodic_offset,0.053814378642278615,0.11424087818104307,3
A20,3,aperiodic_exponent,-0.22751359327430448,0.11424087818104307,3
A20,3,alpha_peak_hz,-0.9466726144273142,0.11424087818104307,3
A20,3,slow_eye_logpower,-0.0009474902787560222,0.11424087818104307,3
A20,3,blink_amplitude,-0.10207392595812571,0.11424087818104307,3
A20,3,blink_event_count,0.1868622080445989,0.11424087818104307,3
A20,3,emg_rms_20_45hz,0.01879185668627359,0.11424087818104307,3
A24,1,posterior_alpha_logpower,0.4133372994231052,0.6401908255791783,3
A24,1,frontal_midline_theta_logpower,0.4134220654642192,0.6401908255791783,3
A24,1,aperiodic_offset,0.4125108657006502,0.6401908255791783,3
A24,1,aperiodic_exponent,0.07923004243849636,0.6401908255791783,3
A24,1,alpha_peak_hz,0.0029421897524951053,0.6401908255791783,3
A24,1,slow_eye_logpower,0.41253848891450556,0.6401908255791783,3
A24,1,blink_amplitude,0.37416982762168016,0.6401908255791783,3
A24,1,blink_event_count,-0.02081154599952701,0.6401908255791783,3
A24,1,emg_rms_20_45hz,0.41371368974361417,0.6401908255791783,3
A24,2,posterior_alpha_logpower,0.05157636543965843,0.12354924425339246,3
A24,2,frontal_midline_theta_logpower,0.021303304997217085,0.12354924425339246,3
A24,2,aperiodic_offset,-0.045353357689604516,0.12354924425339246,3
A24,2,aperiodic_exponent,0.7198050459063295,0.12354924425339246,3
A24,2,alpha_peak_hz,-0.413782960053806,0.12354924425339246,3
A24,2,slow_eye_logpower,-0.05405434244056718,0.12354924425339246,3
A24,2,blink_amplitude,-0.14513391272423,0.12354924425339246,3
A24,2,blink_event_count,0.5282837594276802,0.12354924425339246,3
A24,2,emg_rms_20_45hz,0.04923437308463968,0.12354924425339246,3
A24,3,posterior_alpha_logpower,0.011954918252357456,0.11487592214680421,3
A24,3,frontal_midline_theta_logpower,0.03120673498347816,0.11487592214680421,3
A24,3,aperiodic_offset,0.031160432190329337,0.11487592214680421,3
A24,3,aperiodic_exponent,-0.06327604104450081,0.11487592214680421,3
A24,3,alpha_peak_hz,0.7475964119241746,0.11487592214680421,3
A24,3,slow_eye_logpower,-0.02000704757070488,0.11487592214680421,3
A24,3,blink_amplitude,-0.037371524292231235,0.11487592214680421,3
A24,3,blink_event_count,0.6579003538617942,0.11487592214680421,3
A24,3,emg_rms_20_45hz,0.01944752433863748,0.11487592214680421,3
A28,1,posterior_alpha_logpower,0.40783909434420273,0.6610562000453343,3
A28,1,frontal_midline_theta_logpower,0.40838469469722893,0.6610562000453343,3
A28,1,aperiodic_offset,0.405493166603001,0.6610562000453343,3
A28,1,aperiodic_exponent,0.08962352379577357,0.6610562000453343,3
A28,1,alpha_peak_hz,0.03791001849764464,0.6610562000453343,3
A28,1,slow_eye_logpower,0.40818115365408575,0.6610562000453343,3
A28,1,blink_amplitude,0.39810561954880475,0.6610562000453343,3
A28,1,blink_event_count,-0.03606362919315894,0.6610562000453343,3
A28,1,emg_rms_20_45hz,0.4081598176137128,0.6610562000453343,3
A28,2,posterior_alpha_logpower,0.004055829386998928,0.11912394424164248,3
A28,2,frontal_midline_theta_logpower,-0.005726527151834978,0.11912394424164248,3
A28,2,aperiodic_offset,-0.06002526654773052,0.11912394424164248,3
A28,2,aperiodic_exponent,0.49561117567348206,0.11912394424164248,3
A28,2,alpha_peak_hz,0.7084399617257809,0.11912394424164248,3
A28,2,slow_eye_logpower,-0.015389122856110386,0.11912394424164248,3
A28,2,blink_amplitude,-0.06670499459036522,0.11912394424164248,3
A28,2,blink_event_count,0.4939913460934426,0.11912394424164248,3
A28,2,emg_rms_20_45hz,0.010783147377619694,0.11912394424164248,3
A28,3,posterior_alpha_logpower,0.025400556526476287,0.10911973881793176,3
A28,3,frontal_midline_theta_logpower,0.042671497572162174,0.10911973881793176,3
A28,3,aperiodic_offset,0.09901854465300045,0.10911973881793176,3
A28,3,aperiodic_exponent,-0.5406338710616145,0.10911973881793176,3
A28,3,alpha_peak_hz,-0.18077159200746415,0.10911973881793176,3
A28,3,slow_eye_logpower,0.027644870427857772,0.10911973881793176,3
A28,3,blink_amplitude,-0.007753531126536619,0.10911973881793176,3
A28,3,blink_event_count,0.8133311146948841,0.10911973881793176,3
A28,3,emg_rms_20_45hz,0.020834432682256133,0.10911973881793176,3
A32,1,posterior_alpha_logpower,0.4125716817657726,0.6213777403849255,3
A32,1,frontal_midline_theta_logpower,0.41865145799322345,0.6213777403849255,3
A32,1,aperiodic_offset,0.41998490177070247,0.6213777403849255,3
A32,1,aperiodic_exponent,-0.07093946293195191,0.6213777403849255,3
A32,1,alpha_peak_hz,-0.0018705067765236241,0.6213777403849255,3
A32,1,slow_eye_logpower,0.4179989337190381,0.6213777403849255,3
A32,1,blink_amplitude,0.35514177169080274,0.6213777403849255,3
A32,1,blink_event_count,-0.03865890954145343,0.6213777403849255,3
A32,1,emg_rms_20_45hz,0.4132179114416738,0.6213777403849255,3
A32,2,posterior_alpha_logpower,0.12550443040804984,0.16663243874234304,3
A32,2,frontal_midline_theta_logpower,0.060344623726728976,0.16663243874234304,3
A32,2,aperiodic_offset,0.007966852352958798,0.16663243874234304,3
A32,2,aperiodic_exponent,0.6352634816183244,0.16663243874234304,3
A32,2,alpha_peak_hz,0.444887560687045,0.16663243874234304,3
A32,2,slow_eye_logpower,-0.04890077194745382,0.16663243874234304,3
A32,2,blink_amplitude,-0.12159024934856459,0.16663243874234304,3
A32,2,blink_event_count,0.5883227990157653,0.16663243874234304,3
A32,2,emg_rms_20_45hz,0.12553832399495946,0.16663243874234304,3
A32,3,posterior_alpha_logpower,0.03267496227653462,0.10033635109298257,3
A32,3,frontal_midline_theta_logpower,0.044585585201499994,0.10033635109298257,3
A32,3,aperiodic_offset,0.028666146534292697,0.10033635109298257,3
A32,3,aperiodic_exponent,0.08489621178409036,0.10033635109298257,3
A32,3,alpha_peak_hz,-0.8489721871111285,0.10033635109298257,3
A32,3,slow_eye_logpower,-0.028395280643703377,0.10033635109298257,3
A32,3,blink_amplitude,-0.08408158072190511,0.10033635109298257,3
A32,3,blink_event_count,0.5074974603558521,0.10033635109298257,3
A32,3,emg_rms_20_45hz,0.05226764548581727,0.10033635109298257,3
A36,1,posterior_alpha_logpower,0.41280133163283217,0.6316011616150813,3
A36,1,frontal_midline_theta_logpower,0.4151714253091662,0.6316011616150813,3
A36,1,aperiodic_offset,0.417191558646135,0.6316011616150813,3
A36,1,aperiodic_exponent,-0.06836628662484673,0.6316011616150813,3
A36,1,alpha_peak_hz,0.009310270404727065,0.6316011616150813,3
A36,1,slow_eye_logpower,0.4150714252461831,0.6316011616150813,3
A36,1,blink_amplitude,0.3676519627706196,0.6316011616150813,3
A36,1,blink_event_count,-0.001630668683636427,0.6316011616150813,3
A36,1,emg_rms_20_45hz,0.41347721636881246,0.6316011616150813,3
A36,2,posterior_alpha_logpower,0.112061867302369,0.16525874293352974,3
A36,2,frontal_midline_theta_logpower,0.08073061471295327,0.16525874293352974,3
A36,2,aperiodic_offset,0.0022182212455636105,0.16525874293352974,3
A36,2,aperiodic_exponent,0.633495121299866,0.16525874293352974,3
A36,2,alpha_peak_hz,0.2532833322870514,0.16525874293352974,3
A36,2,slow_eye_logpower,-0.05672527913433032,0.16525874293352974,3
A36,2,blink_amplitude,-0.1594447264522989,0.16525874293352974,3
A36,2,blink_event_count,0.6897263959196727,0.16525874293352974,3
A36,2,emg_rms_20_45hz,0.10530142828783845,0.16525874293352974,3
A36,3,posterior_alpha_logpower,0.025662373972800773,0.10864793302046842,3
A36,3,frontal_midline_theta_logpower,0.02678988062574872,0.10864793302046842,3
A36,3,aperiodic_offset,-0.003969180398796958,0.10864793302046842,3
A36,3,aperiodic_exponent,0.290070791766592,0.10864793302046842,3
A36,3,alpha_peak_hz,-0.9526796676121705,0.10864793302046842,3
A36,3,slow_eye_logpower,-0.020831833076475716,0.10864793302046842,3
A36,3,blink_amplitude,-0.0014701382331499188,0.10864793302046842,3
A36,3,blink_event_count,0.06745470937022836,0.10864793302046842,3
A36,3,emg_rms_20_45hz,0.043383323471056355,0.10864793302046842,3
A40,1,posterior_alpha_logpower,0.4052255805160088,0.667892717619048,3
A40,1,frontal_midline_theta_logpower,0.40656659992628363,0.667892717619048,3
A40,1,aperiodic_offset,0.4070575226153528,0.667892717619048,3
A40,1,aperiodic_exponent,-0.11711783058676141,0.667892717619048,3
A40,1,alpha_peak_hz,0.038593374338054806,0.667892717619048,3
A40,1,slow_eye_logpower,0.40562259943877704,0.667892717619048,3
A40,1,blink_amplitude,0.40109420990057976,0.667892717619048,3
A40,1,blink_event_count,-0.021326535990330235,0.667892717619048,3
A40,1,emg_rms_20_45hz,0.4046392068118968,0.667892717619048,3
A40,2,posterior_alpha_logpower,0.03214693623134414,0.12560320626040022,3
A40,2,frontal_midline_theta_logpower,-0.006040615574768154,0.12560320626040022,3
A40,2,aperiodic_offset,-0.03526407284054395,0.12560320626040022,3
A40,2,aperiodic_exponent,0.6117369289427746,0.12560320626040022,3
A40,2,alpha_peak_hz,0.30352537800790225,0.12560320626040022,3
A40,2,slow_eye_logpower,0.0420608027245345,0.12560320626040022,3
A40,2,blink_amplitude,0.03040094563231353,0.12560320626040022,3
A40,2,blink_event_count,-0.7255630601741339,0.12560320626040022,3
A40,2,emg_rms_20_45hz,0.046922514675899404,0.12560320626040022,3
A40,3,posterior_alpha_logpower,0.014193095421520975,0.10915456538112074,3
A40,3,frontal_midline_theta_logpower,0.0022991001806254453,0.10915456538112074,3
A40,3,aperiodic_offset,-0.0006644597171935613,0.10915456538112074,3
A40,3,aperiodic_exponent,0.07432055604857259,0.10915456538112074,3
A40,3,alpha_peak_hz,-0.9411041661413684,0.10915456538112074,3
A40,3,slow_eye_logpower,0.03149830088625276,0.10915456538112074,3
A40,3,blink_amplitude,0.029978298821005802,0.10915456538112074,3
A40,3,blink_event_count,-0.326212645388321,0.10915456538112074,3
A40,3,emg_rms_20_45hz,0.016932239185074617,0.10915456538112074,3
A44,1,posterior_alpha_logpower,0.4062173601028099,0.6666352856248117,3
A44,1,frontal_midline_theta_logpower,0.406430387801639,0.6666352856248117,3
A44,1,aperiodic_offset,0.40656466762974264,0.6666352856248117,3
A44,1,aperiodic_exponent,-0.10971333673389769,0.6666352856248117,3
A44,1,alpha_peak_hz,0.07285583076086316,0.6666352856248117,3
A44,1,slow_eye_logpower,0.4065268687362436,0.6666352856248117,3
A44,1,blink_amplitude,0.3397959795886231,0.6666352856248117,3
A44,1,blink_event_count,0.20464828191226997,0.6666352856248117,3
A44,1,emg_rms_20_45hz,0.40565460293919736,0.6666352856248117,3
A44,2,posterior_alpha_logpower,0.025592400362582243,0.14153342731076712,3
A44,2,frontal_midline_theta_logpower,0.022329105424475092,0.14153342731076712,3
A44,2,aperiodic_offset,0.013733475139814143,0.14153342731076712,3
A44,2,aperiodic_exponent,0.6403245370703471,0.14153342731076712,3
A44,2,alpha_peak_hz,0.563486432240165,0.14153342731076712,3
A44,2,slow_eye_logpower,0.0023780604821620407,0.14153342731076712,3
A44,2,blink_amplitude,-0.28672751618085185,0.14153342731076712,3
A44,2,blink_event_count,0.43364984592796546,0.14153342731076712,3
A44,2,emg_rms_20_45hz,0.029237768072397263,0.14153342731076712,3
A44,3,posterior_alpha_logpower,0.026522751564142823,0.09482758820271037,3
A44,3,frontal_midline_theta_logpower,0.025023310240986203,0.09482758820271037,3
A44,3,aperiodic_offset,0.024697568430590247,0.09482758820271037,3
A44,3,aperiodic_exponent,0.16829098050253258,0.09482758820271037,3
A44,3,alpha_peak_hz,-0.7621805272931643,0.09482758820271037,3
A44,3,slow_eye_logpower,0.00463270830549845,0.09482758820271037,3
A44,3,blink_amplitude,-0.2524825417589804,0.09482758820271037,3
A44,3,blink_event_count,0.5695599941618851,0.09482758820271037,3
A44,3,emg_rms_20_45hz,0.02553261786950507,0.09482758820271037,3
A48,1,posterior_alpha_logpower,0.402247063355154,0.682635981790868,3
A48,1,frontal_midline_theta_logpower,0.40224327588042486,0.682635981790868,3
A48,1,aperiodic_offset,0.4023477658290823,0.682635981790868,3
A48,1,aperiodic_exponent,-0.0346617345464148,0.682635981790868,3
A48,1,alpha_peak_hz,0.007079865222795133,0.682635981790868,3
A48,1,slow_eye_logpower,0.4022590501363939,0.682635981790868,3
A48,1,blink_amplitude,0.3749117046395211,0.682635981790868,3
A48,1,blink_event_count,0.2231644569415078,0.682635981790868,3
A48,1,emg_rms_20_45hz,0.40135876407000626,0.682635981790868,3
A48,2,posterior_alpha_logpower,0.00974007400855089,0.13352922334387898,3
A48,2,frontal_midline_theta_logpower,0.007428426784299561,0.13352922334387898,3
A48,2,aperiodic_offset,-0.004612604820527303,0.13352922334387898,3
A48,2,aperiodic_exponent,0.716415591434162,0.13352922334387898,3
A48,2,alpha_peak_hz,0.6725507827609414,0.13352922334387898,3
A48,2,slow_eye_logpower,0.0026244612908190353,0.13352922334387898,3
A48,2,blink_amplitude,-0.07299696799192183,0.13352922334387898,3
A48,2,blink_event_count,0.16983610335267343,0.13352922334387898,3
A48,2,emg_rms_20_45hz,0.008548165485805267,0.13352922334387898,3
A48,3,posterior_alpha_logpower,0.009396668636506362,0.0956025288507649,3
A48,3,frontal_midline_theta_logpower,0.009281619987240038,0.0956025288507649,3
A48,3,aperiodic_offset,0.020074281134013935,0.0956025288507649,3
A48,3,aperiodic_exponent,-0.49332738088543293,0.0956025288507649,3
A48,3,alpha_peak_hz,0.6753450354304107,0.0956025288507649,3
A48,3,slow_eye_logpower,0.01876827951329623,0.0956025288507649,3
A48,3,blink_amplitude,0.18121211756666222,0.0956025288507649,3
A48,3,blink_event_count,-0.5164657854602488,0.0956025288507649,3
A48,3,emg_rms_20_45hz,0.0057243649571363546,0.0956025288507649,3
A52,1,posterior_alpha_logpower,0.39396331437111387,0.7081938347220069,3
A52,1,frontal_midline_theta_logpower,0.39409915322219213,0.7081938347220069,3
A52,1,aperiodic_offset,0.394307181471911,0.7081938347220069,3
A52,1,aperiodic_exponent,-0.19290795704191405,0.7081938347220069,3
A52,1,alpha_peak_hz,0.02780312959846679,0.7081938347220069,3
A52,1,slow_eye_logpower,0.3942282389694951,0.7081938347220069,3
A52,1,blink_amplitude,0.33867316814163567,0.7081938347220069,3
A52,1,blink_event_count,0.26676476603220745,0.7081938347220069,3
A52,1,emg_rms_20_45hz,0.3933640266688109,0.7081938347220069,3
A52,2,posterior_alpha_logpower,0.02336183767084213,0.11766153346704049,3
A52,2,frontal_midline_theta_logpower,0.024772975246809492,0.11766153346704049,3
A52,2,aperiodic_offset,0.021206078807813757,0.11766153346704049,3
A52,2,aperiodic_exponent,0.4422212527863786,0.11766153346704049,3
A52,2,alpha_peak_hz,0.86289421366765,0.11766153346704049,3
A52,2,slow_eye_logpower,0.017180646308275663,0.11766153346704049,3
A52,2,blink_amplitude,-0.11558006838579724,0.11766153346704049,3
A52,2,blink_event_count,0.20947879471719447,0.11766153346704049,3
A52,2,emg_rms_20_45hz,0.026635949594282952,0.11766153346704049,3
A52,3,posterior_alpha_logpower,0.05626484330118602,0.09187517284596843,3
A52,3,frontal_midline_theta_logpower,0.05217600445521264,0.09187517284596843,3
A52,3,aperiodic_offset,0.049366537133520676,0.09187517284596843,3
A52,3,aperiodic_exponent,0.5808251175686662,0.09187517284596843,3
A52,3,alpha_peak_hz,-0.4830158351349785,0.09187517284596843,3
A52,3,slow_eye_logpower,0.027421693865784445,0.09187517284596843,3
A52,3,blink_amplitude,-0.33423989867495263,0.09187517284596843,3
A52,3,blink_event_count,0.5535814008785372,0.09187517284596843,3
A52,3,emg_rms_20_45hz,0.045739875706836824,0.09187517284596843,3
A56,1,posterior_alpha_logpower,0.39310742138243393,0.7123463734955361,3
A56,1,frontal_midline_theta_logpower,0.3934109387685535,0.7123463734955361,3
A56,1,aperiodic_offset,0.39352682666384253,0.7123463734955361,3
A56,1,aperiodic_exponent,-0.16796400955207996,0.7123463734955361,3
A56,1,alpha_peak_hz,-0.055619164174661534,0.7123463734955361,3
A56,1,slow_eye_logpower,0.3932254738914091,0.7123463734955361,3
A56,1,blink_amplitude,0.3496193610934825,0.7123463734955361,3
A56,1,blink_event_count,0.2714669059177792,0.7123463734955361,3
A56,1,emg_rms_20_45hz,0.39239186192093256,0.7123463734955361,3
A56,2,posterior_alpha_logpower,0.055567956374333725,0.12142004709374296,3
A56,2,frontal_midline_theta_logpower,0.05091161532488809,0.12142004709374296,3
A56,2,aperiodic_offset,0.046123490988583746,0.12142004709374296,3
A56,2,aperiodic_exponent,0.5565471436157344,0.12142004709374296,3
A56,2,alpha_peak_hz,0.803224663381645,0.12142004709374296,3
A56,2,slow_eye_logpower,0.048949049463883024,0.12142004709374296,3
A56,2,blink_amplitude,-0.03259642195524126,0.12142004709374296,3
A56,2,blink_event_count,0.17435549275266102,0.12142004709374296,3
A56,2,emg_rms_20_45hz,0.058479708243981035,0.12142004709374296,3
A56,3,posterior_alpha_logpower,0.02211200610713004,0.08969667373960798,3
A56,3,frontal_midline_theta_logpower,0.019875085199563058,0.08969667373960798,3
A56,3,aperiodic_offset,0.013772613790303081,0.08969667373960798,3
A56,3,aperiodic_exponent,0.6256119050593767,0.08969667373960798,3
A56,3,alpha_peak_hz,-0.554395448169478,0.08969667373960798,3
A56,3,slow_eye_logpower,-0.00016669698890322236,0.08969667373960798,3
A56,3,blink_amplitude,-0.2572188482813961,0.08969667373960798,3
A56,3,blink_event_count,0.4829115226082084,0.08969667373960798,3
A56,3,emg_rms_20_45hz,0.028577687339588573,0.08969667373960798,3
A60,1,posterior_alpha_logpower,0.3870905748582093,0.7368044369651561,3
A60,1,frontal_midline_theta_logpower,0.3869751630167878,0.7368044369651561,3
A60,1,aperiodic_offset,0.3868634728039845,0.7368044369651561,3
A60,1,aperiodic_exponent,0.15909724293773891,0.7368044369651561,3
A60,1,alpha_peak_hz,-0.004209619982336739,0.7368044369651561,3
A60,1,slow_eye_logpower,0.3868319081060168,0.7368044369651561,3
A60,1,blink_amplitude,0.34961701406498585,0.7368044369651561,3
A60,1,blink_event_count,0.32252694517507524,0.7368044369651561,3
A60,1,emg_rms_20_45hz,0.3866826836654331,0.7368044369651561,3
A60,2,posterior_alpha_logpower,0.00907862487959321,0.11181277917023458,3
A60,2,frontal_midline_theta_logpower,0.007039795274254272,0.11181277917023458,3
A60,2,aperiodic_offset,0.008064189617483222,0.11181277917023458,3
A60,2,aperiodic_exponent,-0.1931700563450955,0.11181277917023458,3
A60,2,alpha_peak_hz,-0.9807036828165101,0.11181277917023458,3
A60,2,slow_eye_logpower,0.006054966346774146,0.11181277917023458,3
A60,2,blink_amplitude,0.015966096495267826,0.11181277917023458,3
A60,2,blink_event_count,0.01847721372895468,0.11181277917023458,3
A60,2,emg_rms_20_45hz,0.008695875943794602,0.11181277917023458,3
A60,3,posterior_alpha_logpower,0.06526981153199775,0.0962065896979188,3
A60,3,frontal_midline_theta_logpower,0.07066049907365392,0.0962065896979188,3
A60,3,aperiodic_offset,0.07558421432731785,0.0962065896979188,3
A60,3,aperiodic_exponent,-0.9474015624053471,0.0962065896979188,3
A60,3,alpha_peak_hz,0.18964242991141092,0.0962065896979188,3
A60,3,slow_eye_logpower,0.07388820574949737,0.0962065896979188,3
A60,3,blink_amplitude,0.1616337617419804,0.0962065896979188,3
A60,3,blink_event_count,-0.1253997792707297,0.0962065896979188,3
A60,3,emg_rms_20_45hz,0.06472986885568506,0.0962065896979188,3
B64,1,posterior_alpha_logpower,0.09611429737248252,0.28747742105713836,3
B64,1,frontal_midline_theta_logpower,0.20088827079434807,0.28747742105713836,3
B64,1,aperiodic_offset,0.4398785201332618,0.28747742105713836,3
B64,1,aperiodic_exponent,-0.3439535032765123,0.28747742105713836,3
B64,1,alpha_peak_hz,0.031840722407852434,0.28747742105713836,3
B64,1,slow_eye_logpower,0.5005376813260175,0.28747742105713836,3
B64,1,blink_amplitude,0.44493044339498566,0.28747742105713836,3
B64,1,blink_event_count,-0.43475685910898276,0.28747742105713836,3
B64,1,emg_rms_20_45hz,0.008966134863552674,0.28747742105713836,3
B64,2,posterior_alpha_logpower,0.30299996010797814,0.1901609442125667,3
B64,2,frontal_midline_theta_logpower,0.2568117272756617,0.1901609442125667,3
B64,2,aperiodic_offset,0.4664650086485357,0.1901609442125667,3
B64,2,aperiodic_exponent,-0.4826232208937138,0.1901609442125667,3
B64,2,alpha_peak_hz,-0.27657017127416195,0.1901609442125667,3
B64,2,slow_eye_logpower,-0.3573194073480812,0.1901609442125667,3
B64,2,blink_amplitude,-0.3068816341419123,0.1901609442125667,3
B64,2,blink_event_count,0.2953490436919039,0.1901609442125667,3
B64,2,emg_rms_20_45hz,0.07841154111110622,0.1901609442125667,3
B64,3,posterior_alpha_logpower,0.44978047812419547,0.1474742334909032,3
B64,3,frontal_midline_theta_logpower,0.47642784545232686,0.1474742334909032,3
B64,3,aperiodic_offset,-0.22504590177591338,0.1474742334909032,3
B64,3,aperiodic_exponent,0.41856994206269205,0.1474742334909032,3
B64,3,alpha_peak_hz,-0.32713707444611306,0.1474742334909032,3
B64,3,slow_eye_logpower,0.08030659970713978,0.1474742334909032,3
B64,3,blink_amplitude,0.1754745301704605,0.1474742334909032,3
B64,3,blink_event_count,0.018043224627840124,0.1474742334909032,3
B64,3,emg_rms_20_45hz,0.447529765651767,0.1474742334909032,3
B68,1,posterior_alpha_logpower,0.07910133978593947,0.25341398018947225,3
B68,1,frontal_midline_theta_logpower,0.2797370132538892,0.25341398018947225,3
B68,1,aperiodic_offset,0.5612442486979037,0.25341398018947225,3
B68,1,aperiodic_exponent,-0.4839875432581074,0.25341398018947225,3
B68,1,alpha_peak_hz,0.01273962236216522,0.25341398018947225,3
B68,1,slow_eye_logpower,0.4269442420797042,0.25341398018947225,3
B68,1,blink_amplitude,0.38106481136281767,0.25341398018947225,3
B68,1,blink_event_count,-0.12581756072337674,0.25341398018947225,3
B68,1,emg_rms_20_45hz,0.150887374773589,0.25341398018947225,3
B68,2,posterior_alpha_logpower,0.2560735971012637,0.2092137304623732,3
B68,2,frontal_midline_theta_logpower,-0.31394957348428765,0.2092137304623732,3
B68,2,aperiodic_offset,-0.31279448874736704,0.2092137304623732,3
B68,2,aperiodic_exponent,0.39359700104768236,0.2092137304623732,3
B68,2,alpha_peak_hz,0.09120166921420483,0.2092137304623732,3
B68,2,slow_eye_logpower,0.4439830331659742,0.2092137304623732,3
B68,2,blink_amplitude,0.4244501537429607,0.2092137304623732,3
B68,2,blink_event_count,-0.39042571320118136,0.2092137304623732,3
B68,2,emg_rms_20_45hz,0.2123067073938264,0.2092137304623732,3
B68,3,posterior_alpha_logpower,0.6624149876145209,0.12559066620830597,3
B68,3,frontal_midline_theta_logpower,-0.08389696432332339,0.12559066620830597,3
B68,3,aperiodic_offset,0.04542223930784855,0.12559066620830597,3
B68,3,aperiodic_exponent,-0.053632440656252674,0.12559066620830597,3
B68,3,alpha_peak_hz,-0.47166345565787793,0.12559066620830597,3
B68,3,slow_eye_logpower,-0.16265596588871653,0.12559066620830597,3
B68,3,blink_amplitude,-0.12086394492617632,0.12559066620830597,3
B68,3,blink_event_count,0.2436329368932934,0.12559066620830597,3
B68,3,emg_rms_20_45hz,0.47575160039857867,0.12559066620830597,3
B72,1,posterior_alpha_logpower,0.16803963953028617,0.38092170146514387,3
B72,1,frontal_midline_theta_logpower,0.2079269471427877,0.38092170146514387,3
B72,1,aperiodic_offset,0.45013567697976714,0.38092170146514387,3
B72,1,aperiodic_exponent,-0.43239841004481905,0.38092170146514387,3
B72,1,alpha_peak_hz,-0.02360567383798562,0.38092170146514387,3
B72,1,slow_eye_logpower,0.46781149319561033,0.38092170146514387,3
B72,1,blink_amplitude,0.43818730493521485,0.38092170146514387,3
B72,1,blink_event_count,-0.3545229595607451,0.38092170146514387,3
B72,1,emg_rms_20_45hz,0.04288458270454723,0.38092170146514387,3
B72,2,posterior_alpha_logpower,0.35027920738973356,0.1537778524240272,3
B72,2,frontal_midline_theta_logpower,-0.35826240766388195,0.1537778524240272,3
B72,2,aperiodic_offset,0.2696105257825641,0.1537778524240272,3
B72,2,aperiodic_exponent,-0.3261132240966072,0.1537778524240272,3
B72,2,alpha_peak_hz,0.46905478859265093,0.1537778524240272,3
B72,2,slow_eye_logpower,-0.09741390348288567,0.1537778524240272,3
B72,2,blink_amplitude,-0.18664191355463544,0.1537778524240272,3
B72,2,blink_event_count,0.2456119856707962,0.1537778524240272,3
B72,2,emg_rms_20_45hz,-0.4952277646577443,0.1537778524240272,3
B72,3,posterior_alpha_logpower,0.6010607289636563,0.11827426387880897,3
B72,3,frontal_midline_theta_logpower,-0.05470815017953745,0.11827426387880897,3
B72,3,aperiodic_offset,-0.1787608603517597,0.11827426387880897,3
B72,3,aperiodic_exponent,0.18856840802225833,0.11827426387880897,3
B72,3,alpha_peak_hz,-0.6188359676084922,0.11827426387880897,3
B72,3,slow_eye_logpower,0.04477957860848825,0.11827426387880897,3
B72,3,blink_amplitude,0.1751934417554472,0.11827426387880897,3
B72,3,blink_event_count,0.06611314742982624,0.11827426387880897,3
B72,3,emg_rms_20_45hz,-0.3849580145163519,0.11827426387880897,3
B76,1,posterior_alpha_logpower,0.01031608789717323,0.34177766694910894,3
B76,1,frontal_midline_theta_logpower,0.25519327079944226,0.34177766694910894,3
B76,1,aperiodic_offset,0.4808174799830088,0.34177766694910894,3
B76,1,aperiodic_exponent,-0.45161288951932554,0.34177766694910894,3
B76,1,alpha_peak_hz,-0.14474678058756868,0.34177766694910894,3
B76,1,slow_eye_logpower,0.4428273066287368,0.34177766694910894,3
B76,1,blink_amplitude,0.39823956193495935,0.34177766694910894,3
B76,1,blink_event_count,-0.3494877046228051,0.34177766694910894,3
B76,1,emg_rms_20_45hz,-0.042968168133885584,0.34177766694910894,3
B76,2,posterior_alpha_logpower,0.4835322146406182,0.22174070061664056,3
B76,2,frontal_midline_theta_logpower,0.40124344088434505,0.22174070061664056,3
B76,2,aperiodic_offset,0.28265574969865664,0.22174070061664056,3
B76,2,aperiodic_exponent,-0.2915411587532976,0.22174070061664056,3
B76,2,alpha_peak_hz,-0.275924016742735,0.22174070061664056,3
B76,2,slow_eye_logpower,-0.3327670218287542,0.22174070061664056,3
B76,2,blink_amplitude,-0.3796920099032388,0.22174070061664056,3
B76,2,blink_event_count,0.3293341360973211,0.22174070061664056,3
B76,2,emg_rms_20_45hz,0.02854521065873806,0.22174070061664056,3
B76,3,posterior_alpha_logpower,0.38392871599687534,0.11911860197058363,3
B76,3,frontal_midline_theta_logpower,-0.06700972085184342,0.11911860197058363,3
B76,3,aperiodic_offset,-0.20723169531966062,0.11911860197058363,3
B76,3,aperiodic_exponent,0.285723962496197,0.11911860197058363,3
B76,3,alpha_peak_hz,-0.4997586298499776,0.11911860197058363,3
B76,3,slow_eye_logpower,-0.02101523678998195,0.11911860197058363,3
B76,3,blink_amplitude,0.15052178116072146,0.11911860197058363,3
B76,3,blink_event_count,-0.2641661175318237,0.11911860197058363,3
B76,3,emg_rms_20_45hz,-0.6171583326118665,0.11911860197058363,3
B80,1,posterior_alpha_logpower,0.019545446717390863,0.43158991659103446,3
B80,1,frontal_midline_theta_logpower,-0.40081025552558347,0.43158991659103446,3
B80,1,aperiodic_offset,-0.4662516124343983,0.43158991659103446,3
B80,1,aperiodic_exponent,0.4601937481330064,0.43158991659103446,3
B80,1,alpha_peak_hz,0.09414885980218819,0.43158991659103446,3
B80,1,slow_eye_logpower,-0.46209883388780554,0.43158991659103446,3
B80,1,blink_amplitude,-0.2681602562983315,0.43158991659103446,3
B80,1,blink_event_count,0.3304705539289136,0.43158991659103446,3
B80,1,emg_rms_20_45hz,0.07924779179990395,0.43158991659103446,3
B80,2,posterior_alpha_logpower,0.5684287927616203,0.1370724976896216,3
B80,2,frontal_midline_theta_logpower,0.29140634115151176,0.1370724976896216,3
B80,2,aperiodic_offset,0.2648975740656262,0.1370724976896216,3
B80,2,aperiodic_exponent,-0.2375540733501711,0.1370724976896216,3
B80,2,alpha_peak_hz,-0.13617711691960005,0.1370724976896216,3
B80,2,slow_eye_logpower,-0.18937796757578196,0.1370724976896216,3
B80,2,blink_amplitude,-0.4863413987120663,0.1370724976896216,3
B80,2,blink_event_count,0.3485031995448908,0.1370724976896216,3
B80,2,emg_rms_20_45hz,0.23016891930762304,0.1370724976896216,3
B80,3,posterior_alpha_logpower,0.5175927462311628,0.11638248987576282,3
B80,3,frontal_midline_theta_logpower,-0.062033825868941725,0.11638248987576282,3
B80,3,aperiodic_offset,-0.019368634762614672,0.11638248987576282,3
B80,3,aperiodic_exponent,0.061798239664578716,0.11638248987576282,3
B80,3,alpha_peak_hz,0.8031290172907396,0.11638248987576282,3
B80,3,slow_eye_logpower,0.10821393125560112,0.11638248987576282,3
B80,3,blink_amplitude,0.17167423052287015,0.11638248987576282,3
B80,3,blink_event_count,-0.17686439637916296,0.11638248987576282,3
B80,3,emg_rms_20_45hz,0.08109166168213885,0.11638248987576282,3
C84,1,posterior_alpha_logpower,0.20553439186002867,0.3742109454104122,3
C84,1,frontal_midline_theta_logpower,0.18267969159873132,0.3742109454104122,3
C84,1,aperiodic_offset,0.48684305577838294,0.3742109454104122,3
C84,1,aperiodic_exponent,-0.4635522730883084,0.3742109454104122,3
C84,1,alpha_peak_hz,-0.19886561173361844,0.3742109454104122,3
C84,1,slow_eye_logpower,0.4685299086472151,0.3742109454104122,3
C84,1,blink_amplitude,0.3032409624306077,0.3742109454104122,3
C84,1,blink_event_count,-0.33091830397224753,0.3742109454104122,3
C84,1,emg_rms_20_45hz,0.10934834780775596,0.3742109454104122,3
C84,2,posterior_alpha_logpower,0.47905992433703,0.1333257251034202,3
C84,2,frontal_midline_theta_logpower,0.17433264243306876,0.1333257251034202,3
C84,2,aperiodic_offset,0.10011268139974608,0.1333257251034202,3
C84,2,aperiodic_exponent,-0.16992774563415658,0.1333257251034202,3
C84,2,alpha_peak_hz,-0.5600850347899872,0.1333257251034202,3
C84,2,slow_eye_logpower,-0.25956078323155823,0.1333257251034202,3
C84,2,blink_amplitude,-0.448472470409958,0.1333257251034202,3
C84,2,blink_event_count,0.26373848034540975,0.1333257251034202,3
C84,2,emg_rms_20_45hz,-0.22239411378260826,0.1333257251034202,3
C84,3,posterior_alpha_logpower,0.02612621831341257,0.1163933660732569,3
C84,3,frontal_midline_theta_logpower,0.5929181574191963,0.1163933660732569,3
C84,3,aperiodic_offset,-0.05263140905516894,0.1163933660732569,3
C84,3,aperiodic_exponent,0.18671384810269961,0.1163933660732569,3
C84,3,alpha_peak_hz,0.16241162231447834,0.1163933660732569,3
C84,3,slow_eye_logpower,0.03445741476875683,0.1163933660732569,3
C84,3,blink_amplitude,0.3007010036861639,0.1163933660732569,3
C84,3,blink_event_count,-0.0005172953516311557,0.1163933660732569,3
C84,3,emg_rms_20_45hz,-0.701531997359423,0.1163933660732569,3
